50_50_shot,ball_receipt_outcome_shot,ball_recovery_offensive_shot,ball_recovery_recovery_failure_shot,block_deflection_shot,carry_end_location_shot,clearance_aerial_won_shot,clearance_body_part_shot,clearance_head_shot,clearance_left_foot_shot,clearance_right_foot_shot,counterpress_shot,dribble_no_touch_shot,dribble_nutmeg_shot,dribble_outcome_shot,dribble_overrun_shot,duel_outcome_shot,duel_type_shot,duration_shot,foul_committed_advantage_shot,foul_committed_card_shot,foul_committed_offensive_shot,foul_committed_type_shot,foul_won_advantage_shot,foul_won_defensive_shot,goalkeeper_body_part_shot,goalkeeper_end_location_shot,goalkeeper_outcome_shot,goalkeeper_position_shot,goalkeeper_technique_shot,goalkeeper_type_shot,id_shot,index_shot,interception_outcome_shot,location_shot,match_id_shot,minute_shot,miscontrol_aerial_won_shot,off_camera_shot,out_shot,pass_aerial_won_shot,pass_angle_shot,pass_assisted_shot_id_shot,pass_body_part_shot,pass_cross_shot,pass_cut_back_shot,pass_end_location_shot,pass_goal_assist_shot,pass_height_shot,pass_inswinging_shot,pass_length_shot,pass_outcome_shot,pass_recipient_shot,pass_shot_assist_shot,pass_straight_shot,pass_switch_shot,pass_technique_shot,pass_through_ball_shot,pass_type_shot,period_shot,play_pattern_shot,player_shot,player_id_shot,position_shot,possession_shot,possession_team_shot,possession_team_id_shot,related_events_shot,second_shot,shot_aerial_won_shot,shot_body_part_shot,shot_end_location_shot,shot_first_time_shot,shot_freeze_frame_shot,shot_key_pass_id_shot,shot_one_on_one_shot,shot_open_goal_shot,shot_outcome_shot,shot_statsbomb_xg_shot,shot_technique_shot,shot_type_shot,substitution_outcome_shot,substitution_replacement_shot,tactics_shot,team_shot,team_id_shot,timestamp_shot,type_shot,under_pressure_shot,comp_shot,play_before_type,50_50_pass,ball_receipt_outcome_pass,ball_recovery_offensive_pass,ball_recovery_recovery_failure_pass,block_deflection_pass,carry_end_location_pass,clearance_aerial_won_pass,clearance_body_part_pass,clearance_head_pass,clearance_left_foot_pass,clearance_right_foot_pass,counterpress_pass,dribble_no_touch_pass,dribble_nutmeg_pass,dribble_outcome_pass,dribble_overrun_pass,duel_outcome_pass,duel_type_pass,duration_pass,foul_committed_advantage_pass,foul_committed_card_pass,foul_committed_offensive_pass,foul_committed_type_pass,foul_won_advantage_pass,foul_won_defensive_pass,goalkeeper_body_part_pass,goalkeeper_end_location_pass,goalkeeper_outcome_pass,goalkeeper_position_pass,goalkeeper_technique_pass,goalkeeper_type_pass,id_pass,index_pass,interception_outcome_pass,location_pass,match_id_pass,minute_pass,miscontrol_aerial_won_pass,off_camera_pass,out_pass,pass_aerial_won_pass,pass_angle_pass,pass_assisted_shot_id_pass,pass_body_part_pass,pass_cross_pass,pass_cut_back_pass,pass_end_location_pass,pass_goal_assist_pass,pass_height_pass,pass_inswinging_pass,pass_length_pass,pass_outcome_pass,pass_recipient_pass,pass_shot_assist_pass,pass_straight_pass,pass_switch_pass,pass_technique_pass,pass_through_ball_pass,pass_type_pass,period_pass,play_pattern_pass,player_pass,player_id_pass,position_pass,possession_pass,possession_team_pass,possession_team_id_pass,related_events_pass,second_pass,shot_aerial_won_pass,shot_body_part_pass,shot_end_location_pass,shot_first_time_pass,shot_freeze_frame_pass,shot_key_pass_id_pass,shot_one_on_one_pass,shot_open_goal_pass,shot_outcome_pass,shot_statsbomb_xg_pass,shot_technique_pass,shot_type_pass,substitution_outcome_pass,substitution_replacement_pass,tactics_pass,team_pass,team_id_pass,timestamp_pass,type_pass,under_pressure_pass,comp_pass,shot_event,goalkeeper_position,league,season
,,,,,,,,,,,,,,,,,,0.394586,,,,,,,,,,,,,041d99d4-1de5-435a-9621-f280b5abf0b4,1676,,"[107.2, 44.1]",3888706,46,,,True,,,,,,,,,,,,,,,,,,,,2,From Throw In,Johnny Rep,397727.0,Right Wing,131,Ajax,806,"['a0f925a1-4eb6-4a9b-b442-fee03671ce1c', 'a268165c-f41a-4823-8d10-900b954fd0e8']",41,,Right Foot,"[120.0, 17.8]",True,"[{'location': [104.9, 36.4], 'player': {'id': 39719, 'name': 'Arie Haan'}, 'position': {'id': 10, 'name': 'Center Defensive Midfield'}, 'teammate': True}, {'location': [104.6, 34.2], 'player': {'id': 397728, 'name': 'Sandro Salvadore'}, 'position': {'id': 5, 'name': 'Left Center Back'}, 'teammate': False}, {'location': [107.7, 38.4], 'player': {'id': 397730, 'name': 'Francesco Morini'}, 'position': {'id': 3, 'name': 'Right Center Back'}, 'teammate': False}, {'location': [108.0, 44.5], 'player': {'id': 397731, 'name': 'Silvio Longobucco'}, 'position': {'id': 6, 'name': 'Left Back'}, 'teammate': False}, {'location': [118.1, 41.7], 'player': {'id': 397668, 'name': 'Dino Zoff'}, 'position': {'id': 1, 'name': 'Goalkeeper'}, 'teammate': False}]",095eadb0-4279-4543-b56d-65d783c671c9,,,Wayward,0.12932181,Half Volley,Open Play,,,,Ajax,806,00:01:41.479,Shot,True,Champions League,Ball Receipt*,,,,,,,,,,,,,,,,,,,1.70923,,,,,,,,,,,,,095eadb0-4279-4543-b56d-65d783c671c9,1673.0,,"[90.8, 13.8]",3888706.0,46.0,,,,,1.0622199,041d99d4-1de5-435a-9621-f280b5abf0b4,Right Foot,True,,"[106.8, 42.5]",,Low Pass,,32.858635,,Johnny Rep,True,,,,,,2.0,From Throw In,Piet Keizer,39716.0,Left Wing,131.0,Ajax,806.0,['55e9dddc-9cc1-4eae-ab70-0ef0aca91b1b'],39.0,,,,,,,,,,,,,,,,Ajax,806.0,00:01:39.770,Pass,,Champions League,041d99d4-1de5-435a-9621-f280b5abf0b4,Set,Champions League,1972/1973
,,,,,,,,,,,,,,,,,,1.077705,,,,,,,,,,,,,8a7fea6e-1d8d-46ce-8c52-df4e8db743fb,1724,,"[98.0, 31.1]",3888706,47,,,,,,,,,,,,,,,,,,,,,,,2,From Throw In,Gerrie Mühren,39724.0,Left Center Midfield,135,Juventus,224,['8dcf41c9-60d9-4308-a198-390b8e9f5b70'],56,,Left Foot,"[120.0, 34.3, 3.9]",,"[{'location': [101.1, 52.8], 'player': {'id': 397727, 'name': 'Johnny Rep'}, 'position': {'id': 17, 'name': 'Right Wing'}, 'teammate': True}, {'location': [98.9, 39.1], 'player': {'id': 397673, 'name': 'Giuseppe Furino'}, 'position': {'id': 10, 'name': 'Center Defensive Midfield'}, 'teammate': False}, {'location': [105.3, 51.3], 'player': {'id': 397728, 'name': 'Sandro Salvadore'}, 'position': {'id': 5, 'name': 'Left Center Back'}, 'teammate': False}, {'location': [102.2, 32.9], 'player': {'id': 397730, 'name': 'Francesco Morini'}, 'position': {'id': 3, 'name': 'Right Center Back'}, 'teammate': False}, {'location': [104.7, 30.0], 'player': {'id': 397729, 'name': 'Gianpietro Marchetti'}, 'position': {'id': 2, 'name': 'Right Back'}, 'teammate': False}, {'location': [95.1, 28.0], 'player': {'id': 397732, 'name': 'Franco Causio'}, 'position': {'id': 13, 'name': 'Right Center Midfield'}, 'teammate': False}, {'location': [118.0, 38.3], 'player': {'id': 397668, 'name': 'Dino Zoff'}, 'position': {'id': 1, 'name': 'Goalkeeper'}, 'teammate': False}]",,,,Off T,0.044711452,Normal,Open Play,,,,Ajax,806,00:02:56.122,Shot,,Champions League,Dispossessed,,,,,,,,,,,,,,,,,,,,,,,,,,,,,,,,,,,,,,,,,,,,,,,,,,,,,,,,,,,,,,,,,,,,,,,,,,,,,,,,,,,,,,,,,,,8a7fea6e-1d8d-46ce-8c52-df4e8db743fb,Set,Champions League,1972/1973
,,,,,,,,,,,,,,,,,,0.141848,,,,,,,,,,,,,29752f46-05d0-4ee5-9b5f-4c62718195ca,135,,"[100.9, 59.6]",3888706,3,,,,,,,,,,,,,,,,,,,,,,,1,From Counter,Johnny Rep,397727.0,Right Wing,10,Ajax,806,"['7f991ae6-4056-4a3d-89e4-3f972c0566b8', 'caa389b9-e3e8-4bdb-9df0-dda5e8073a44']",10,,Right Foot,"[105.5, 55.3]",True,"[{'location': [91.7, 45.2], 'player': {'id': 39713, 'name': 'Johan Cruyff'}, 'position': {'id': 23, 'name': 'Center Forward'}, 'teammate': True}, {'location': [95.6, 52.1], 'player': {'id': 397728, 'name': 'Sandro Salvadore'}, 'position': {'id': 5, 'name': 'Left Center Back'}, 'teammate': False}, {'location': [96.9, 54.0], 'player': {'id': 397731, 'name': 'Silvio Longobucco'}, 'position': {'id': 6, 'name': 'Left Back'}, 'teammate': False}, {'location': [102.2, 32.3], 'player': {'id': 397729, 'name': 'Gianpietro Marchetti'}, 'position': {'id': 2, 'name': 'Right Back'}, 'teammate': False}, {'location': [100.1, 31.6], 'player': {'id': 39716, 'name': 'Piet Keizer'}, 'position': {'id': 21, 'name': 'Left Wing'}, 'teammate': True}, {'location': [105.7, 55.2], 'player': {'id': 397730, 'name': 'Francesco Morini'}, 'position': {'id': 3, 'name': 'Right Center Back'}, 'teammate': False}, {'location': [118.0, 41.2], 'player': {'id': 397668, 'name': 'Dino Zoff'}, 'position': {'id': 1, 'name': 'Goalkeeper'}, 'teammate': False}]",5308df67-fa48-4a10-8203-0e41e5450fc2,,,Blocked,0.01043193,Half Volley,Open Play,,,,Ajax,806,00:03:10.278,Shot,,Champions League,Ball Receipt*,,,,,,,,,,,,,,,,,,,3.243653,,,,,,,,,,,,,5308df67-fa48-4a10-8203-0e41e5450fc2,133.0,,"[65.0, 48.1]",3888706.0,3.0,,,,,0.31000614,29752f46-05d0-4ee5-9b5f-4c62718195ca,Left Foot,,,"[100.9, 59.6]",,High Pass,,37.69695,,Johnny Rep,True,,,,,,1.0,From Counter,Horst Blankenburg,39729.0,Left Center Back,10.0,Ajax,806.0,['032aa1d6-1470-4bcc-bd5d-d8c049cf192c'],7.0,,,,,,,,,,,,,,,,Ajax,806.0,00:03:07.000,Pass,,Champions League,29752f46-05d0-4ee5-9b5f-4c62718195ca,Set,Champions League,1972/1973
,,,,,,,,,,,,,,,,,,1.225744,,,,,,,,,,,,,6d186615-f338-4bf4-80f7-7066518f99b1,168,,"[111.8, 44.5]",3888706,4,,,,,,,,,,,,,,,,,,,,,,,1,From Throw In,Johnny Rep,397727.0,Right Wing,13,Ajax,806,"['c7b1eb17-0ea7-4b02-a884-513c083e58a9', 'd182e8fa-3b3f-4c28-bb2d-5507b7d17179']",9,True,Head,"[120.0, 37.0, 1.9]",,"[{'location': [107.2, 41.4], 'player': {'id': 39713, 'name': 'Johan Cruyff'}, 'position': {'id': 23, 'name': 'Center Forward'}, 'teammate': True}, {'location': [101.8, 12.8], 'player': {'id': 397735, 'name': 'Roberto Bettega'}, 'position': {'id': 21, 'name': 'Left Wing'}, 'teammate': False}, {'location': [96.2, 29.5], 'player': {'id': 397732, 'name': 'Franco Causio'}, 'position': {'id': 13, 'name': 'Right Center Midfield'}, 'teammate': False}, {'location': [103.8, 20.7], 'player': {'id': 397728, 'name': 'Sandro Salvadore'}, 'position': {'id': 5, 'name': 'Left Center Back'}, 'teammate': False}, {'location': [105.0, 33.2], 'player': {'id': 397673, 'name': 'Giuseppe Furino'}, 'position': {'id': 10, 'name': 'Center Defensive Midfield'}, 'teammate': False}, {'location': [105.6, 39.0], 'player': {'id': 39719, 'name': 'Arie Haan'}, 'position': {'id': 10, 'name': 'Center Defensive Midfield'}, 'teammate': True}, {'location': [106.0, 39.7], 'player': {'id': 397730, 'name': 'Francesco Morini'}, 'position': {'id': 3, 'name': 'Right Center Back'}, 'teammate': False}, {'location': [111.7, 43.9], 'player': {'id': 397731, 'name': 'Silvio Longobucco'}, 'position': {'id': 6, 'name': 'Left Back'}, 'teammate': False}, {'location': [118.3, 42.0], 'player': {'id': 397668, 'name': 'Dino Zoff'}, 'position': {'id': 1, 'name': 'Goalkeeper'}, 'teammate': False}, {'location': [107.0, 40.7], 'player': {'id': 397729, 'name': 'Gianpietro Marchetti'}, 'position': {'id': 2, 'name': 'Right Back'}, 'teammate': False}]",89ad6b7f-3bbe-41b0-a7a7-6fdda4f3adc8,True,,Goal,0.0932333,Normal,Open Play,,,,Ajax,806,00:04:09.635,Shot,True,Champions League,Duel,,,,,,,,,,,,,,,,,,,1.923731,,,,,,,,,,,,,89ad6b7f-3bbe-41b0-a7a7-6fdda4f3adc8,165.0,,"[88.1, 13.1]",3888706.0,4.0,,,,,0.9242449,6d186615-f338-4bf4-80f7-7066518f99b1,Right Foot,True,,"[111.8, 44.5]",True,High Pass,,39.340183,,Johnny Rep,,,,,,,1.0,From Throw In,Horst Blankenburg,39729.0,Left Center Back,13.0,Ajax,806.0,['e746e19a-e8f4-4668-8292-2485125d7884'],7.0,,,,,,,,,,,,,,,,Ajax,806.0,00:04:07.733,Pass,,Champions League,6d186615-f338-4bf4-80f7-7066518f99b1,Set,Champions League,1972/1973
,,,,,,,,,,,,,,,,,,0.123334,,,,,,,,,,,,,5b4b4756-c8c3-4991-bf30-af8c64a48518,1752,,"[93.9, 35.3]",3888706,49,,,,,,,,,,,,,,,,,,,,,,,2,From Throw In,Roberto Bettega,397735.0,Left Wing,137,Juventus,224,"['27579f4a-b984-4d91-ba4b-a39a5573df71', '94c049a6-4693-4eef-b5a7-59fe5ab85529']",19,,Left Foot,"[98.1, 35.9]",,"[{'location': [89.0, 30.8], 'player': {'id': 397732, 'name': 'Franco Causio'}, 'position': {'id': 13, 'name': 'Right Center Midfield'}, 'teammate': True}, {'location': [92.7, 41.2], 'player': {'id': 39724, 'name': 'Gerrie Mühren'}, 'position': {'id': 15, 'name': 'Left Center Midfield'}, 'teammate': False}, {'location': [103.1, 33.9], 'player': {'id': 39729, 'name': 'Horst Blankenburg'}, 'position': {'id': 5, 'name': 'Left Center Back'}, 'teammate': False}, {'location': [102.5, 36.9], 'player': {'id': 39726, 'name': 'Barry Hulshoff'}, 'position': {'id': 3, 'name': 'Right Center Back'}, 'teammate': False}, {'location': [98.2, 36.3], 'player': {'id': 39734, 'name': 'Wim Suurbier'}, 'position': {'id': 2, 'name': 'Right Back'}, 'teammate': False}, {'location': [103.2, 33.0], 'player': {'id': 397733, 'name': 'Fabio Capello'}, 'position': {'id': 15, 'name': 'Left Center Midfield'}, 'teammate': True}, {'location': [103.6, 39.8], 'player': {'id': 397699, 'name': 'José João Altafini'}, 'position': {'id': 17, 'name': 'Right Wing'}, 'teammate': True}, {'location': [103.0, 31.6], 'player': {'id': 397734, 'name': 'Pietro Anastasi'}, 'position': {'id': 23, 'name': 'Center Forward'}, 'teammate': True}, {'location': [102.1, 30.7], 'player': {'id': 397727, 'name': 'Johnny Rep'}, 'position': {'id': 17, 'name': 'Right Wing'}, 'teammate': False}, {'location': [94.6, 33.4], 'player': {'id': 39719, 'name': 'Arie Haan'}, 'position': {'id': 10, 'name': 'Center Defensive Midfield'}, 'teammate': False}, {'location': [118.0, 38.5], 'player': {'id': 39728, 'name': 'Heinz Stuy'}, 'position': {'id': 1, 'name': 'Goalkeeper'}, 'teammate': False}]",47449c2a-8fe6-4958-beae-abdd40d0a7af,,,Blocked,0.028938612,Normal,Open Play,,,,Juventus,224,00:04:19.836,Shot,,Champions League,Ball Receipt*,,,,,,,,,,,,,,,,,,,0.694205,,,,,,,,,,,,,47449c2a-8fe6-4958-beae-abdd40d0a7af,1749.0,,"[85.8, 32.7]",3888706.0,49.0,,,,,1.018212,5b4b4756-c8c3-4991-bf30-af8c64a48518,Right Foot,,,"[89.5, 38.7]",,Ground Pass,,7.0491133,,Roberto Bettega,True,,,,,,2.0,From Throw In,Fabio Capello,397733.0,Left Center Midfield,137.0,Juventus,224.0,['fc1d1a42-7bd4-4221-9da9-d1c6c67581ec'],17.0,,,,,,,,,,,,,,,,Juventus,224.0,00:04:17.130,Pass,,Champions League,5b4b4756-c8c3-4991-bf30-af8c64a48518,Set,Champions League,1972/1973
,,,,,,,,,,,,,,,,,,0.737044,,,,,,,,,,,,,7515336c-2fa5-4241-8bfe-4261ef517da9,191,,"[108.3, 38.6]",3888706,5,,,,,,,,,,,,,,,,,,,,,,,1,Regular Play,Piet Keizer,39716.0,Left Wing,15,Ajax,806,"['762f1d47-ce7a-43c2-8d45-343a5a0f8cc7', 'd6ff74c7-48a2-46e2-b2dc-b0436aef0380']",19,True,Head,"[120.0, 34.6, 2.0]",,"[{'location': [109.5, 39.0], 'player': {'id': 397728, 'name': 'Sandro Salvadore'}, 'position': {'id': 5, 'name': 'Left Center Back'}, 'teammate': False}, {'location': [103.6, 14.0], 'player': {'id': 397727, 'name': 'Johnny Rep'}, 'position': {'id': 17, 'name': 'Right Wing'}, 'teammate': True}, {'location': [99.9, 23.8], 'player': {'id': 39721, 'name': 'Johan Neeskens'}, 'position': {'id': 13, 'name': 'Right Center Midfield'}, 'teammate': True}, {'location': [104.3, 16.6], 'player': {'id': 397729, 'name': 'Gianpietro Marchetti'}, 'position': {'id': 2, 'name': 'Right Back'}, 'teammate': False}, {'location': [104.8, 27.1], 'player': {'id': 397673, 'name': 'Giuseppe Furino'}, 'position': {'id': 10, 'name': 'Center Defensive Midfield'}, 'teammate': False}, {'location': [100.3, 31.8], 'player': {'id': 397731, 'name': 'Silvio Longobucco'}, 'position': {'id': 6, 'name': 'Left Back'}, 'teammate': False}, {'location': [119.1, 38.8], 'player': {'id': 397668, 'name': 'Dino Zoff'}, 'position': {'id': 1, 'name': 'Goalkeeper'}, 'teammate': False}]",a4c55b64-67e5-4cd1-8ee4-49e204a44b48,,,Off T,0.056831103,Normal,Open Play,,,,Ajax,806,00:05:19.955,Shot,True,Champions League,Ball Receipt*,,,,,,,,,,,,,,,,,,,1.385862,,,,,,,,,,,,,a4c55b64-67e5-4cd1-8ee4-49e204a44b48,188.0,,"[97.9, 9.8]",3888706.0,5.0,,,,,1.2242575,7515336c-2fa5-4241-8bfe-4261ef517da9,Left Foot,True,,"[108.3, 38.6]",,High Pass,,30.620255,,Piet Keizer,True,,,,,,1.0,Regular Play,Gerrie Mühren,39724.0,Left Center Midfield,15.0,Ajax,806.0,['7afb2f46-1e05-4c70-baf6-6f59cd51d0c5'],18.0,,,,,,,,,,,,,,,,Ajax,806.0,00:05:18.582,Pass,,Champions League,7515336c-2fa5-4241-8bfe-4261ef517da9,Set,Champions League,1972/1973
,,,,,,,,,,,,,,,,,,1.035129,,,,,,,,,,,,,f1cd5a0d-9b63-4859-9592-e66fe0525629,346,,"[90.9, 40.3]",3888706,9,,,,,,,,,,,,,,,,,,,,,,,1,From Counter,Arie Haan,39719.0,Center Defensive Midfield,26,Ajax,806,"['9f946686-15ed-47ce-a9f6-024d656a5f79', 'f2fd3006-8339-4853-b7aa-264948dfc9d4']",18,,Right Foot,"[120.0, 46.3, 4.1]",,"[{'location': [116.8, 40.0], 'player': {'id': 397668, 'name': 'Dino Zoff'}, 'position': {'id': 1, 'name': 'Goalkeeper'}, 'teammate': False}, {'location': [90.6, 30.8], 'player': {'id': 397729, 'name': 'Gianpietro Marchetti'}, 'position': {'id': 2, 'name': 'Right Back'}, 'teammate': False}, {'location': [87.4, 41.6], 'player': {'id': 397730, 'name': 'Francesco Morini'}, 'position': {'id': 3, 'name': 'Right Center Back'}, 'teammate': False}, {'location': [93.7, 51.1], 'player': {'id': 397673, 'name': 'Giuseppe Furino'}, 'position': {'id': 10, 'name': 'Center Defensive Midfield'}, 'teammate': False}, {'location': [97.0, 60.3], 'player': {'id': 397731, 'name': 'Silvio Longobucco'}, 'position': {'id': 6, 'name': 'Left Back'}, 'teammate': False}, {'location': [101.0, 40.3], 'player': {'id': 397728, 'name': 'Sandro Salvadore'}, 'position': {'id': 5, 'name': 'Left Center Back'}, 'teammate': False}]",9c2bdc63-9667-4c98-ad47-301dbbfd55f5,,,Off T,0.03168983,Normal,Open Play,,,,Ajax,806,00:09:18.254,Shot,True,Champions League,Pressure,,,,,,,,,,,,,,,,,,,0.785876,,,,,,,,,,,,,9c2bdc63-9667-4c98-ad47-301dbbfd55f5,342.0,,"[77.5, 35.7]",3888706.0,9.0,,,,,0.7853982,f1cd5a0d-9b63-4859-9592-e66fe0525629,Right Foot,,,"[82.8, 41.0]",,Ground Pass,,7.495332,,Arie Haan,True,,,,,,1.0,From Counter,Horst Blankenburg,39729.0,Left Center Back,26.0,Ajax,806.0,"['0cfcff7c-4e73-4b6c-bf00-0df06435da1e', '48636c21-7512-4564-bf8b-0232a2cca489']",16.0,,,,,,,,,,,,,,,,Ajax,806.0,00:09:16.024,Pass,True,Champions League,f1cd5a0d-9b63-4859-9592-e66fe0525629,Set,Champions League,1972/1973
,,,,,,,,,,,,,,,,,,1.470782,,,,,,,,,,,,,9043c233-05c9-4221-9764-7a5ff0d065f4,414,,"[103.7, 43.0]",3888706,11,,,,,,,,,,,,,,,,,,,,,,,1,From Throw In,Johnny Rep,397727.0,Right Wing,31,Ajax,806,"['5f56405d-da74-4799-bd46-24dc2f15848d', 'f459c1fc-1940-4133-8a01-38ef89cd4073']",7,True,Head,"[120.0, 35.5, 3.9]",,"[{'location': [110.8, 21.7], 'player': {'id': 397732, 'name': 'Franco Causio'}, 'position': {'id': 13, 'name': 'Right Center Midfield'}, 'teammate': False}, {'location': [99.8, 34.1], 'player': {'id': 397731, 'name': 'Silvio Longobucco'}, 'position': {'id': 6, 'name': 'Left Back'}, 'teammate': False}, {'location': [98.4, 23.2], 'player': {'id': 397673, 'name': 'Giuseppe Furino'}, 'position': {'id': 10, 'name': 'Center Defensive Midfield'}, 'teammate': False}, {'location': [98.0, 19.4], 'player': {'id': 397729, 'name': 'Gianpietro Marchetti'}, 'position': {'id': 2, 'name': 'Right Back'}, 'teammate': False}, {'location': [118.9, 40.7], 'player': {'id': 397668, 'name': 'Dino Zoff'}, 'position': {'id': 1, 'name': 'Goalkeeper'}, 'teammate': False}, {'location': [107.5, 35.4], 'player': {'id': 39716, 'name': 'Piet Keizer'}, 'position': {'id': 21, 'name': 'Left Wing'}, 'teammate': True}, {'location': [109.4, 38.1], 'player': {'id': 397730, 'name': 'Francesco Morini'}, 'position': {'id': 3, 'name': 'Right Center Back'}, 'teammate': False}, {'location': [104.5, 43.4], 'player': {'id': 397728, 'name': 'Sandro Salvadore'}, 'position': {'id': 5, 'name': 'Left Center Back'}, 'teammate': False}]",0abc6273-0f6c-460c-992d-dc32cb21b640,,,Off T,0.030639773,Normal,Open Play,,,,Ajax,806,00:11:07.012,Shot,True,Champions League,Ball Receipt*,,,,,,,,,,,,,,,,,,,1.895328,,,,,,,,,,,,,0abc6273-0f6c-460c-992d-dc32cb21b640,411.0,,"[108.4, 9.8]",3888706.0,11.0,,,,,1.711428,9043c233-05c9-4221-9764-7a5ff0d065f4,Left Foot,True,,"[103.7, 43.0]",,High Pass,,33.53103,,Johnny Rep,True,,,,,,1.0,From Throw In,Gerrie Mühren,39724.0,Left Center Midfield,31.0,Ajax,806.0,['fae4763e-f792-4be4-bc3d-05259e194aba'],5.0,,,,,,,,,,,,,,,,Ajax,806.0,00:11:05.084,Pass,,Champions League,9043c233-05c9-4221-9764-7a5ff0d065f4,Set,Champions League,1972/1973
,,,,,,,,,,,,,,,,,,0.907654,,,,,,,,,,,,,8b60a723-da69-4556-9806-3341d1b09d5d,456,,"[104.6, 64.6]",3888706,12,,,,,,,,,,,,,,,,,,,,,,,1,From Throw In,Wim Suurbier,39734.0,Right Back,33,Ajax,806,['a179311b-fc18-417e-b0a2-0c383e5bb315'],19,,Right Foot,"[118.1, 42.0, 1.0]",True,"[{'location': [98.3, 47.6], 'player': {'id': 39713, 'name': 'Johan Cruyff'}, 'position': {'id': 23, 'name': 'Center Forward'}, 'teammate': True}, {'location': [103.8, 23.3], 'player': {'id': 397732, 'name': 'Franco Causio'}, 'position': {'id': 13, 'name': 'Right Center Midfield'}, 'teammate': False}, {'location': [118.9, 43.3], 'player': {'id': 397668, 'name': 'Dino Zoff'}, 'position': {'id': 1, 'name': 'Goalkeeper'}, 'teammate': False}, {'location': [99.0, 31.8], 'player': {'id': 39724, 'name': 'Gerrie Mühren'}, 'position': {'id': 15, 'name': 'Left Center Midfield'}, 'teammate': True}, {'location': [103.1, 35.1], 'player': {'id': 397729, 'name': 'Gianpietro Marchetti'}, 'position': {'id': 2, 'name': 'Right Back'}, 'teammate': False}, {'location': [104.8, 36.2], 'player': {'id': 39720, 'name': 'Ruud Krol'}, 'position': {'id': 6, 'name': 'Left Back'}, 'teammate': True}, {'location': [107.4, 36.7], 'player': {'id': 397730, 'name': 'Francesco Morini'}, 'position': {'id': 3, 'name': 'Right Center Back'}, 'teammate': False}, {'location': [103.8, 46.2], 'player': {'id': 397728, 'name': 'Sandro Salvadore'}, 'position': {'id': 5, 'name': 'Left Center Back'}, 'teammate': False}, {'location': [98.6, 48.4], 'player': {'id': 397673, 'name': 'Giuseppe Furino'}, 'position': {'id': 10, 'name': 'Center Defensive Midfield'}, 'teammate': False}, {'location': [104.2, 61.4], 'player': {'id': 397731, 'name': 'Silvio Longobucco'}, 'position': {'id': 6, 'name': 'Left Back'}, 'teammate': False}]",6167c004-b0bd-420a-923e-727c3a8247f7,,,Saved,0.008698929,Normal,Open Play,,,,Ajax,806,00:12:19.578,Shot,,Champions League,Ball Receipt*,,,,,,,,,,,,,,,,,,,1.88064,,,,,,,,,,,,,6167c004-b0bd-420a-923e-727c3a8247f7,454.0,,"[83.3, 41.0]",3888706.0,12.0,,,,,0.83657837,8b60a723-da69-4556-9806-3341d1b09d5d,Right Foot,,,"[104.6, 64.6]",,Ground Pass,,31.790722,,Wim Suurbier,True,,,,,,1.0,From Throw In,Piet Keizer,39716.0,Left Wing,33.0,Ajax,806.0,['508913e2-3417-45dc-85a2-75d20502d951'],17.0,,,,,,,,,,,,,,,,Ajax,806.0,00:12:17.671,Pass,,Champions League,8b60a723-da69-4556-9806-3341d1b09d5d,Set,Champions League,1972/1973
,,,,,,,,,,,,,,,,,,0.740901,,,,,,,,,,,,,3d07a13e-e14f-4a0e-8273-988939b1ae77,2117,,"[109.3, 39.7]",3888706,58,,,,,,,,,,,,,,,,,,,,,,,2,From Throw In,Johan Neeskens,39721.0,Right Center Midfield,160,Ajax,806,"['63c7930e-a4ab-4c9b-ba4e-fe81a0eda1fe', '6cf239aa-7c07-40fa-8f6f-2c1a849938ab']",41,,Right Foot,"[117.8, 63.5]",True,"[{'location': [117.8, 40.1], 'player': {'id': 397668, 'name': 'Dino Zoff'}, 'position': {'id': 1, 'name': 'Goalkeeper'}, 'teammate': False}, {'location': [110.6, 46.5], 'player': {'id': 397731, 'name': 'Silvio Longobucco'}, 'position': {'id': 6, 'name': 'Left Back'}, 'teammate': False}, {'location': [107.3, 40.4], 'player': {'id': 397733, 'name': 'Fabio Capello'}, 'position': {'id': 15, 'name': 'Left Center Midfield'}, 'teammate': False}, {'location': [114.7, 19.8], 'player': {'id': 39724, 'name': 'Gerrie Mühren'}, 'position': {'id': 15, 'name': 'Left Center Midfield'}, 'teammate': True}, {'location': [115.9, 21.2], 'player': {'id': 397673, 'name': 'Giuseppe Furino'}, 'position': {'id': 10, 'name': 'Center Defensive Midfield'}, 'teammate': False}, {'location': [110.8, 10.8], 'player': {'id': 397729, 'name': 'Gianpietro Marchetti'}, 'position': {'id': 2, 'name': 'Right Back'}, 'teammate': False}, {'location': [112.2, 33.3], 'player': {'id': 397728, 'name': 'Sandro Salvadore'}, 'position': {'id': 5, 'name': 'Left Center Back'}, 'teammate': False}, {'location': [108.4, 47.4], 'player': {'id': 397727, 'name': 'Johnny Rep'}, 'position': {'id': 17, 'name': 'Right Wing'}, 'teammate': True}]",e4f6b308-6ba8-4802-a752-38bc1b0ff420,,,Wayward,0.16760723,Volley,Open Play,,,,Ajax,806,00:13:41.085,Shot,True,Champions League,Ball Receipt*,,,,,,,,,,,,,,,,,,,1.101945,,,,,,,,,,,,,e4f6b308-6ba8-4802-a752-38bc1b0ff420,2114.0,,"[114.3, 23.7]",3888706.0,58.0,,,,,1.8736812,3d07a13e-e14f-4a0e-8273-988939b1ae77,Left Foot,True,,"[109.3, 39.7]",,High Pass,,16.763054,,Johan Neeskens,True,,,,,,2.0,From Throw In,Gerrie Mühren,39724.0,Left Center Midfield,160.0,Ajax,806.0,"['70f9a0a6-0508-458d-8b63-8ea4935c0a6f', 'b0eaf480-0a2c-4020-a8b7-e25aad4ad3a7']",39.0,,,,,,,,,,,,,,,,Ajax,806.0,00:13:39.983,Pass,True,Champions League,3d07a13e-e14f-4a0e-8273-988939b1ae77,Set,Champions League,1972/1973
,,,,,,,,,,,,,,,,,,1.608324,,,,,,,,,,,,,33d6ab19-096f-4caf-ba0a-6e0d3e4bb695,498,,"[83.7, 43.8]",3888706,13,,,,,,,,,,,,,,,,,,,,,,,1,From Keeper,Johan Neeskens,39721.0,Right Center Midfield,38,Ajax,806,['63036108-ad54-4ae3-ba50-e2d5bbcf6de5'],52,,Right Foot,"[120.0, 35.3, 0.2]",,"[{'location': [100.7, 24.8], 'player': {'id': 397734, 'name': 'Pietro Anastasi'}, 'position': {'id': 23, 'name': 'Center Forward'}, 'teammate': False}, {'location': [101.6, 34.9], 'player': {'id': 397730, 'name': 'Francesco Morini'}, 'position': {'id': 3, 'name': 'Right Center Back'}, 'teammate': False}, {'location': [82.7, 32.6], 'player': {'id': 397699, 'name': 'José João Altafini'}, 'position': {'id': 17, 'name': 'Right Wing'}, 'teammate': False}, {'location': [97.4, 41.8], 'player': {'id': 397673, 'name': 'Giuseppe Furino'}, 'position': {'id': 10, 'name': 'Center Defensive Midfield'}, 'teammate': False}, {'location': [100.4, 31.2], 'player': {'id': 397729, 'name': 'Gianpietro Marchetti'}, 'position': {'id': 2, 'name': 'Right Back'}, 'teammate': False}, {'location': [99.5, 47.7], 'player': {'id': 397728, 'name': 'Sandro Salvadore'}, 'position': {'id': 5, 'name': 'Left Center Back'}, 'teammate': False}, {'location': [99.8, 58.9], 'player': {'id': 397731, 'name': 'Silvio Longobucco'}, 'position': {'id': 6, 'name': 'Left Back'}, 'teammate': False}, {'location': [117.9, 39.7], 'player': {'id': 397668, 'name': 'Dino Zoff'}, 'position': {'id': 1, 'name': 'Goalkeeper'}, 'teammate': False}, {'location': [100.7, 34.6], 'player': {'id': 39719, 'name': 'Arie Haan'}, 'position': {'id': 10, 'name': 'Center Defensive Midfield'}, 'teammate': True}, {'location': [90.0, 51.9], 'player': {'id': 397727, 'name': 'Johnny Rep'}, 'position': {'id': 17, 'name': 'Right Wing'}, 'teammate': True}, {'location': [79.3, 36.9], 'player': {'id': 39716, 'name': 'Piet Keizer'}, 'position': {'id': 21, 'name': 'Left Wing'}, 'teammate': True}, {'location': [78.7, 35.3], 'player': {'id': 39726, 'name': 'Barry Hulshoff'}, 'position': {'id': 3, 'name': 'Right Center Back'}, 'teammate': True}]",d86e38e3-a5bd-4cc3-a2d2-7d41fa70a9f7,,,Off T,0.0066881613,Normal,Open Play,,,,Ajax,806,00:13:52.464,Shot,,Champions League,Ball Receipt*,,,,,,,,,,,,,,,,,,,2.146029,,,,,,,,,,,,,d86e38e3-a5bd-4cc3-a2d2-7d41fa70a9f7,495.0,,"[69.0, 17.1]",3888706.0,13.0,,,,,1.2458912,33d6ab19-096f-4caf-ba0a-6e0d3e4bb695,Left Foot,,,"[78.6, 45.6]",,Ground Pass,,30.07341,,Johan Neeskens,True,,,,,,1.0,From Keeper,Piet Keizer,39716.0,Left Wing,38.0,Ajax,806.0,['0e48de08-b63c-4313-8986-afeb6f6e2814'],48.0,,,,,,,,,,,,,,,,Ajax,806.0,00:13:48.166,Pass,,Champions League,33d6ab19-096f-4caf-ba0a-6e0d3e4bb695,Set,Champions League,1972/1973
,,,,,,,,,,,,,,,,,,0.990012,,,,,,,,,,,,,283eb0d8-677e-457d-99e0-4aeb7a976314,530,,"[96.6, 25.1]",3888706,14,,,,,,,,,,,,,,,,,,,,,,,1,From Throw In,Ruud Krol,39720.0,Left Back,40,Ajax,806,['b6f948be-3baf-4f1b-bed7-525ae37017c8'],36,,Right Foot,"[120.0, 35.6, 0.2]",,"[{'location': [103.8, 51.6], 'player': {'id': 39713, 'name': 'Johan Cruyff'}, 'position': {'id': 23, 'name': 'Center Forward'}, 'teammate': True}, {'location': [118.1, 38.5], 'player': {'id': 397668, 'name': 'Dino Zoff'}, 'position': {'id': 1, 'name': 'Goalkeeper'}, 'teammate': False}, {'location': [101.4, 49.9], 'player': {'id': 397699, 'name': 'José João Altafini'}, 'position': {'id': 17, 'name': 'Right Wing'}, 'teammate': False}, {'location': [108.1, 47.1], 'player': {'id': 397728, 'name': 'Sandro Salvadore'}, 'position': {'id': 5, 'name': 'Left Center Back'}, 'teammate': False}, {'location': [101.4, 35.9], 'player': {'id': 39719, 'name': 'Arie Haan'}, 'position': {'id': 10, 'name': 'Center Defensive Midfield'}, 'teammate': True}, {'location': [103.6, 35.1], 'player': {'id': 397730, 'name': 'Francesco Morini'}, 'position': {'id': 3, 'name': 'Right Center Back'}, 'teammate': False}, {'location': [104.9, 34.8], 'player': {'id': 397727, 'name': 'Johnny Rep'}, 'position': {'id': 17, 'name': 'Right Wing'}, 'teammate': True}, {'location': [105.6, 35.3], 'player': {'id': 397731, 'name': 'Silvio Longobucco'}, 'position': {'id': 6, 'name': 'Left Back'}, 'teammate': False}, {'location': [102.9, 30.3], 'player': {'id': 397673, 'name': 'Giuseppe Furino'}, 'position': {'id': 10, 'name': 'Center Defensive Midfield'}, 'teammate': False}, {'location': [104.6, 15.7], 'player': {'id': 39721, 'name': 'Johan Neeskens'}, 'position': {'id': 13, 'name': 'Right Center Midfield'}, 'teammate': True}, {'location': [105.1, 18.8], 'player': {'id': 397729, 'name': 'Gianpietro Marchetti'}, 'position': {'id': 2, 'name': 'Right Back'}, 'teammate': False}]",c1252950-7afe-4983-80b3-9099653fe1b7,,,Off T,0.024406424,Normal,Open Play,,,,Ajax,806,00:14:36.327,Shot,,Champions League,Carry,,,,,,,,,,,,,,,,,,,1.335322,,,,,,,,,,,,,c1252950-7afe-4983-80b3-9099653fe1b7,527.0,,"[95.8, 2.7]",3888706.0,14.0,,,,,1.9277083,283eb0d8-677e-457d-99e0-4aeb7a976314,Left Foot,,,"[91.4, 14.5]",,Ground Pass,,12.593649,,Ruud Krol,True,,,,,,1.0,From Throw In,Gerrie Mühren,39724.0,Left Center Midfield,40.0,Ajax,806.0,['149e7666-0616-44be-b220-f8786bf16f55'],33.0,,,,,,,,,,,,,,,,Ajax,806.0,00:14:33.564,Pass,,Champions League,283eb0d8-677e-457d-99e0-4aeb7a976314,Set,Champions League,1972/1973
,,,,,,,,,,,,,,,,,,1.106648,,,,,,,,,,,,,a047dd3a-ea05-4047-b6b7-375bb038e79a,2233,,"[99.7, 49.0]",3888706,62,,,,,,,,,,,,,,,,,,,,,,,2,From Throw In,Johan Cruyff,39713.0,Center Forward,168,Ajax,806,['18b6d47f-cf40-457d-991d-d28266ee5297'],7,,Right Foot,"[117.8, 44.0, 0.6]",,"[{'location': [95.9, 54.2], 'player': {'id': 397727, 'name': 'Johnny Rep'}, 'position': {'id': 17, 'name': 'Right Wing'}, 'teammate': True}, {'location': [101.7, 37.2], 'player': {'id': 39724, 'name': 'Gerrie Mühren'}, 'position': {'id': 15, 'name': 'Left Center Midfield'}, 'teammate': True}, {'location': [98.5, 31.6], 'player': {'id': 39716, 'name': 'Piet Keizer'}, 'position': {'id': 21, 'name': 'Left Wing'}, 'teammate': True}, {'location': [106.0, 31.1], 'player': {'id': 397729, 'name': 'Gianpietro Marchetti'}, 'position': {'id': 2, 'name': 'Right Back'}, 'teammate': False}, {'location': [103.4, 37.9], 'player': {'id': 397728, 'name': 'Sandro Salvadore'}, 'position': {'id': 5, 'name': 'Left Center Back'}, 'teammate': False}, {'location': [95.5, 37.1], 'player': {'id': 397673, 'name': 'Giuseppe Furino'}, 'position': {'id': 10, 'name': 'Center Defensive Midfield'}, 'teammate': False}, {'location': [103.4, 46.9], 'player': {'id': 397730, 'name': 'Francesco Morini'}, 'position': {'id': 3, 'name': 'Right Center Back'}, 'teammate': False}, {'location': [101.1, 52.9], 'player': {'id': 397731, 'name': 'Silvio Longobucco'}, 'position': {'id': 6, 'name': 'Left Back'}, 'teammate': False}, {'location': [104.8, 58.8], 'player': {'id': 39721, 'name': 'Johan Neeskens'}, 'position': {'id': 13, 'name': 'Right Center Midfield'}, 'teammate': True}, {'location': [117.7, 41.9], 'player': {'id': 397668, 'name': 'Dino Zoff'}, 'position': {'id': 1, 'name': 'Goalkeeper'}, 'teammate': False}]",e81bcb2b-29fc-4aff-ba71-eb2c5b680994,,,Saved,0.0562598,Normal,Open Play,,,,Ajax,806,00:17:07.277,Shot,,Champions League,Pass,,,,,,,,,,,,,,,,,,,1.030927,,,,,,,,,,,,,e81bcb2b-29fc-4aff-ba71-eb2c5b680994,2230.0,,"[91.2, 53.2]",3888706.0,62.0,,,,,-0.96163285,a047dd3a-ea05-4047-b6b7-375bb038e79a,Right Foot,,,"[97.2, 44.6]",,Ground Pass,,10.486181,,Johan Cruyff,True,,,,,,2.0,From Throw In,Johnny Rep,397727.0,Right Wing,168.0,Ajax,806.0,['c5372a6d-666d-454f-9a4e-5e4740a3c863'],5.0,,,,,,,,,,,,,,,,Ajax,806.0,00:17:05.074,Pass,,Champions League,a047dd3a-ea05-4047-b6b7-375bb038e79a,Set,Champions League,1972/1973
,,,,,,,,,,,,,,,,,,0.775766,,,,,,,,,,,,,f2ed2bae-f6df-4f8a-8e22-bcfab6cd7b68,654,,"[112.2, 40.8]",3888706,18,,,,,,,,,,,,,,,,,,,,,,,1,From Free Kick,Johan Cruyff,39713.0,Center Forward,50,Ajax,806,"['14f19e5d-5745-4851-bc0c-e310ae714a0c', '29611cb5-bc78-4c9a-82cf-1ad285e05167']",26,,Other,"[115.6, 39.0]",,"[{'location': [104.7, 32.8], 'player': {'id': 397673, 'name': 'Giuseppe Furino'}, 'position': {'id': 10, 'name': 'Center Defensive Midfield'}, 'teammate': False}, {'location': [106.8, 43.1], 'player': {'id': 397728, 'name': 'Sandro Salvadore'}, 'position': {'id': 5, 'name': 'Left Center Back'}, 'teammate': False}, {'location': [111.5, 43.6], 'player': {'id': 397731, 'name': 'Silvio Longobucco'}, 'position': {'id': 6, 'name': 'Left Back'}, 'teammate': False}, {'location': [107.6, 34.6], 'player': {'id': 39716, 'name': 'Piet Keizer'}, 'position': {'id': 21, 'name': 'Left Wing'}, 'teammate': True}, {'location': [112.9, 36.5], 'player': {'id': 397729, 'name': 'Gianpietro Marchetti'}, 'position': {'id': 2, 'name': 'Right Back'}, 'teammate': False}, {'location': [118.9, 41.1], 'player': {'id': 397668, 'name': 'Dino Zoff'}, 'position': {'id': 1, 'name': 'Goalkeeper'}, 'teammate': False}, {'location': [112.7, 41.1], 'player': {'id': 397730, 'name': 'Francesco Morini'}, 'position': {'id': 3, 'name': 'Right Center Back'}, 'teammate': False}]",5db12313-9316-49c7-925d-d2f9ccb1edc6,,,Wayward,0.13687111,Normal,Open Play,,,,Ajax,806,00:18:26.471,Shot,True,Champions League,Ball Receipt*,,,,,,,,,,,,,,,,,,,1.836321,,,,,,,,,,,,,5db12313-9316-49c7-925d-d2f9ccb1edc6,651.0,,"[82.2, 62.0]",3888706.0,18.0,,,,,-0.6151862,f2ed2bae-f6df-4f8a-8e22-bcfab6cd7b68,Right Foot,,,"[112.2, 40.8]",,High Pass,,36.734726,,Johan Cruyff,True,,,,,,1.0,From Free Kick,Johan Neeskens,39721.0,Right Center Midfield,50.0,Ajax,806.0,['7cdb7648-def2-4261-87ac-ff5c71d6ff0e'],24.0,,,,,,,,,,,,,,,,Ajax,806.0,00:18:24.637,Pass,,Champions League,f2ed2bae-f6df-4f8a-8e22-bcfab6cd7b68,Set,Champions League,1972/1973
,,,,,,,,,,,,,,,,,,1.205702,,,,,,,,,,,,,a0cc5545-8a2f-40e0-a47f-dfd450416000,2281,,"[87.1, 38.4]",3888706,63,,,,,,,,,,,,,,,,,,,,,,,2,From Free Kick,Barry Hulshoff,39726.0,Right Center Back,170,Ajax,806,['65d80bb7-4c8a-4eda-9d82-eccc82d2c03b'],32,,Right Foot,"[120.0, 46.1, 5.3]",,"[{'location': [88.3, 22.4], 'player': {'id': 397699, 'name': 'José João Altafini'}, 'position': {'id': 17, 'name': 'Right Wing'}, 'teammate': False}, {'location': [88.9, 36.6], 'player': {'id': 397673, 'name': 'Giuseppe Furino'}, 'position': {'id': 10, 'name': 'Center Defensive Midfield'}, 'teammate': False}, {'location': [103.3, 47.9], 'player': {'id': 397731, 'name': 'Silvio Longobucco'}, 'position': {'id': 6, 'name': 'Left Back'}, 'teammate': False}, {'location': [95.9, 40.1], 'player': {'id': 397728, 'name': 'Sandro Salvadore'}, 'position': {'id': 5, 'name': 'Left Center Back'}, 'teammate': False}, {'location': [100.5, 30.4], 'player': {'id': 397730, 'name': 'Francesco Morini'}, 'position': {'id': 3, 'name': 'Right Center Back'}, 'teammate': False}, {'location': [101.0, 20.3], 'player': {'id': 397729, 'name': 'Gianpietro Marchetti'}, 'position': {'id': 2, 'name': 'Right Back'}, 'teammate': False}, {'location': [95.2, 46.8], 'player': {'id': 39713, 'name': 'Johan Cruyff'}, 'position': {'id': 23, 'name': 'Center Forward'}, 'teammate': True}, {'location': [99.3, 19.5], 'player': {'id': 39716, 'name': 'Piet Keizer'}, 'position': {'id': 21, 'name': 'Left Wing'}, 'teammate': True}, {'location': [96.4, 29.4], 'player': {'id': 39724, 'name': 'Gerrie Mühren'}, 'position': {'id': 15, 'name': 'Left Center Midfield'}, 'teammate': True}, {'location': [117.9, 40.0], 'player': {'id': 397668, 'name': 'Dino Zoff'}, 'position': {'id': 1, 'name': 'Goalkeeper'}, 'teammate': False}]",3c992b6a-e8e9-49d1-9e9a-f5178dd98a64,,,Off T,0.023441669,Normal,Open Play,,,,Ajax,806,00:18:32.387,Shot,,Champions League,Carry,,,,,,,,,,,,,,,,,,,2.070167,,,,,,,,,,,,,3c992b6a-e8e9-49d1-9e9a-f5178dd98a64,2278.0,,"[64.2, 12.6]",3888706.0,63.0,,,,,0.87808955,a0cc5545-8a2f-40e0-a47f-dfd450416000,Left Foot,,,"[80.3, 32.0]",,High Pass,,25.210514,,Barry Hulshoff,True,,,,,,2.0,From Free Kick,Ruud Krol,39720.0,Right Back,170.0,Ajax,806.0,['090e3ac3-403f-47b8-83ed-cf30b630550e'],28.0,,,,,,,,,,,,,,,,Ajax,806.0,00:18:28.504,Pass,,Champions League,a0cc5545-8a2f-40e0-a47f-dfd450416000,Set,Champions League,1972/1973
,,,,,,,,,,,,,,,,,,0.951433,,,,,,,,,,,,,8628d484-525c-4f41-8294-c6aeb12037ca,688,,"[92.8, 46.2]",3888706,19,,,,,,,,,,,,,,,,,,,,,,,1,From Free Kick,Arie Haan,39719.0,Center Defensive Midfield,53,Ajax,806,['69ad8698-2ff8-41d4-9a16-b2efe5c798b1'],27,,Right Foot,"[120.0, 45.3, 4.0]",,"[{'location': [101.4, 44.3], 'player': {'id': 39713, 'name': 'Johan Cruyff'}, 'position': {'id': 23, 'name': 'Center Forward'}, 'teammate': True}, {'location': [107.3, 26.9], 'player': {'id': 39724, 'name': 'Gerrie Mühren'}, 'position': {'id': 15, 'name': 'Left Center Midfield'}, 'teammate': True}, {'location': [108.5, 31.8], 'player': {'id': 397735, 'name': 'Roberto Bettega'}, 'position': {'id': 21, 'name': 'Left Wing'}, 'teammate': False}, {'location': [107.1, 30.0], 'player': {'id': 397730, 'name': 'Francesco Morini'}, 'position': {'id': 3, 'name': 'Right Center Back'}, 'teammate': False}, {'location': [97.0, 45.4], 'player': {'id': 397732, 'name': 'Franco Causio'}, 'position': {'id': 13, 'name': 'Right Center Midfield'}, 'teammate': False}, {'location': [88.7, 33.9], 'player': {'id': 397733, 'name': 'Fabio Capello'}, 'position': {'id': 15, 'name': 'Left Center Midfield'}, 'teammate': False}, {'location': [100.8, 25.2], 'player': {'id': 397699, 'name': 'José João Altafini'}, 'position': {'id': 17, 'name': 'Right Wing'}, 'teammate': False}, {'location': [107.4, 43.3], 'player': {'id': 397731, 'name': 'Silvio Longobucco'}, 'position': {'id': 6, 'name': 'Left Back'}, 'teammate': False}, {'location': [105.2, 38.8], 'player': {'id': 397673, 'name': 'Giuseppe Furino'}, 'position': {'id': 10, 'name': 'Center Defensive Midfield'}, 'teammate': False}, {'location': [101.6, 42.8], 'player': {'id': 397728, 'name': 'Sandro Salvadore'}, 'position': {'id': 5, 'name': 'Left Center Back'}, 'teammate': False}, {'location': [99.0, 29.1], 'player': {'id': 397729, 'name': 'Gianpietro Marchetti'}, 'position': {'id': 2, 'name': 'Right Back'}, 'teammate': False}, {'location': [117.9, 40.9], 'player': {'id': 397668, 'name': 'Dino Zoff'}, 'position': {'id': 1, 'name': 'Goalkeeper'}, 'teammate': False}, {'location': [95.7, 69.7], 'player': {'id': 39716, 'name': 'Piet Keizer'}, 'position': {'id': 21, 'name': 'Left Wing'}, 'teammate': True}, {'location': [95.6, 20.5], 'player': {'id': 39729, 'name': 'Horst Blankenburg'}, 'position': {'id': 5, 'name': 'Left Center Back'}, 'teammate': True}, {'location': [98.8, 38.0], 'player': {'id': 39726, 'name': 'Barry Hulshoff'}, 'position': {'id': 3, 'name': 'Right Center Back'}, 'teammate': True}, {'location': [101.7, 38.9], 'player': {'id': 397727, 'name': 'Johnny Rep'}, 'position': {'id': 17, 'name': 'Right Wing'}, 'teammate': True}]",2e99325e-21d5-456a-8032-fff9fe81190f,,,Off T,0.02662799,Normal,Open Play,,,,Ajax,806,00:19:27.631,Shot,,Champions League,Ball Receipt*,,,,,,,,,,,,,,,,,,,1.803359,,,,,,,,,,,,,2e99325e-21d5-456a-8032-fff9fe81190f,685.0,,"[84.2, 18.4]",3888706.0,19.0,,,,,1.550799,8628d484-525c-4f41-8294-c6aeb12037ca,Left Foot,,,"[84.8, 48.4]",,Ground Pass,,30.005999,,Arie Haan,True,,,,,Free Kick,1.0,From Free Kick,Piet Keizer,39716.0,Left Wing,53.0,Ajax,806.0,['717b9311-09d5-4372-8bb4-4255cbcb3a69'],24.0,,,,,,,,,,,,,,,,Ajax,806.0,00:19:24.824,Pass,,Champions League,8628d484-525c-4f41-8294-c6aeb12037ca,Set,Champions League,1972/1973
,,,,,,,,,,,,,,,,,,0.861508,,,,,,,,,,,,,b7666314-da8a-4ded-829b-5598089fb08e,2332,,"[111.9, 30.1]",3888706,64,,,,,,,,,,,,,,,,,,,,,,,2,From Counter,José João Altafini,397699.0,Right Wing,173,Juventus,224,"['0da05ebe-5386-460d-9d9a-df487dfcf0db', '1c0dfae0-1d74-4aef-8373-567f0e45be45']",55,,Left Foot,"[117.2, 35.7, 0.5]",True,"[{'location': [111.5, 31.6], 'player': {'id': 39720, 'name': 'Ruud Krol'}, 'position': {'id': 2, 'name': 'Right Back'}, 'teammate': False}, {'location': [117.6, 36.7], 'player': {'id': 39728, 'name': 'Heinz Stuy'}, 'position': {'id': 1, 'name': 'Goalkeeper'}, 'teammate': False}]",f089c6d0-4c18-48d0-a156-b72867d61066,,,Saved,0.13717578,Half Volley,Open Play,,,,Juventus,224,00:19:55.339,Shot,True,Champions League,Ball Receipt*,,,,,,,,,,,,,,,,,,,3.963164,,,,,,,,,,,,,f089c6d0-4c18-48d0-a156-b72867d61066,2329.0,,"[47.1, 29.9]",3888706.0,64.0,,,,,0.00308641,b7666314-da8a-4ded-829b-5598089fb08e,Right Foot,,,"[111.9, 30.1]",,High Pass,,64.80031,,José João Altafini,True,,,,,,2.0,From Counter,Fabio Capello,397733.0,Left Center Midfield,173.0,Juventus,224.0,['871e914d-9650-43b1-b683-dce243a295a5'],51.0,,,,,,,,,,,,,,,,Juventus,224.0,00:19:51.413,Pass,,Champions League,b7666314-da8a-4ded-829b-5598089fb08e,Set,Champions League,1972/1973
,,,,,,,,,,,,,,,,,,0.84106,,,,,,,,,,,,,d3dbff5e-a4bd-423a-ae51-9c7d04e6372f,746,,"[91.0, 37.6]",3888706,21,,,,,,,,,,,,,,,,,,,,,,,1,From Throw In,Johan Neeskens,39721.0,Right Center Midfield,57,Ajax,806,['0827ed2a-9721-405b-aa88-98eeb2023258'],12,,Right Foot,"[116.9, 38.8, 0.1]",,"[{'location': [96.4, 27.7], 'player': {'id': 39713, 'name': 'Johan Cruyff'}, 'position': {'id': 23, 'name': 'Center Forward'}, 'teammate': True}, {'location': [103.2, 17.6], 'player': {'id': 39729, 'name': 'Horst Blankenburg'}, 'position': {'id': 5, 'name': 'Left Center Back'}, 'teammate': True}, {'location': [103.5, 25.7], 'player': {'id': 397728, 'name': 'Sandro Salvadore'}, 'position': {'id': 5, 'name': 'Left Center Back'}, 'teammate': False}, {'location': [102.6, 55.8], 'player': {'id': 397730, 'name': 'Francesco Morini'}, 'position': {'id': 3, 'name': 'Right Center Back'}, 'teammate': False}, {'location': [105.4, 47.2], 'player': {'id': 397729, 'name': 'Gianpietro Marchetti'}, 'position': {'id': 2, 'name': 'Right Back'}, 'teammate': False}, {'location': [99.6, 38.9], 'player': {'id': 397731, 'name': 'Silvio Longobucco'}, 'position': {'id': 6, 'name': 'Left Back'}, 'teammate': False}, {'location': [99.9, 31.0], 'player': {'id': 397673, 'name': 'Giuseppe Furino'}, 'position': {'id': 10, 'name': 'Center Defensive Midfield'}, 'teammate': False}, {'location': [87.7, 23.9], 'player': {'id': 397699, 'name': 'José João Altafini'}, 'position': {'id': 17, 'name': 'Right Wing'}, 'teammate': False}, {'location': [86.9, 34.8], 'player': {'id': 397733, 'name': 'Fabio Capello'}, 'position': {'id': 15, 'name': 'Left Center Midfield'}, 'teammate': False}, {'location': [117.5, 39.4], 'player': {'id': 397668, 'name': 'Dino Zoff'}, 'position': {'id': 1, 'name': 'Goalkeeper'}, 'teammate': False}, {'location': [92.8, 61.6], 'player': {'id': 39726, 'name': 'Barry Hulshoff'}, 'position': {'id': 3, 'name': 'Right Center Back'}, 'teammate': True}, {'location': [92.8, 44.3], 'player': {'id': 39719, 'name': 'Arie Haan'}, 'position': {'id': 10, 'name': 'Center Defensive Midfield'}, 'teammate': True}, {'location': [103.5, 49.8], 'player': {'id': 397727, 'name': 'Johnny Rep'}, 'position': {'id': 17, 'name': 'Right Wing'}, 'teammate': True}]",90306488-7b87-4444-8d24-5475087fdfd8,,,Saved,0.03207177,Normal,Open Play,,,,Ajax,806,00:21:12.967,Shot,,Champions League,Carry,,,,,,,,,,,,,,,,,,,1.337926,,,,,,,,,,,,,90306488-7b87-4444-8d24-5475087fdfd8,739.0,,"[83.4, 8.5]",3888706.0,21.0,,,,,1.6183795,d3dbff5e-a4bd-423a-ae51-9c7d04e6372f,Right Foot,,,"[82.5, 27.4]",,Ground Pass,,18.921417,,Johan Neeskens,True,,,,,,1.0,From Throw In,Johan Cruyff,39713.0,Center Forward,57.0,Ajax,806.0,['aaabb487-e6e3-41ab-8f28-04e1d45bb238'],9.0,,,,,,,,,,,,,,,,Ajax,806.0,00:21:09.689,Pass,,Champions League,d3dbff5e-a4bd-423a-ae51-9c7d04e6372f,Set,Champions League,1972/1973
,,,,,,,,,,,,,,,,,,0.555467,,,,,,,,,,,,,60912302-8c2b-4aa6-9edc-ba3646766128,838,,"[107.8, 32.3]",3888706,23,,,,,,,,,,,,,,,,,,,,,,,1,From Counter,Roberto Bettega,397735.0,Left Wing,66,Juventus,224,"['20ee4c55-39df-48ab-a81e-c0f944dbdccc', '3e9137c5-ed92-4c44-ac85-067a504f8ac2']",50,,Right Foot,"[115.3, 37.3, 0.2]",,"[{'location': [99.9, 45.2], 'player': {'id': 39720, 'name': 'Ruud Krol'}, 'position': {'id': 6, 'name': 'Left Back'}, 'teammate': False}, {'location': [102.1, 46.0], 'player': {'id': 397733, 'name': 'Fabio Capello'}, 'position': {'id': 15, 'name': 'Left Center Midfield'}, 'teammate': True}, {'location': [107.1, 33.3], 'player': {'id': 397727, 'name': 'Johnny Rep'}, 'position': {'id': 17, 'name': 'Right Wing'}, 'teammate': False}, {'location': [118.0, 37.2], 'player': {'id': 39728, 'name': 'Heinz Stuy'}, 'position': {'id': 1, 'name': 'Goalkeeper'}, 'teammate': False}]",51be0af4-916c-4d10-b71f-a8e66cc6318f,True,,Saved,0.24576235,Normal,Open Play,,,,Juventus,224,00:23:50.719,Shot,True,Champions League,Pressure,,,,,,,,,,,,,,,,,,,2.662658,,,,,,,,,,,,,51be0af4-916c-4d10-b71f-a8e66cc6318f,834.0,,"[52.3, 39.5]",3888706.0,23.0,,,,,-0.8299546,60912302-8c2b-4aa6-9edc-ba3646766128,Right Foot,,,"[74.8, 14.9]",,Ground Pass,,33.33782,,Roberto Bettega,True,,,,,,1.0,From Counter,Pietro Anastasi,397734.0,Center Forward,66.0,Juventus,224.0,['78020604-21b0-43d5-9840-39e92a603a55'],44.0,,,,,,,,,,,,,,,,Juventus,224.0,00:23:44.887,Pass,,Champions League,60912302-8c2b-4aa6-9edc-ba3646766128,Set,Champions League,1972/1973
,,,,,,,,,,,,,,,,,,0.553901,,,,,,,,,,,,,54e4f5de-a87c-413a-a076-e54c991c2b6e,2440,,"[100.7, 31.0]",3888706,69,,,,,,,,,,,,,,,,,,,,,,,2,Regular Play,Arie Haan,39719.0,Center Defensive Midfield,182,Ajax,806,"['02329d05-39c2-4a20-9cfb-39c85343a236', '66649d6f-5557-4fb8-b847-3b46136fa2a7']",12,,Right Foot,"[114.4, 37.2, 2.1]",,"[{'location': [114.9, 37.5], 'player': {'id': 397668, 'name': 'Dino Zoff'}, 'position': {'id': 1, 'name': 'Goalkeeper'}, 'teammate': False}, {'location': [99.1, 31.8], 'player': {'id': 397673, 'name': 'Giuseppe Furino'}, 'position': {'id': 10, 'name': 'Center Defensive Midfield'}, 'teammate': False}, {'location': [103.7, 32.4], 'player': {'id': 397728, 'name': 'Sandro Salvadore'}, 'position': {'id': 5, 'name': 'Left Center Back'}, 'teammate': False}, {'location': [101.3, 45.8], 'player': {'id': 397727, 'name': 'Johnny Rep'}, 'position': {'id': 17, 'name': 'Right Wing'}, 'teammate': True}, {'location': [103.2, 45.0], 'player': {'id': 397731, 'name': 'Silvio Longobucco'}, 'position': {'id': 6, 'name': 'Left Back'}, 'teammate': False}]",,,,Saved,0.05402273,Normal,Open Play,,,,Ajax,806,00:24:12.449,Shot,True,Champions League,Pressure,,,,,,,,,,,,,,,,,,,,,,,,,,,,,,,,,,,,,,,,,,,,,,,,,,,,,,,,,,,,,,,,,,,,,,,,,,,,,,,,,,,,,,,,,,,54e4f5de-a87c-413a-a076-e54c991c2b6e,Set,Champions League,1972/1973
,,,,,,,,,,,,,,,,,,1.231149,,,,,,,,,,,,,72355b90-a6c1-455c-a83f-2fb7d18cc5cd,2444,,"[110.6, 45.9]",3888706,69,,,,,,,,,,,,,,,,,,,,,,,2,Regular Play,Johnny Rep,397727.0,Right Wing,182,Ajax,806,"['1b04075a-5d11-4e6a-a92b-55160d64e1c4', 'c85a2d69-ba28-457b-a9ce-e2f01e8f2ae1']",14,,Right Foot,"[120.0, 34.2, 1.0]",True,"[{'location': [114.1, 38.6], 'player': {'id': 397668, 'name': 'Dino Zoff'}, 'position': {'id': 1, 'name': 'Goalkeeper'}, 'teammate': False}, {'location': [110.6, 44.6], 'player': {'id': 397731, 'name': 'Silvio Longobucco'}, 'position': {'id': 6, 'name': 'Left Back'}, 'teammate': False}]",,,,Off T,0.31475943,Half Volley,Open Play,,,,Ajax,806,00:24:14.454,Shot,True,Champions League,Ball Recovery,,,,,,,,,,,,,,,,,,,,,,,,,,,,,,,,,,,,,,,,,,,,,,,,,,,,,,,,,,,,,,,,,,,,,,,,,,,,,,,,,,,,,,,,,,,72355b90-a6c1-455c-a83f-2fb7d18cc5cd,Moving,Champions League,1972/1973
,,,,,,,,,,,,,,,,,,0.23327,,,,,,,,,,,,,e739c859-3fab-4e1a-be8b-8ef66945aa15,855,,"[91.2, 35.6]",3888706,24,,,,,,,,,,,,,,,,,,,,,,,1,From Keeper,Ruud Krol,39720.0,Left Back,68,Ajax,806,"['3cd6b1c2-c701-491a-99c9-32644edea15b', 'c272df15-b38f-4767-885f-5e28c524548a']",16,,Right Foot,"[100.7, 36.2]",,"[{'location': [103.4, 32.1], 'player': {'id': 39713, 'name': 'Johan Cruyff'}, 'position': {'id': 23, 'name': 'Center Forward'}, 'teammate': True}, {'location': [117.9, 38.7], 'player': {'id': 397668, 'name': 'Dino Zoff'}, 'position': {'id': 1, 'name': 'Goalkeeper'}, 'teammate': False}, {'location': [101.3, 22.3], 'player': {'id': 397731, 'name': 'Silvio Longobucco'}, 'position': {'id': 6, 'name': 'Left Back'}, 'teammate': False}, {'location': [102.4, 29.1], 'player': {'id': 39719, 'name': 'Arie Haan'}, 'position': {'id': 10, 'name': 'Center Defensive Midfield'}, 'teammate': True}, {'location': [104.1, 32.5], 'player': {'id': 397729, 'name': 'Gianpietro Marchetti'}, 'position': {'id': 2, 'name': 'Right Back'}, 'teammate': False}, {'location': [96.0, 48.8], 'player': {'id': 397727, 'name': 'Johnny Rep'}, 'position': {'id': 17, 'name': 'Right Wing'}, 'teammate': True}, {'location': [97.2, 32.3], 'player': {'id': 397728, 'name': 'Sandro Salvadore'}, 'position': {'id': 5, 'name': 'Left Center Back'}, 'teammate': False}, {'location': [100.7, 36.2], 'player': {'id': 397673, 'name': 'Giuseppe Furino'}, 'position': {'id': 10, 'name': 'Center Defensive Midfield'}, 'teammate': False}, {'location': [101.9, 47.6], 'player': {'id': 397730, 'name': 'Francesco Morini'}, 'position': {'id': 3, 'name': 'Right Center Back'}, 'teammate': False}]",6016f9c4-66c1-4020-9e66-eeecf450fb61,,,Blocked,0.030476477,Normal,Open Play,,,,Ajax,806,00:24:16.414,Shot,,Champions League,Goal Keeper,,,,,,,,,,,,,,,,,,,1.991096,,,,,,,,,,,,,6016f9c4-66c1-4020-9e66-eeecf450fb61,852.0,,"[80.1, 10.9]",3888706.0,24.0,,,,,1.3932949,e739c859-3fab-4e1a-be8b-8ef66945aa15,Right Foot,,,"[84.8, 37.1]",,Ground Pass,,26.618227,,Ruud Krol,True,,,,,,1.0,From Keeper,Johan Cruyff,39713.0,Center Forward,68.0,Ajax,806.0,['e4dacf13-bc64-41dc-aa82-0a60623cd968'],13.0,,,,,,,,,,,,,,,,Ajax,806.0,00:24:13.289,Pass,,Champions League,e739c859-3fab-4e1a-be8b-8ef66945aa15,Set,Champions League,1972/1973
,,,,,,,,,,,,,,,,,,1.135129,,,,,,,,,,,,,cffea127-3871-4b74-a179-8979f7f11bd5,877,,"[97.9, 21.0]",3888706,24,,,,,,,,,,,,,,,,,,,,,,,1,Regular Play,Roberto Bettega,397735.0,Left Wing,69,Juventus,224,['4a8cea70-f2b0-4361-b2d2-7f72198415db'],39,,Right Foot,"[117.3, 37.7, 2.2]",,"[{'location': [108.2, 46.3], 'player': {'id': 39713, 'name': 'Johan Cruyff'}, 'position': {'id': 23, 'name': 'Center Forward'}, 'teammate': False}, {'location': [99.6, 51.7], 'player': {'id': 397732, 'name': 'Franco Causio'}, 'position': {'id': 13, 'name': 'Right Center Midfield'}, 'teammate': True}, {'location': [108.5, 44.2], 'player': {'id': 397734, 'name': 'Pietro Anastasi'}, 'position': {'id': 23, 'name': 'Center Forward'}, 'teammate': True}, {'location': [100.9, 44.6], 'player': {'id': 39724, 'name': 'Gerrie Mühren'}, 'position': {'id': 15, 'name': 'Left Center Midfield'}, 'teammate': False}, {'location': [109.5, 19.0], 'player': {'id': 397727, 'name': 'Johnny Rep'}, 'position': {'id': 17, 'name': 'Right Wing'}, 'teammate': False}, {'location': [100.3, 22.2], 'player': {'id': 39720, 'name': 'Ruud Krol'}, 'position': {'id': 6, 'name': 'Left Back'}, 'teammate': False}, {'location': [109.3, 42.6], 'player': {'id': 39729, 'name': 'Horst Blankenburg'}, 'position': {'id': 5, 'name': 'Left Center Back'}, 'teammate': False}, {'location': [103.0, 36.8], 'player': {'id': 39726, 'name': 'Barry Hulshoff'}, 'position': {'id': 3, 'name': 'Right Center Back'}, 'teammate': False}, {'location': [103.3, 48.0], 'player': {'id': 39734, 'name': 'Wim Suurbier'}, 'position': {'id': 2, 'name': 'Right Back'}, 'teammate': False}, {'location': [100.7, 40.1], 'player': {'id': 39719, 'name': 'Arie Haan'}, 'position': {'id': 10, 'name': 'Center Defensive Midfield'}, 'teammate': False}, {'location': [109.3, 15.5], 'player': {'id': 397699, 'name': 'José João Altafini'}, 'position': {'id': 17, 'name': 'Right Wing'}, 'teammate': True}, {'location': [117.7, 39.0], 'player': {'id': 39728, 'name': 'Heinz Stuy'}, 'position': {'id': 1, 'name': 'Goalkeeper'}, 'teammate': False}, {'location': [99.4, 40.9], 'player': {'id': 397733, 'name': 'Fabio Capello'}, 'position': {'id': 15, 'name': 'Left Center Midfield'}, 'teammate': True}]",9dd3dcf8-d8c7-4075-b928-9f8e1394c4a7,,,Saved,0.009774627,Normal,Open Play,,,,Juventus,224,00:24:39.667,Shot,,Champions League,Pressure,,,,,,,,,,,,,,,,,,,1.422002,,,,,,,,,,,,,9dd3dcf8-d8c7-4075-b928-9f8e1394c4a7,873.0,,"[105.4, 12.4]",3888706.0,24.0,,,,,2.782822,cffea127-3871-4b74-a179-8979f7f11bd5,Left Foot,,,"[91.8, 17.5]",,Ground Pass,,14.524806,,Roberto Bettega,True,,,,,,1.0,Regular Play,Pietro Anastasi,397734.0,Center Forward,69.0,Juventus,224.0,['a07ad7c6-fec0-4b27-9d74-99951b7d2d41'],36.0,,,,,,,,,,,,,,,,Juventus,224.0,00:24:36.341,Pass,,Champions League,cffea127-3871-4b74-a179-8979f7f11bd5,Set,Champions League,1972/1973
,,,,,,,,,,,,,,,,,,1.278694,,,,,,,,,,,,,83cd0904-56d0-4246-a2b8-0df5566b51ba,901,,"[104.6, 37.5]",3888706,25,,,,,,,,,,,,,,,,,,,,,,,1,From Keeper,Gerrie Mühren,39724.0,Left Center Midfield,71,Ajax,806,"['04dffd5f-479c-4ca1-946a-7623dd0ffc06', 'b9d42ed3-0dc1-493f-9a2c-ec80512010b7']",9,,Left Foot,"[119.7, 36.9, 2.4]",,"[{'location': [100.9, 22.8], 'player': {'id': 39716, 'name': 'Piet Keizer'}, 'position': {'id': 21, 'name': 'Left Wing'}, 'teammate': True}, {'location': [102.6, 36.4], 'player': {'id': 397673, 'name': 'Giuseppe Furino'}, 'position': {'id': 10, 'name': 'Center Defensive Midfield'}, 'teammate': False}, {'location': [102.5, 47.2], 'player': {'id': 397731, 'name': 'Silvio Longobucco'}, 'position': {'id': 6, 'name': 'Left Back'}, 'teammate': False}, {'location': [108.4, 44.0], 'player': {'id': 397728, 'name': 'Sandro Salvadore'}, 'position': {'id': 5, 'name': 'Left Center Back'}, 'teammate': False}, {'location': [108.5, 35.6], 'player': {'id': 397730, 'name': 'Francesco Morini'}, 'position': {'id': 3, 'name': 'Right Center Back'}, 'teammate': False}, {'location': [118.3, 38.9], 'player': {'id': 397668, 'name': 'Dino Zoff'}, 'position': {'id': 1, 'name': 'Goalkeeper'}, 'teammate': False}, {'location': [105.8, 25.0], 'player': {'id': 397729, 'name': 'Gianpietro Marchetti'}, 'position': {'id': 2, 'name': 'Right Back'}, 'teammate': False}]",034c93ec-a8c8-4179-bfcc-5ad7083136c8,,,Saved,0.04716538,Volley,Open Play,,,,Ajax,806,00:25:09.448,Shot,True,Champions League,Pressure,,,,,,,,,,,,,,,,,,,1.699016,,,,,,,,,,,,,034c93ec-a8c8-4179-bfcc-5ad7083136c8,896.0,,"[87.3, 65.4]",3888706.0,25.0,,,,,-1.0204663,83cd0904-56d0-4246-a2b8-0df5566b51ba,Right Foot,True,,"[105.4, 35.9]",,High Pass,,34.610115,,Gerrie Mühren,True,,,,,,1.0,From Keeper,Ruud Krol,39720.0,Left Back,71.0,Ajax,806.0,['ba2869b6-0333-4c5d-8e34-043a3c14a90e'],6.0,,,,,,,,,,,,,,,,Ajax,806.0,00:25:06.398,Pass,,Champions League,83cd0904-56d0-4246-a2b8-0df5566b51ba,Set,Champions League,1972/1973
,,,,,,,,,,,,,,,,,,1.18393,,,,,,,,,,,,,b42a2284-725f-44cd-8922-7f8a6307cbeb,960,,"[82.2, 43.8]",3888706,27,,,,,,,,,,,,,,,,,,,,,,,1,From Throw In,Gianpietro Marchetti,397729.0,Right Back,77,Juventus,224,['2a1c287d-0d35-46c0-88ac-8b57c041f6e9'],16,,Left Foot,"[120.0, 23.6, 0.7]",,"[{'location': [99.1, 52.0], 'player': {'id': 397735, 'name': 'Roberto Bettega'}, 'position': {'id': 21, 'name': 'Left Wing'}, 'teammate': True}, {'location': [77.1, 56.4], 'player': {'id': 397733, 'name': 'Fabio Capello'}, 'position': {'id': 15, 'name': 'Left Center Midfield'}, 'teammate': True}, {'location': [93.8, 38.7], 'player': {'id': 397734, 'name': 'Pietro Anastasi'}, 'position': {'id': 23, 'name': 'Center Forward'}, 'teammate': True}, {'location': [98.9, 25.7], 'player': {'id': 397699, 'name': 'José João Altafini'}, 'position': {'id': 17, 'name': 'Right Wing'}, 'teammate': True}, {'location': [85.8, 36.2], 'player': {'id': 39729, 'name': 'Horst Blankenburg'}, 'position': {'id': 5, 'name': 'Left Center Back'}, 'teammate': False}, {'location': [100.0, 46.5], 'player': {'id': 39726, 'name': 'Barry Hulshoff'}, 'position': {'id': 3, 'name': 'Right Center Back'}, 'teammate': False}, {'location': [102.0, 33.8], 'player': {'id': 39720, 'name': 'Ruud Krol'}, 'position': {'id': 6, 'name': 'Left Back'}, 'teammate': False}, {'location': [102.4, 49.9], 'player': {'id': 39734, 'name': 'Wim Suurbier'}, 'position': {'id': 2, 'name': 'Right Back'}, 'teammate': False}, {'location': [85.2, 45.7], 'player': {'id': 39719, 'name': 'Arie Haan'}, 'position': {'id': 10, 'name': 'Center Defensive Midfield'}, 'teammate': False}, {'location': [117.3, 40.5], 'player': {'id': 39728, 'name': 'Heinz Stuy'}, 'position': {'id': 1, 'name': 'Goalkeeper'}, 'teammate': False}]",aa551e93-ae95-4a94-897b-4b72caabfd0f,,,Off T,0.007194152,Normal,Open Play,,,,Juventus,224,00:27:16.455,Shot,,Champions League,Ball Receipt*,,,,,,,,,,,,,,,,,,,1.663196,,,,,,,,,,,,,aa551e93-ae95-4a94-897b-4b72caabfd0f,957.0,,"[73.9, 80.0]",3888706.0,27.0,,,,,-1.6750679,b42a2284-725f-44cd-8922-7f8a6307cbeb,,,,"[71.2, 54.2]",,Low Pass,,25.940895,,Gianpietro Marchetti,True,,,,,Throw-in,1.0,From Throw In,Franco Causio,397732.0,Right Center Midfield,77.0,Juventus,224.0,['f8be3a06-6e06-4197-be11-9f8e1f046c71'],12.0,,,,,,,,,,,,,,,,Juventus,224.0,00:27:12.842,Pass,,Champions League,b42a2284-725f-44cd-8922-7f8a6307cbeb,Set,Champions League,1972/1973
,,,,,,,,,,,,,,,,,,1.23826,,,,,,,,,,,,,61ff45ff-9388-422e-854c-81e9c4835990,2554,,"[108.2, 40.4]",3888706,75,,,,,,,,,,,,,,,,,,,,,,,2,From Corner,José João Altafini,397699.0,Right Wing,197,Juventus,224,['52714179-ac11-44f2-8bbe-a48d2642ab88'],2,,Head,"[120.0, 37.5, 4.7]",,"[{'location': [112.5, 40.8], 'player': {'id': 39713, 'name': 'Johan Cruyff'}, 'position': {'id': 23, 'name': 'Center Forward'}, 'teammate': False}, {'location': [108.2, 43.7], 'player': {'id': 39719, 'name': 'Arie Haan'}, 'position': {'id': 10, 'name': 'Center Defensive Midfield'}, 'teammate': False}, {'location': [99.9, 31.4], 'player': {'id': 397733, 'name': 'Fabio Capello'}, 'position': {'id': 15, 'name': 'Left Center Midfield'}, 'teammate': True}, {'location': [106.7, 41.6], 'player': {'id': 397734, 'name': 'Pietro Anastasi'}, 'position': {'id': 23, 'name': 'Center Forward'}, 'teammate': True}, {'location': [113.0, 37.7], 'player': {'id': 397737, 'name': 'Antonello Cuccureddu'}, 'position': {'id': 13, 'name': 'Right Center Midfield'}, 'teammate': True}, {'location': [116.0, 41.6], 'player': {'id': 397736, 'name': 'Helmut Haller'}, 'position': {'id': 21, 'name': 'Left Wing'}, 'teammate': True}, {'location': [108.3, 41.7], 'player': {'id': 39729, 'name': 'Horst Blankenburg'}, 'position': {'id': 5, 'name': 'Left Center Back'}, 'teammate': False}, {'location': [119.4, 37.2], 'player': {'id': 39716, 'name': 'Piet Keizer'}, 'position': {'id': 21, 'name': 'Left Wing'}, 'teammate': False}, {'location': [114.8, 37.4], 'player': {'id': 39734, 'name': 'Wim Suurbier'}, 'position': {'id': 6, 'name': 'Left Back'}, 'teammate': False}, {'location': [108.5, 38.7], 'player': {'id': 39726, 'name': 'Barry Hulshoff'}, 'position': {'id': 3, 'name': 'Right Center Back'}, 'teammate': False}, {'location': [118.9, 40.3], 'player': {'id': 39728, 'name': 'Heinz Stuy'}, 'position': {'id': 1, 'name': 'Goalkeeper'}, 'teammate': False}]",50842b5c-558f-43a9-ac03-ed948fa3dc58,,,Off T,0.037738975,Normal,Open Play,,,,Juventus,224,00:30:02.607,Shot,,Champions League,Ball Receipt*,,,,,,,,,,,,,,,,,,,2.14968,,,,,,,,,,,,,50842b5c-558f-43a9-ac03-ed948fa3dc58,2552.0,,"[120.0, 0.1]",3888706.0,75.0,,,,,1.8556383,61ff45ff-9388-422e-854c-81e9c4835990,Right Foot,,,"[108.2, 40.4]",,High Pass,,41.992023,,José João Altafini,True,True,True,Straight,,Corner,2.0,From Corner,Helmut Haller,397736.0,Left Wing,197.0,Juventus,224.0,['d82a0dce-0342-459c-91ee-eba88cec7909'],0.0,,,,,,,,,,,,,,,,Juventus,224.0,00:30:00.435,Pass,,Champions League,61ff45ff-9388-422e-854c-81e9c4835990,Set,Champions League,1972/1973
,,,,,,,,,,,,,,,,,,0.131299,,,,,,,,,,,,,b014cb70-c043-426d-93fe-801c76a86ec1,1044,,"[107.7, 40.4]",3888706,30,,,,,,,,,,,,,,,,,,,,,,,1,Regular Play,Piet Keizer,39716.0,Left Wing,82,Ajax,806,['10ee3cb1-6477-4cfc-8399-166cfdb0c5b9'],3,,Head,"[117.3, 51.6]",,"[{'location': [108.8, 29.5], 'player': {'id': 397729, 'name': 'Gianpietro Marchetti'}, 'position': {'id': 2, 'name': 'Right Back'}, 'teammate': False}, {'location': [110.1, 36.5], 'player': {'id': 39720, 'name': 'Ruud Krol'}, 'position': {'id': 6, 'name': 'Left Back'}, 'teammate': True}, {'location': [108.9, 34.5], 'player': {'id': 397730, 'name': 'Francesco Morini'}, 'position': {'id': 3, 'name': 'Right Center Back'}, 'teammate': False}, {'location': [108.7, 39.1], 'player': {'id': 397728, 'name': 'Sandro Salvadore'}, 'position': {'id': 5, 'name': 'Left Center Back'}, 'teammate': False}, {'location': [119.1, 40.3], 'player': {'id': 397668, 'name': 'Dino Zoff'}, 'position': {'id': 1, 'name': 'Goalkeeper'}, 'teammate': False}, {'location': [106.3, 39.2], 'player': {'id': 397673, 'name': 'Giuseppe Furino'}, 'position': {'id': 10, 'name': 'Center Defensive Midfield'}, 'teammate': False}]",94e00de6-974d-4507-b302-fcf777c06959,,,Wayward,0.06551627,Normal,Open Play,,,,Ajax,806,00:30:03.302,Shot,,Champions League,Ball Receipt*,,,,,,,,,,,,,,,,,,,1.320338,,,,,,,,,,,,,94e00de6-974d-4507-b302-fcf777c06959,1042.0,,"[109.0, 5.7]",3888706.0,30.0,,,,,1.6082428,b014cb70-c043-426d-93fe-801c76a86ec1,Left Foot,True,,"[107.7, 40.4]",,High Pass,,34.724342,,Piet Keizer,True,,,,,,1.0,Regular Play,Gerrie Mühren,39724.0,Left Center Midfield,82.0,Ajax,806.0,['ead78c6a-ad37-41e6-81f1-a07ae893cfbf'],1.0,,,,,,,,,,,,,,,,Ajax,806.0,00:30:01.971,Pass,,Champions League,b014cb70-c043-426d-93fe-801c76a86ec1,Set,Champions League,1972/1973
,,,,,,,,,,,,,,,,,,0.437689,,,,,,,,,,,,,a5415e9b-591b-4e69-8443-2f9c4266ad55,1160,,"[100.9, 30.3]",3888706,33,,,,,,,,,,,,,,,,,,,,,,,1,Regular Play,Roberto Bettega,397735.0,Left Wing,91,Juventus,224,['94772beb-c49a-4d43-bfb2-d8b3e73d5e55'],3,,Left Foot,"[114.2, 36.2]",True,"[{'location': [108.4, 50.1], 'player': {'id': 39720, 'name': 'Ruud Krol'}, 'position': {'id': 6, 'name': 'Left Back'}, 'teammate': False}, {'location': [101.5, 33.0], 'player': {'id': 397733, 'name': 'Fabio Capello'}, 'position': {'id': 15, 'name': 'Left Center Midfield'}, 'teammate': True}, {'location': [100.8, 37.8], 'player': {'id': 397734, 'name': 'Pietro Anastasi'}, 'position': {'id': 23, 'name': 'Center Forward'}, 'teammate': True}, {'location': [108.2, 45.1], 'player': {'id': 397699, 'name': 'José João Altafini'}, 'position': {'id': 17, 'name': 'Right Wing'}, 'teammate': True}, {'location': [104.6, 47.0], 'player': {'id': 397732, 'name': 'Franco Causio'}, 'position': {'id': 13, 'name': 'Right Center Midfield'}, 'teammate': True}, {'location': [106.8, 38.5], 'player': {'id': 39729, 'name': 'Horst Blankenburg'}, 'position': {'id': 5, 'name': 'Left Center Back'}, 'teammate': False}, {'location': [107.4, 36.8], 'player': {'id': 39726, 'name': 'Barry Hulshoff'}, 'position': {'id': 3, 'name': 'Right Center Back'}, 'teammate': False}, {'location': [117.7, 39.0], 'player': {'id': 39728, 'name': 'Heinz Stuy'}, 'position': {'id': 1, 'name': 'Goalkeeper'}, 'teammate': False}, {'location': [106.4, 34.8], 'player': {'id': 39734, 'name': 'Wim Suurbier'}, 'position': {'id': 2, 'name': 'Right Back'}, 'teammate': False}, {'location': [105.4, 46.8], 'player': {'id': 39721, 'name': 'Johan Neeskens'}, 'position': {'id': 13, 'name': 'Right Center Midfield'}, 'teammate': False}, {'location': [97.7, 47.7], 'player': {'id': 39724, 'name': 'Gerrie Mühren'}, 'position': {'id': 15, 'name': 'Left Center Midfield'}, 'teammate': False}, {'location': [93.1, 40.1], 'player': {'id': 39719, 'name': 'Arie Haan'}, 'position': {'id': 10, 'name': 'Center Defensive Midfield'}, 'teammate': False}]",a5ad81c0-3473-4897-9e80-1515330bca10,,,Wayward,0.045814957,Volley,Open Play,,,,Juventus,224,00:33:03.921,Shot,,Champions League,Carry,,,,,,,,,,,,,,,,,,,1.812363,,,,,,,,,,,,,a5ad81c0-3473-4897-9e80-1515330bca10,1158.0,,"[100.3, 45.5]",3888706.0,33.0,,,,,-1.5313431,a5415e9b-591b-4e69-8443-2f9c4266ad55,Right Foot,,,"[100.9, 30.3]",,High Pass,,15.211838,,Roberto Bettega,True,,,,,,1.0,Regular Play,Franco Causio,397732.0,Right Center Midfield,91.0,Juventus,224.0,"['1d89f920-ea78-4da8-8a2f-7b634694ad4c', '62e00ba6-5831-4bde-8133-8963e20e33e6']",1.0,,,,,,,,,,,,,,,,Juventus,224.0,00:33:01.971,Pass,True,Champions League,a5415e9b-591b-4e69-8443-2f9c4266ad55,Set,Champions League,1972/1973
,,,,,,,,,,,,,,,,,,1.517079,,,,,,,,,,,,,2f0e311b-bc56-4343-9358-fd2cc38f61e3,2702,,"[77.7, 57.3]",3888706,78,,,,,,,,,,,,,,,,,,,,,,,2,Regular Play,Fabio Capello,397733.0,Left Center Midfield,207,Juventus,224,['95800a7c-30cb-45c8-9bbd-1bbe4e73d082'],25,,Right Foot,"[120.0, 45.5, 0.5]",,"[{'location': [94.2, 34.1], 'player': {'id': 39721, 'name': 'Johan Neeskens'}, 'position': {'id': 13, 'name': 'Right Center Midfield'}, 'teammate': False}, {'location': [103.6, 36.7], 'player': {'id': 397727, 'name': 'Johnny Rep'}, 'position': {'id': 17, 'name': 'Right Wing'}, 'teammate': False}, {'location': [98.1, 39.3], 'player': {'id': 397737, 'name': 'Antonello Cuccureddu'}, 'position': {'id': 13, 'name': 'Right Center Midfield'}, 'teammate': True}, {'location': [106.0, 31.8], 'player': {'id': 397699, 'name': 'José João Altafini'}, 'position': {'id': 17, 'name': 'Right Wing'}, 'teammate': True}, {'location': [95.5, 52.9], 'player': {'id': 397734, 'name': 'Pietro Anastasi'}, 'position': {'id': 23, 'name': 'Center Forward'}, 'teammate': True}, {'location': [104.8, 38.3], 'player': {'id': 39726, 'name': 'Barry Hulshoff'}, 'position': {'id': 3, 'name': 'Right Center Back'}, 'teammate': False}, {'location': [91.6, 57.4], 'player': {'id': 39734, 'name': 'Wim Suurbier'}, 'position': {'id': 6, 'name': 'Left Back'}, 'teammate': False}, {'location': [96.9, 52.0], 'player': {'id': 39729, 'name': 'Horst Blankenburg'}, 'position': {'id': 5, 'name': 'Left Center Back'}, 'teammate': False}, {'location': [78.8, 53.5], 'player': {'id': 39716, 'name': 'Piet Keizer'}, 'position': {'id': 21, 'name': 'Left Wing'}, 'teammate': False}, {'location': [106.7, 33.9], 'player': {'id': 39720, 'name': 'Ruud Krol'}, 'position': {'id': 2, 'name': 'Right Back'}, 'teammate': False}, {'location': [80.1, 51.9], 'player': {'id': 397736, 'name': 'Helmut Haller'}, 'position': {'id': 21, 'name': 'Left Wing'}, 'teammate': True}, {'location': [85.4, 50.3], 'player': {'id': 39719, 'name': 'Arie Haan'}, 'position': {'id': 10, 'name': 'Center Defensive Midfield'}, 'teammate': False}, {'location': [117.9, 40.6], 'player': {'id': 39728, 'name': 'Heinz Stuy'}, 'position': {'id': 1, 'name': 'Goalkeeper'}, 'teammate': False}]",7a2578b2-9f65-4320-8cff-7c289060edaa,,,Off T,0.005561524,Normal,Open Play,,,,Juventus,224,00:33:25.235,Shot,,Champions League,Carry,,,,,,,,,,,,,,,,,,,0.969812,,,,,,,,,,,,,7a2578b2-9f65-4320-8cff-7c289060edaa,2699.0,,"[71.5, 54.5]",3888706.0,78.0,,,,,0.88554054,2f0e311b-bc56-4343-9358-fd2cc38f61e3,Right Foot,,,"[80.9, 66.0]",,Ground Pass,,14.852946,,Fabio Capello,True,,,,,,2.0,Regular Play,Antonello Cuccureddu,397737.0,Right Center Midfield,207.0,Juventus,224.0,['aafd47ba-a7ba-4f92-97fe-d41bf9eaf37c'],22.0,,,,,,,,,,,,,,,,Juventus,224.0,00:33:22.159,Pass,,Champions League,2f0e311b-bc56-4343-9358-fd2cc38f61e3,Set,Champions League,1972/1973
,,,,,,,,,,,,,,,,,,0.183464,,,,,,,,,,,,,b78aa997-5acf-4a08-9dc3-ac238f1c4446,1188,,"[83.8, 43.5]",3888706,33,,,,,,,,,,,,,,,,,,,,,,,1,From Free Kick,Johan Cruyff,39713.0,Center Forward,93,Ajax,806,"['3b9d5ca0-cb27-4dc7-be40-a5fa3a18e6a5', 'dbeb212a-85fa-4cbd-8d58-6e2833b6d8a8']",38,,Right Foot,"[89.6, 42.7]",,"[{'location': [117.3, 39.8], 'player': {'id': 397668, 'name': 'Dino Zoff'}, 'position': {'id': 1, 'name': 'Goalkeeper'}, 'teammate': False}, {'location': [101.3, 28.4], 'player': {'id': 397729, 'name': 'Gianpietro Marchetti'}, 'position': {'id': 2, 'name': 'Right Back'}, 'teammate': False}, {'location': [98.4, 28.4], 'player': {'id': 39719, 'name': 'Arie Haan'}, 'position': {'id': 10, 'name': 'Center Defensive Midfield'}, 'teammate': True}, {'location': [99.7, 32.8], 'player': {'id': 397727, 'name': 'Johnny Rep'}, 'position': {'id': 17, 'name': 'Right Wing'}, 'teammate': True}, {'location': [101.3, 35.3], 'player': {'id': 397728, 'name': 'Sandro Salvadore'}, 'position': {'id': 5, 'name': 'Left Center Back'}, 'teammate': False}, {'location': [89.2, 39.6], 'player': {'id': 397673, 'name': 'Giuseppe Furino'}, 'position': {'id': 10, 'name': 'Center Defensive Midfield'}, 'teammate': False}, {'location': [96.9, 44.6], 'player': {'id': 39724, 'name': 'Gerrie Mühren'}, 'position': {'id': 15, 'name': 'Left Center Midfield'}, 'teammate': True}, {'location': [98.4, 45.4], 'player': {'id': 397730, 'name': 'Francesco Morini'}, 'position': {'id': 3, 'name': 'Right Center Back'}, 'teammate': False}, {'location': [96.2, 61.9], 'player': {'id': 397731, 'name': 'Silvio Longobucco'}, 'position': {'id': 6, 'name': 'Left Back'}, 'teammate': False}, {'location': [86.2, 71.8], 'player': {'id': 39721, 'name': 'Johan Neeskens'}, 'position': {'id': 13, 'name': 'Right Center Midfield'}, 'teammate': True}, {'location': [72.3, 33.9], 'player': {'id': 39734, 'name': 'Wim Suurbier'}, 'position': {'id': 2, 'name': 'Right Back'}, 'teammate': True}, {'location': [71.9, 48.0], 'player': {'id': 39720, 'name': 'Ruud Krol'}, 'position': {'id': 6, 'name': 'Left Back'}, 'teammate': True}, {'location': [89.8, 42.7], 'player': {'id': 397733, 'name': 'Fabio Capello'}, 'position': {'id': 15, 'name': 'Left Center Midfield'}, 'teammate': False}]",ed611af5-e27e-4c68-bd24-1a04a1d34b36,,,Blocked,0.0071407673,Normal,Open Play,,,,Ajax,806,00:33:38.305,Shot,,Champions League,Carry,,,,,,,,,,,,,,,,,,,1.603538,,,,,,,,,,,,,ed611af5-e27e-4c68-bd24-1a04a1d34b36,1185.0,,"[72.3, 28.1]",3888706.0,33.0,,,,,1.382361,b78aa997-5acf-4a08-9dc3-ac238f1c4446,Left Foot,,,"[76.4, 49.6]",,Ground Pass,,21.88744,,Johan Cruyff,True,,,,,,1.0,From Free Kick,Ruud Krol,39720.0,Left Back,93.0,Ajax,806.0,['b6e91419-7620-4f02-8cb0-384a58202ce8'],35.0,,,,,,,,,,,,,,,,Ajax,806.0,00:33:35.573,Pass,,Champions League,b78aa997-5acf-4a08-9dc3-ac238f1c4446,Set,Champions League,1972/1973
,,,,,,,,,,,,,,,,,,1.393673,,,,,,,,,,,,,f8e3b3fb-4e01-4b22-9b07-73435b912eb9,1223,,"[98.3, 45.9]",3888706,34,,,,,,,,,,,,,,,,,,,,,,,1,Regular Play,José João Altafini,397699.0,Right Wing,95,Juventus,224,"['642f8393-42aa-425d-911b-f3382d384bc5', '6462d907-f949-4bc6-ad82-19c85a0eebc2']",18,,Right Foot,"[117.5, 43.4, 0.4]",,"[{'location': [118.4, 42.5], 'player': {'id': 39728, 'name': 'Heinz Stuy'}, 'position': {'id': 1, 'name': 'Goalkeeper'}, 'teammate': False}, {'location': [89.2, 31.6], 'player': {'id': 397732, 'name': 'Franco Causio'}, 'position': {'id': 13, 'name': 'Right Center Midfield'}, 'teammate': True}, {'location': [101.2, 36.9], 'player': {'id': 397735, 'name': 'Roberto Bettega'}, 'position': {'id': 21, 'name': 'Left Wing'}, 'teammate': True}, {'location': [98.3, 30.3], 'player': {'id': 39734, 'name': 'Wim Suurbier'}, 'position': {'id': 2, 'name': 'Right Back'}, 'teammate': False}, {'location': [90.7, 40.9], 'player': {'id': 39719, 'name': 'Arie Haan'}, 'position': {'id': 10, 'name': 'Center Defensive Midfield'}, 'teammate': False}, {'location': [101.2, 44.4], 'player': {'id': 39726, 'name': 'Barry Hulshoff'}, 'position': {'id': 3, 'name': 'Right Center Back'}, 'teammate': False}, {'location': [101.7, 49.8], 'player': {'id': 39729, 'name': 'Horst Blankenburg'}, 'position': {'id': 5, 'name': 'Left Center Back'}, 'teammate': False}, {'location': [100.6, 51.8], 'player': {'id': 397734, 'name': 'Pietro Anastasi'}, 'position': {'id': 23, 'name': 'Center Forward'}, 'teammate': True}, {'location': [88.8, 48.4], 'player': {'id': 397733, 'name': 'Fabio Capello'}, 'position': {'id': 15, 'name': 'Left Center Midfield'}, 'teammate': True}, {'location': [98.8, 45.0], 'player': {'id': 39720, 'name': 'Ruud Krol'}, 'position': {'id': 6, 'name': 'Left Back'}, 'teammate': False}, {'location': [92.1, 51.6], 'player': {'id': 39724, 'name': 'Gerrie Mühren'}, 'position': {'id': 15, 'name': 'Left Center Midfield'}, 'teammate': False}]",,,,Saved,0.034510747,Half Volley,Open Play,,,,Juventus,224,00:34:18.819,Shot,True,Champions League,Pressure,,,,,,,,,,,,,,,,,,,,,,,,,,,,,,,,,,,,,,,,,,,,,,,,,,,,,,,,,,,,,,,,,,,,,,,,,,,,,,,,,,,,,,,,,,,f8e3b3fb-4e01-4b22-9b07-73435b912eb9,Set,Champions League,1972/1973
,,,,,,,,,,,,,,,,,,0.535392,,,,,,,,,,,,,060a3c1b-01cc-4462-812c-2641e5ffbe28,1293,,"[111.8, 25.1]",3888706,35,,,,,,,,,,,,,,,,,,,,,,,1,From Counter,Johan Cruyff,39713.0,Center Forward,100,Ajax,806,['ba2812d3-2ec5-40d0-b192-e928a7b19b1d'],42,,Left Foot,"[120.0, 31.6, 2.2]",True,"[{'location': [106.6, 31.0], 'player': {'id': 397728, 'name': 'Sandro Salvadore'}, 'position': {'id': 5, 'name': 'Left Center Back'}, 'teammate': False}, {'location': [108.5, 26.3], 'player': {'id': 397730, 'name': 'Francesco Morini'}, 'position': {'id': 3, 'name': 'Right Center Back'}, 'teammate': False}, {'location': [118.8, 36.3], 'player': {'id': 397668, 'name': 'Dino Zoff'}, 'position': {'id': 1, 'name': 'Goalkeeper'}, 'teammate': False}]",66955b4a-1ee5-4d05-b621-08cad639ff85,,,Off T,0.055378847,Half Volley,Open Play,,,,Ajax,806,00:35:42.219,Shot,,Champions League,Ball Receipt*,,,,,,,,,,,,,,,,,,,4.737452,,,,,,,,,,,,,66955b4a-1ee5-4d05-b621-08cad639ff85,1291.0,,"[46.9, 33.5]",3888706.0,35.0,,,,,-0.12871432,060a3c1b-01cc-4462-812c-2641e5ffbe28,Right Foot,,,"[111.8, 25.1]",,High Pass,,65.441345,,Johan Cruyff,True,,,Through Ball,True,,1.0,From Counter,Johan Neeskens,39721.0,Right Center Midfield,100.0,Ajax,806.0,['3aac2ea4-285c-4c1c-a47b-875b008caf39'],37.0,,,,,,,,,,,,,,,,Ajax,806.0,00:35:37.471,Pass,,Champions League,060a3c1b-01cc-4462-812c-2641e5ffbe28,Set,Champions League,1972/1973
,,,,,,,,,,,,,,,,,,1.193598,,,,,,,,,,,,,18643a68-dcf2-4f45-94c8-13026708367d,1343,,"[92.6, 32.1]",3888706,37,,,,,,,,,,,,,,,,,,,,,,,1,Regular Play,Johan Cruyff,39713.0,Center Forward,102,Ajax,806,"['07d49a3f-48f3-4d8a-820c-d98d4c921f4e', 'd4e13b5c-b2f4-4058-b595-d51db0b920dc']",6,,Right Foot,"[120.0, 45.1, 0.6]",,"[{'location': [117.0, 39.8], 'player': {'id': 397668, 'name': 'Dino Zoff'}, 'position': {'id': 1, 'name': 'Goalkeeper'}, 'teammate': False}, {'location': [108.7, 21.3], 'player': {'id': 397699, 'name': 'José João Altafini'}, 'position': {'id': 17, 'name': 'Right Wing'}, 'teammate': False}, {'location': [93.3, 41.9], 'player': {'id': 397733, 'name': 'Fabio Capello'}, 'position': {'id': 15, 'name': 'Left Center Midfield'}, 'teammate': False}, {'location': [94.4, 31.6], 'player': {'id': 397728, 'name': 'Sandro Salvadore'}, 'position': {'id': 5, 'name': 'Left Center Back'}, 'teammate': False}, {'location': [100.7, 32.0], 'player': {'id': 397729, 'name': 'Gianpietro Marchetti'}, 'position': {'id': 2, 'name': 'Right Back'}, 'teammate': False}, {'location': [103.0, 35.7], 'player': {'id': 397673, 'name': 'Giuseppe Furino'}, 'position': {'id': 10, 'name': 'Center Defensive Midfield'}, 'teammate': False}, {'location': [101.7, 42.3], 'player': {'id': 397730, 'name': 'Francesco Morini'}, 'position': {'id': 3, 'name': 'Right Center Back'}, 'teammate': False}, {'location': [104.4, 46.4], 'player': {'id': 397731, 'name': 'Silvio Longobucco'}, 'position': {'id': 6, 'name': 'Left Back'}, 'teammate': False}, {'location': [99.8, 47.6], 'player': {'id': 39726, 'name': 'Barry Hulshoff'}, 'position': {'id': 3, 'name': 'Right Center Back'}, 'teammate': True}, {'location': [101.1, 41.5], 'player': {'id': 39719, 'name': 'Arie Haan'}, 'position': {'id': 10, 'name': 'Center Defensive Midfield'}, 'teammate': True}, {'location': [100.3, 28.3], 'player': {'id': 397727, 'name': 'Johnny Rep'}, 'position': {'id': 17, 'name': 'Right Wing'}, 'teammate': True}]",90e32d88-cdb5-4c7b-9b60-8d8ec85423a0,,,Off T,0.028830428,Normal,Open Play,,,,Ajax,806,00:37:06.208,Shot,True,Champions League,Ball Receipt*,,,,,,,,,,,,,,,,,,,1.59076,,,,,,,,,,,,,90e32d88-cdb5-4c7b-9b60-8d8ec85423a0,1339.0,,"[62.5, 7.6]",3888706.0,36.0,,,,,-0.289271,18643a68-dcf2-4f45-94c8-13026708367d,Right Foot,,,"[70.9, 5.1]",,Ground Pass,,8.764132,,Johan Cruyff,True,,,,,,1.0,Regular Play,Horst Blankenburg,39729.0,Left Center Back,102.0,Ajax,806.0,['5d36b1fa-ffd0-4915-9349-0c305f65512a'],53.0,,,,,,,,,,,,,,,,Ajax,806.0,00:36:53.474,Pass,,Champions League,18643a68-dcf2-4f45-94c8-13026708367d,Set,Champions League,1972/1973
,,,,,,,,,,,,,,,,,,0.976403,,,,,,,,,,,,,56be1129-6dee-4efd-9390-c0e823bf957c,1392,,"[90.6, 43.4]",3888706,38,,,,,,,,,,,,,,,,,,,,,,,1,Regular Play,Barry Hulshoff,39726.0,Right Center Back,108,Ajax,806,['7b618c2a-b70d-4d4b-b8ff-f014bcf3c8b5'],13,,Right Foot,"[120.0, 44.6, 3.2]",,"[{'location': [96.5, 35.5], 'player': {'id': 39713, 'name': 'Johan Cruyff'}, 'position': {'id': 23, 'name': 'Center Forward'}, 'teammate': True}, {'location': [118.3, 40.9], 'player': {'id': 397668, 'name': 'Dino Zoff'}, 'position': {'id': 1, 'name': 'Goalkeeper'}, 'teammate': False}, {'location': [87.3, 29.6], 'player': {'id': 397732, 'name': 'Franco Causio'}, 'position': {'id': 13, 'name': 'Right Center Midfield'}, 'teammate': False}, {'location': [97.3, 57.9], 'player': {'id': 397731, 'name': 'Silvio Longobucco'}, 'position': {'id': 6, 'name': 'Left Back'}, 'teammate': False}, {'location': [104.3, 47.8], 'player': {'id': 397728, 'name': 'Sandro Salvadore'}, 'position': {'id': 5, 'name': 'Left Center Back'}, 'teammate': False}, {'location': [97.2, 42.4], 'player': {'id': 397673, 'name': 'Giuseppe Furino'}, 'position': {'id': 10, 'name': 'Center Defensive Midfield'}, 'teammate': False}, {'location': [101.3, 33.9], 'player': {'id': 397730, 'name': 'Francesco Morini'}, 'position': {'id': 3, 'name': 'Right Center Back'}, 'teammate': False}, {'location': [102.3, 30.6], 'player': {'id': 397729, 'name': 'Gianpietro Marchetti'}, 'position': {'id': 2, 'name': 'Right Back'}, 'teammate': False}, {'location': [97.7, 21.3], 'player': {'id': 39729, 'name': 'Horst Blankenburg'}, 'position': {'id': 5, 'name': 'Left Center Back'}, 'teammate': True}, {'location': [103.3, 48.7], 'player': {'id': 39719, 'name': 'Arie Haan'}, 'position': {'id': 10, 'name': 'Center Defensive Midfield'}, 'teammate': True}, {'location': [100.8, 31.2], 'player': {'id': 397727, 'name': 'Johnny Rep'}, 'position': {'id': 17, 'name': 'Right Wing'}, 'teammate': True}]",43f26908-f45b-4d1c-8bd4-310f239bc6fb,,,Off T,0.02813246,Normal,Open Play,,,,Ajax,806,00:38:13.345,Shot,,Champions League,Ball Receipt*,,,,,,,,,,,,,,,,,,,1.432623,,,,,,,,,,,,,43f26908-f45b-4d1c-8bd4-310f239bc6fb,1389.0,,"[68.6, 13.7]",3888706.0,38.0,,,,,1.3756379,56be1129-6dee-4efd-9390-c0e823bf957c,Right Foot,,,"[75.4, 48.1]",,Ground Pass,,35.06565,,Barry Hulshoff,True,,,,,,1.0,Regular Play,Ruud Krol,39720.0,Left Back,108.0,Ajax,806.0,['08115d67-9b61-4f49-beaf-04df1072d8cd'],9.0,,,,,,,,,,,,,,,,Ajax,806.0,00:38:09.362,Pass,,Champions League,56be1129-6dee-4efd-9390-c0e823bf957c,Set,Champions League,1972/1973
,,,,,,,,,,,,,,,,,,0.714743,,,,,,,,,,,,,f13f765f-0286-439d-bb7a-fee851fbc467,1407,,"[113.3, 37.9]",3888706,39,,,,,,,,,,,,,,,,,,,,,,,1,From Free Kick,Gerrie Mühren,39724.0,Left Center Midfield,110,Ajax,806,['8cef0196-e5f3-4f62-bc9b-2e28cf145d91'],0,,Other,"[120.0, 35.2, 1.9]",,"[{'location': [119.4, 29.4], 'player': {'id': 39713, 'name': 'Johan Cruyff'}, 'position': {'id': 23, 'name': 'Center Forward'}, 'teammate': True}, {'location': [103.4, 21.7], 'player': {'id': 397727, 'name': 'Johnny Rep'}, 'position': {'id': 17, 'name': 'Right Wing'}, 'teammate': True}, {'location': [113.9, 36.6], 'player': {'id': 397728, 'name': 'Sandro Salvadore'}, 'position': {'id': 5, 'name': 'Left Center Back'}, 'teammate': False}, {'location': [112.3, 28.8], 'player': {'id': 397734, 'name': 'Pietro Anastasi'}, 'position': {'id': 23, 'name': 'Center Forward'}, 'teammate': False}, {'location': [118.0, 30.6], 'player': {'id': 397729, 'name': 'Gianpietro Marchetti'}, 'position': {'id': 2, 'name': 'Right Back'}, 'teammate': False}, {'location': [118.0, 37.6], 'player': {'id': 397668, 'name': 'Dino Zoff'}, 'position': {'id': 1, 'name': 'Goalkeeper'}, 'teammate': False}]",4dbc171b-291f-4720-a2f2-f14d309d3118,,,Off T,0.3280351,Normal,Open Play,,,,Ajax,806,00:39:00.400,Shot,,Champions League,Carry,,,,,,,,,,,,,,,,,,,0.653988,,,,,,,,,,,,,4dbc171b-291f-4720-a2f2-f14d309d3118,1404.0,,"[116.9, 28.7]",3888706.0,38.0,,,,,1.943784,f13f765f-0286-439d-bb7a-fee851fbc467,Left Foot,,True,"[113.3, 37.9]",,Low Pass,,9.8792715,,Gerrie Mühren,True,,,,,,1.0,From Free Kick,Johan Cruyff,39713.0,Center Forward,110.0,Ajax,806.0,['2011d787-ee04-476f-bb56-e393b2f759b3'],59.0,,,,,,,,,,,,,,,,Ajax,806.0,00:38:59.743,Pass,,Champions League,f13f765f-0286-439d-bb7a-fee851fbc467,Set,Champions League,1972/1973
,,,,,,,,,,,,,,,,,,1.42707,,,,,,,,,,,,,940ae024-bee1-47bd-9480-173be4a0c371,1426,,"[87.8, 56.5]",3888706,39,,,,,,,,,,,,,,,,,,,,,,,1,Regular Play,Johan Neeskens,39721.0,Right Center Midfield,112,Ajax,806,['5dea023f-468c-42f1-b453-3535d51137cf'],42,,Right Foot,"[120.0, 40.2, 5.1]",,"[{'location': [103.5, 38.0], 'player': {'id': 39713, 'name': 'Johan Cruyff'}, 'position': {'id': 23, 'name': 'Center Forward'}, 'teammate': True}, {'location': [118.3, 41.5], 'player': {'id': 397668, 'name': 'Dino Zoff'}, 'position': {'id': 1, 'name': 'Goalkeeper'}, 'teammate': False}, {'location': [109.3, 33.0], 'player': {'id': 39716, 'name': 'Piet Keizer'}, 'position': {'id': 21, 'name': 'Left Wing'}, 'teammate': True}, {'location': [111.7, 32.3], 'player': {'id': 397699, 'name': 'José João Altafini'}, 'position': {'id': 17, 'name': 'Right Wing'}, 'teammate': False}, {'location': [111.2, 36.6], 'player': {'id': 397729, 'name': 'Gianpietro Marchetti'}, 'position': {'id': 2, 'name': 'Right Back'}, 'teammate': False}, {'location': [112.5, 35.8], 'player': {'id': 39726, 'name': 'Barry Hulshoff'}, 'position': {'id': 3, 'name': 'Right Center Back'}, 'teammate': True}, {'location': [104.0, 44.0], 'player': {'id': 397728, 'name': 'Sandro Salvadore'}, 'position': {'id': 5, 'name': 'Left Center Back'}, 'teammate': False}, {'location': [105.3, 38.6], 'player': {'id': 397730, 'name': 'Francesco Morini'}, 'position': {'id': 3, 'name': 'Right Center Back'}, 'teammate': False}, {'location': [95.9, 33.4], 'player': {'id': 397732, 'name': 'Franco Causio'}, 'position': {'id': 13, 'name': 'Right Center Midfield'}, 'teammate': False}, {'location': [88.3, 32.8], 'player': {'id': 39729, 'name': 'Horst Blankenburg'}, 'position': {'id': 5, 'name': 'Left Center Back'}, 'teammate': True}, {'location': [91.4, 51.0], 'player': {'id': 397673, 'name': 'Giuseppe Furino'}, 'position': {'id': 10, 'name': 'Center Defensive Midfield'}, 'teammate': False}, {'location': [96.6, 55.1], 'player': {'id': 397731, 'name': 'Silvio Longobucco'}, 'position': {'id': 6, 'name': 'Left Back'}, 'teammate': False}, {'location': [96.9, 72.4], 'player': {'id': 397727, 'name': 'Johnny Rep'}, 'position': {'id': 17, 'name': 'Right Wing'}, 'teammate': True}, {'location': [86.6, 48.9], 'player': {'id': 39719, 'name': 'Arie Haan'}, 'position': {'id': 10, 'name': 'Center Defensive Midfield'}, 'teammate': True}]",,,,Off T,0.00810689,Normal,Open Play,,,,Ajax,806,00:39:42.551,Shot,,Champions League,Foul Committed,,,,,,,,,,,,,,,,,,,,,,,,,,,,,,,,,,,,,,,,,,,,,,,,,,,,,,,,,,,,,,,,,,,,,,,,,,,,,,,,,,,,,,,,,,,940ae024-bee1-47bd-9480-173be4a0c371,Set,Champions League,1972/1973
,,,,,,,,,,,,,,,,,,0.067902,,,,,,,,,,,,,e7a25b8e-e97d-4f41-ae18-e70dcfd354f6,3025,,"[100.5, 37.7]",3888706,86,,,,,,,,,,,,,,,,,,,,,,,2,From Free Kick,Gerrie Mühren,39724.0,Left Center Midfield,223,Ajax,806,"['122cb370-9e0e-45c2-8e3a-a9e007085e31', '7622be29-bd4e-4dc4-a4ed-81d405009784', '9d185f6f-9144-48c3-8873-e654b6ce9c94']",27,,Left Foot,"[101.7, 37.8]",,"[{'location': [100.7, 43.4], 'player': {'id': 397731, 'name': 'Silvio Longobucco'}, 'position': {'id': 6, 'name': 'Left Back'}, 'teammate': False}, {'location': [117.9, 39.0], 'player': {'id': 397668, 'name': 'Dino Zoff'}, 'position': {'id': 1, 'name': 'Goalkeeper'}, 'teammate': False}, {'location': [100.7, 27.2], 'player': {'id': 397729, 'name': 'Gianpietro Marchetti'}, 'position': {'id': 2, 'name': 'Right Back'}, 'teammate': False}, {'location': [100.7, 34.5], 'player': {'id': 397737, 'name': 'Antonello Cuccureddu'}, 'position': {'id': 13, 'name': 'Right Center Midfield'}, 'teammate': False}, {'location': [102.0, 38.0], 'player': {'id': 397728, 'name': 'Sandro Salvadore'}, 'position': {'id': 5, 'name': 'Left Center Back'}, 'teammate': False}, {'location': [101.5, 48.1], 'player': {'id': 397730, 'name': 'Francesco Morini'}, 'position': {'id': 3, 'name': 'Right Center Back'}, 'teammate': False}, {'location': [96.1, 58.4], 'player': {'id': 397673, 'name': 'Giuseppe Furino'}, 'position': {'id': 10, 'name': 'Center Defensive Midfield'}, 'teammate': False}]",6e9752b9-21bb-47c4-bf4c-452d67f75a0a,,,Blocked,0.049095146,Normal,Open Play,,,,Ajax,806,00:41:27.495,Shot,True,Champions League,Pressure,,,,,,,,,,,,,,,,,,,2.088015,,,,,,,,,,,,,6e9752b9-21bb-47c4-bf4c-452d67f75a0a,3018.0,,"[84.3, 45.3]",3888706.0,86.0,,,,,-1.1324598,e7a25b8e-e97d-4f41-ae18-e70dcfd354f6,Right Foot,,,"[88.8, 35.7]",,Ground Pass,,10.602358,,Gerrie Mühren,True,,,,,,2.0,From Free Kick,Johan Neeskens,39721.0,Right Center Midfield,223.0,Ajax,806.0,['59eaac4b-5289-4fa3-8bb9-28b6d3894fd3'],23.0,,,,,,,,,,,,,,,,Ajax,806.0,00:41:23.445,Pass,,Champions League,e7a25b8e-e97d-4f41-ae18-e70dcfd354f6,Set,Champions League,1972/1973
,,,,,,,,,,,,,,,,,,0.657699,,,,,,,,,,,,,10618ed8-3485-4c35-a13e-8175c88bc131,3033,,"[117.4, 38.7]",3888706,86,,,True,,,,,,,,,,,,,,,,,,,,2,From Corner,Barry Hulshoff,39726.0,Right Center Back,224,Ajax,806,['a7e88c65-b438-4b0f-9407-3e9aa107da6c'],52,,Head,"[120.0, 42.1, 2.9]",,"[{'location': [118.3, 30.2], 'player': {'id': 397730, 'name': 'Francesco Morini'}, 'position': {'id': 3, 'name': 'Right Center Back'}, 'teammate': False}, {'location': [115.5, 37.8], 'player': {'id': 397728, 'name': 'Sandro Salvadore'}, 'position': {'id': 5, 'name': 'Left Center Back'}, 'teammate': False}, {'location': [114.8, 43.8], 'player': {'id': 397727, 'name': 'Johnny Rep'}, 'position': {'id': 17, 'name': 'Right Wing'}, 'teammate': True}, {'location': [117.1, 42.2], 'player': {'id': 397731, 'name': 'Silvio Longobucco'}, 'position': {'id': 6, 'name': 'Left Back'}, 'teammate': False}, {'location': [117.6, 39.6], 'player': {'id': 397668, 'name': 'Dino Zoff'}, 'position': {'id': 1, 'name': 'Goalkeeper'}, 'teammate': False}]",fef0464a-d5c5-4e49-a04c-aecfa67b896f,,True,Post,0.50052303,Normal,Open Play,,,,Ajax,806,00:41:52.535,Shot,,Champions League,Ball Receipt*,,,,,,,,,,,,,,,,,,,1.81475,,,,,,,,,,,,,fef0464a-d5c5-4e49-a04c-aecfa67b896f,3031.0,,"[116.0, 9.1]",3888706.0,86.0,,,,,1.5235343,10618ed8-3485-4c35-a13e-8175c88bc131,Left Foot,True,,"[117.4, 38.7]",,High Pass,,29.63309,,Barry Hulshoff,True,,,,,,2.0,From Corner,Piet Keizer,39716.0,Left Wing,224.0,Ajax,806.0,['5c0ac8cc-f0cc-4d7a-9443-da958d5c8ff8'],50.0,,,,,,,,,,,,,,,,Ajax,806.0,00:41:50.720,Pass,,Champions League,10618ed8-3485-4c35-a13e-8175c88bc131,Moving,Champions League,1972/1973
,,,,,,,,,,,,,,,,,,0.890254,,,,,,,,,,,,,87eeecac-c615-4bde-b5f4-8671ca2bccbb,1488,,"[111.9, 40.2]",3888706,42,,,,,,,,,,,,,,,,,,,,,,,1,From Free Kick,Roberto Bettega,397735.0,Left Wing,119,Juventus,224,['edf52edd-c23b-4cf8-946f-178573595ba9'],27,,Other,"[117.1, 40.6, 2.0]",,"[{'location': [109.4, 38.2], 'player': {'id': 39720, 'name': 'Ruud Krol'}, 'position': {'id': 6, 'name': 'Left Back'}, 'teammate': False}, {'location': [111.6, 37.7], 'player': {'id': 39729, 'name': 'Horst Blankenburg'}, 'position': {'id': 5, 'name': 'Left Center Back'}, 'teammate': False}, {'location': [112.2, 42.6], 'player': {'id': 39726, 'name': 'Barry Hulshoff'}, 'position': {'id': 3, 'name': 'Right Center Back'}, 'teammate': False}, {'location': [118.6, 40.4], 'player': {'id': 39728, 'name': 'Heinz Stuy'}, 'position': {'id': 1, 'name': 'Goalkeeper'}, 'teammate': False}, {'location': [112.1, 45.0], 'player': {'id': 397699, 'name': 'José João Altafini'}, 'position': {'id': 17, 'name': 'Right Wing'}, 'teammate': True}]",417dd34d-2616-41ae-9440-df1a413f760a,,,Saved,0.19154936,Normal,Open Play,,,,Juventus,224,00:42:27.410,Shot,,Champions League,Ball Receipt*,,,,,,,,,,,,,,,,,,,1.378992,,,,,,,,,,,,,417dd34d-2616-41ae-9440-df1a413f760a,1485.0,,"[105.7, 14.2]",3888706.0,42.0,,,,,1.3367065,87eeecac-c615-4bde-b5f4-8671ca2bccbb,Right Foot,True,,"[111.9, 40.2]",,High Pass,,26.72901,,Roberto Bettega,True,,,,,,1.0,From Free Kick,Fabio Capello,397733.0,Left Center Midfield,119.0,Juventus,224.0,['e4567cbe-96c2-4f52-9c0d-c2d034d2f02e'],26.0,,,,,,,,,,,,,,,,Juventus,224.0,00:42:26.006,Pass,,Champions League,87eeecac-c615-4bde-b5f4-8671ca2bccbb,Set,Champions League,1972/1973
,,,,,,,,,,,,,,,,,,1.426141,,,,,,,,,,,,,815b25e9-5861-4afd-b55d-4b58539d0e85,1525,,"[86.2, 44.1]",3888706,43,,,,,,,,,,,,,,,,,,,,,,,1,Regular Play,Johan Neeskens,39721.0,Right Center Midfield,122,Ajax,806,['f8ab09c5-796a-4978-b888-f4066f1cdd44'],19,,Left Foot,"[120.0, 32.0, 4.4]",,"[{'location': [118.0, 39.8], 'player': {'id': 397668, 'name': 'Dino Zoff'}, 'position': {'id': 1, 'name': 'Goalkeeper'}, 'teammate': False}, {'location': [88.6, 33.2], 'player': {'id': 397733, 'name': 'Fabio Capello'}, 'position': {'id': 15, 'name': 'Left Center Midfield'}, 'teammate': False}, {'location': [101.1, 39.8], 'player': {'id': 397730, 'name': 'Francesco Morini'}, 'position': {'id': 3, 'name': 'Right Center Back'}, 'teammate': False}, {'location': [95.2, 48.0], 'player': {'id': 397731, 'name': 'Silvio Longobucco'}, 'position': {'id': 6, 'name': 'Left Back'}, 'teammate': False}, {'location': [88.0, 45.4], 'player': {'id': 397673, 'name': 'Giuseppe Furino'}, 'position': {'id': 10, 'name': 'Center Defensive Midfield'}, 'teammate': False}, {'location': [92.0, 36.2], 'player': {'id': 397728, 'name': 'Sandro Salvadore'}, 'position': {'id': 5, 'name': 'Left Center Back'}, 'teammate': False}, {'location': [94.6, 45.5], 'player': {'id': 39719, 'name': 'Arie Haan'}, 'position': {'id': 10, 'name': 'Center Defensive Midfield'}, 'teammate': True}, {'location': [95.5, 39.3], 'player': {'id': 39729, 'name': 'Horst Blankenburg'}, 'position': {'id': 5, 'name': 'Left Center Back'}, 'teammate': True}]",9c9eb710-d6fd-4886-a6b3-e019e47d9762,,,Off T,0.018556701,Normal,Open Play,,,,Ajax,806,00:43:19.445,Shot,,Champions League,Dribble,,,,,,,,,,,,,,,,,,,1.433114,,,,,,,,,,,,,9c9eb710-d6fd-4886-a6b3-e019e47d9762,1518.0,,"[80.0, 50.2]",3888706.0,43.0,,,,,0.4729066,815b25e9-5861-4afd-b55d-4b58539d0e85,Right Foot,,,"[88.6, 54.6]",,Ground Pass,,9.660228,,Johan Neeskens,True,,,,,,1.0,Regular Play,Arie Haan,39719.0,Center Defensive Midfield,122.0,Ajax,806.0,['8c8497e6-31aa-46ec-a25a-706deeab46a2'],16.0,,,,,,,,,,,,,,,,Ajax,806.0,00:43:16.391,Pass,,Champions League,815b25e9-5861-4afd-b55d-4b58539d0e85,Set,Champions League,1972/1973
,,,,,,,,,,,,,,,,,,0.365073,,,,,,,,,,,,,96d8c7bb-d0d3-4415-8df5-a2128b2a525d,3135,,"[98.2, 51.0]",3888706,88,,,,,,,,,,,,,,,,,,,,,,,2,From Free Kick,Pietro Anastasi,397734.0,Center Forward,228,Juventus,224,"['1c9b7fef-4776-4822-a4f7-4b95debc574f', 'bc646db3-c1c7-41ce-a691-0d63102471b8']",55,,Right Foot,"[103.4, 48.7]",,"[{'location': [100.0, 59.6], 'player': {'id': 39726, 'name': 'Barry Hulshoff'}, 'position': {'id': 3, 'name': 'Right Center Back'}, 'teammate': False}, {'location': [97.5, 69.0], 'player': {'id': 397729, 'name': 'Gianpietro Marchetti'}, 'position': {'id': 2, 'name': 'Right Back'}, 'teammate': True}, {'location': [91.5, 47.5], 'player': {'id': 397699, 'name': 'José João Altafini'}, 'position': {'id': 17, 'name': 'Right Wing'}, 'teammate': True}, {'location': [101.9, 32.8], 'player': {'id': 397737, 'name': 'Antonello Cuccureddu'}, 'position': {'id': 13, 'name': 'Right Center Midfield'}, 'teammate': True}, {'location': [106.5, 36.5], 'player': {'id': 397733, 'name': 'Fabio Capello'}, 'position': {'id': 15, 'name': 'Left Center Midfield'}, 'teammate': True}, {'location': [107.3, 38.5], 'player': {'id': 39720, 'name': 'Ruud Krol'}, 'position': {'id': 2, 'name': 'Right Back'}, 'teammate': False}, {'location': [104.4, 34.2], 'player': {'id': 39721, 'name': 'Johan Neeskens'}, 'position': {'id': 13, 'name': 'Right Center Midfield'}, 'teammate': False}, {'location': [93.4, 57.8], 'player': {'id': 39724, 'name': 'Gerrie Mühren'}, 'position': {'id': 15, 'name': 'Left Center Midfield'}, 'teammate': False}, {'location': [96.5, 57.7], 'player': {'id': 39716, 'name': 'Piet Keizer'}, 'position': {'id': 21, 'name': 'Left Wing'}, 'teammate': False}, {'location': [99.3, 49.3], 'player': {'id': 39734, 'name': 'Wim Suurbier'}, 'position': {'id': 6, 'name': 'Left Back'}, 'teammate': False}, {'location': [95.2, 48.0], 'player': {'id': 39719, 'name': 'Arie Haan'}, 'position': {'id': 10, 'name': 'Center Defensive Midfield'}, 'teammate': False}, {'location': [117.9, 42.4], 'player': {'id': 39728, 'name': 'Heinz Stuy'}, 'position': {'id': 1, 'name': 'Goalkeeper'}, 'teammate': False}, {'location': [103.8, 48.4], 'player': {'id': 39729, 'name': 'Horst Blankenburg'}, 'position': {'id': 5, 'name': 'Left Center Back'}, 'teammate': False}]",117537d6-e982-4d4d-948b-3cf9faac46fd,,,Blocked,0.014431363,Overhead Kick,Open Play,,,,Juventus,224,00:43:55.289,Shot,,Champions League,Carry,,,,,,,,,,,,,,,,,,,1.086546,,,,,,,,,,,,,117537d6-e982-4d4d-948b-3cf9faac46fd,3132.0,,"[92.9, 74.8]",3888706.0,88.0,,,,,-1.5228626,96d8c7bb-d0d3-4415-8df5-a2128b2a525d,Right Foot,,,"[94.2, 47.7]",,Low Pass,,27.131163,,Pietro Anastasi,True,,,,,,2.0,From Free Kick,José João Altafini,397699.0,Right Wing,228.0,Juventus,224.0,['c69371a5-7d51-4e0c-bb52-ffebf4d43338'],52.0,,,,,,,,,,,,,,,,Juventus,224.0,00:43:52.819,Pass,,Champions League,96d8c7bb-d0d3-4415-8df5-a2128b2a525d,Set,Champions League,1972/1973
