ball_receipt_outcome_shot,ball_recovery_recovery_failure_shot,block_offensive_shot,carry_end_location_shot,clearance_aerial_won_shot,clearance_body_part_shot,clearance_head_shot,clearance_left_foot_shot,clearance_right_foot_shot,counterpress_shot,dribble_nutmeg_shot,dribble_outcome_shot,dribble_overrun_shot,duel_outcome_shot,duel_type_shot,duration_shot,foul_committed_advantage_shot,foul_committed_card_shot,foul_won_advantage_shot,foul_won_defensive_shot,goalkeeper_body_part_shot,goalkeeper_end_location_shot,goalkeeper_outcome_shot,goalkeeper_position_shot,goalkeeper_technique_shot,goalkeeper_type_shot,id_shot,index_shot,interception_outcome_shot,location_shot,match_id_shot,minute_shot,off_camera_shot,out_shot,pass_aerial_won_shot,pass_angle_shot,pass_assisted_shot_id_shot,pass_body_part_shot,pass_cross_shot,pass_cut_back_shot,pass_end_location_shot,pass_goal_assist_shot,pass_height_shot,pass_inswinging_shot,pass_length_shot,pass_outcome_shot,pass_outswinging_shot,pass_recipient_shot,pass_shot_assist_shot,pass_straight_shot,pass_switch_shot,pass_technique_shot,pass_through_ball_shot,pass_type_shot,period_shot,play_pattern_shot,player_shot,player_id_shot,position_shot,possession_shot,possession_team_shot,possession_team_id_shot,related_events_shot,second_shot,shot_aerial_won_shot,shot_body_part_shot,shot_end_location_shot,shot_first_time_shot,shot_freeze_frame_shot,shot_key_pass_id_shot,shot_one_on_one_shot,shot_outcome_shot,shot_statsbomb_xg_shot,shot_technique_shot,shot_type_shot,substitution_outcome_shot,substitution_replacement_shot,tactics_shot,team_shot,team_id_shot,timestamp_shot,type_shot,under_pressure_shot,comp_shot,play_before_type,ball_receipt_outcome_pass,ball_recovery_recovery_failure_pass,block_offensive_pass,carry_end_location_pass,clearance_aerial_won_pass,clearance_body_part_pass,clearance_head_pass,clearance_left_foot_pass,clearance_right_foot_pass,counterpress_pass,dribble_nutmeg_pass,dribble_outcome_pass,dribble_overrun_pass,duel_outcome_pass,duel_type_pass,duration_pass,foul_committed_advantage_pass,foul_committed_card_pass,foul_won_advantage_pass,foul_won_defensive_pass,goalkeeper_body_part_pass,goalkeeper_end_location_pass,goalkeeper_outcome_pass,goalkeeper_position_pass,goalkeeper_technique_pass,goalkeeper_type_pass,id_pass,index_pass,interception_outcome_pass,location_pass,match_id_pass,minute_pass,off_camera_pass,out_pass,pass_aerial_won_pass,pass_angle_pass,pass_assisted_shot_id_pass,pass_body_part_pass,pass_cross_pass,pass_cut_back_pass,pass_end_location_pass,pass_goal_assist_pass,pass_height_pass,pass_inswinging_pass,pass_length_pass,pass_outcome_pass,pass_outswinging_pass,pass_recipient_pass,pass_shot_assist_pass,pass_straight_pass,pass_switch_pass,pass_technique_pass,pass_through_ball_pass,pass_type_pass,period_pass,play_pattern_pass,player_pass,player_id_pass,position_pass,possession_pass,possession_team_pass,possession_team_id_pass,related_events_pass,second_pass,shot_aerial_won_pass,shot_body_part_pass,shot_end_location_pass,shot_first_time_pass,shot_freeze_frame_pass,shot_key_pass_id_pass,shot_one_on_one_pass,shot_outcome_pass,shot_statsbomb_xg_pass,shot_technique_pass,shot_type_pass,substitution_outcome_pass,substitution_replacement_pass,tactics_pass,team_pass,team_id_pass,timestamp_pass,type_pass,under_pressure_pass,comp_pass,shot_event,goalkeeper_position,league,season
,,,,,,,,,,,,,,,0.409513,,,,,,,,,,,51db2760-37af-46f5-85fd-a4c10b1322b6,1412,,"[98.1, 52.4]",3750248,47,,,,,,,,,,,,,,,,,,,,,,,2,Regular Play,Víctor Muñoz Manrique,39926.0,Right Defensive Midfield,116,Barcelona,217,"['68eaf6bb-282b-47f1-b648-1ce4fe731df6', '9096bad4-0fa4-4f34-8845-c2280ecd909e']",32,,Right Foot,"[108.0, 44.4]",,"[{'location': [106.2, 42.3], 'player': {'id': 39922, 'name': 'Francisco José Carrasco Hidalgo'}, 'position': {'id': 24, 'name': 'Left Center Forward'}, 'teammate': True}, {'location': [118.4, 40.0], 'player': {'id': 13798, 'name': 'Andoni Zubizarreta Urreta'}, 'position': {'id': 1, 'name': 'Goalkeeper'}, 'teammate': False}, {'location': [101.5, 44.2], 'player': {'id': 39916, 'name': 'Ismael Urtubi Aróstegui'}, 'position': {'id': 19, 'name': 'Center Attacking Midfield'}, 'teammate': False}, {'location': [98.9, 46.5], 'player': {'id': 38688, 'name': 'Andoni Goikoetxea'}, 'position': {'id': 5, 'name': 'Left Center Back'}, 'teammate': False}, {'location': [108.3, 43.7], 'player': {'id': 39913, 'name': 'Iñigo Liceranzu'}, 'position': {'id': 3, 'name': 'Right Center Back'}, 'teammate': False}, {'location': [101.2, 50.5], 'player': {'id': 39915, 'name': 'Miguel de Andrés'}, 'position': {'id': 11, 'name': 'Left Defensive Midfield'}, 'teammate': False}, {'location': [103.6, 51.9], 'player': {'id': 39914, 'name': 'José María Núñez'}, 'position': {'id': 6, 'name': 'Left Back'}, 'teammate': False}]",7392a9ce-6f1e-4f5a-90c9-8234ad644f88,,Blocked,0.028961375,Normal,Open Play,,,,Barcelona,217,00:02:32.258,Shot,,Copa del Rey,Carry,,,,,,,,,,,,,,,,1.445932,,,,,,,,,,,7392a9ce-6f1e-4f5a-90c9-8234ad644f88,1409.0,,"[88.5, 33.0]",3750248.0,47.0,,,,1.2814025,51db2760-37af-46f5-85fd-a4c10b1322b6,Left Foot,,,"[93.8, 50.8]",,Low Pass,,18.57229,,,Víctor Muñoz Manrique,True,,,,,,2.0,Regular Play,Marcos Alonso Peña,39924.0,Right Midfield,116.0,Barcelona,217.0,"['080ed704-d9b9-47b6-9431-d487505a3b5e', 'a4048c4d-ae42-4f39-8474-4ba3b04f4cc6']",29.0,,,,,,,,,,,,,,,Barcelona,217.0,00:02:29.975,Pass,True,Copa del Rey,51db2760-37af-46f5-85fd-a4c10b1322b6,Set,Copa del Rey,1983/1984
,,,,,,,,,,,,,,,1.275572,,,,,,,,,,,c6a9042d-23e6-4f00-87ab-8413083a4cb2,1505,,"[108.4, 34.2]",3750248,51,,,,,,,,,,,,,,,,,,,,,,,2,From Corner,José Ramón Alexanko Ventosa,38687.0,Right Center Back,124,Barcelona,217,"['b0645dec-81ff-4d7a-bde4-5ee0c3a633df', 'ec23b382-f082-4591-909a-80da7abb029a']",10,True,Head,"[118.7, 39.7, 0.9]",,"[{'location': [113.1, 39.2], 'player': {'id': 39914, 'name': 'José María Núñez'}, 'position': {'id': 6, 'name': 'Left Back'}, 'teammate': False}, {'location': [111.5, 40.3], 'player': {'id': 39922, 'name': 'Francisco José Carrasco Hidalgo'}, 'position': {'id': 24, 'name': 'Left Center Forward'}, 'teammate': True}, {'location': [119.2, 42.4], 'player': {'id': 39910, 'name': 'Santiago Urquiaga Pérez Lugar'}, 'position': {'id': 2, 'name': 'Right Back'}, 'teammate': False}, {'location': [95.2, 55.0], 'player': {'id': 39918, 'name': 'Tente Sánchez'}, 'position': {'id': 2, 'name': 'Right Back'}, 'teammate': True}, {'location': [119.0, 37.3], 'player': {'id': 13798, 'name': 'Andoni Zubizarreta Urreta'}, 'position': {'id': 1, 'name': 'Goalkeeper'}, 'teammate': False}, {'location': [111.7, 43.1], 'player': {'id': 39926, 'name': 'Víctor Muñoz Manrique'}, 'position': {'id': 9, 'name': 'Right Defensive Midfield'}, 'teammate': True}, {'location': [100.1, 54.1], 'player': {'id': 39928, 'name': 'Estanislao Argote Salaberría'}, 'position': {'id': 21, 'name': 'Left Wing'}, 'teammate': False}, {'location': [108.6, 48.4], 'player': {'id': 39917, 'name': 'Endika Guarrochenea Arzubiaga'}, 'position': {'id': 23, 'name': 'Center Forward'}, 'teammate': False}, {'location': [108.8, 34.5], 'player': {'id': 39913, 'name': 'Iñigo Liceranzu'}, 'position': {'id': 3, 'name': 'Right Center Back'}, 'teammate': False}, {'location': [107.3, 35.0], 'player': {'id': 38641, 'name': 'Diego Armando Maradona'}, 'position': {'id': 22, 'name': 'Right Center Forward'}, 'teammate': True}, {'location': [107.2, 33.6], 'player': {'id': 38688, 'name': 'Andoni Goikoetxea'}, 'position': {'id': 5, 'name': 'Left Center Back'}, 'teammate': False}, {'location': [110.8, 37.3], 'player': {'id': 39911, 'name': 'Francisco Salinas Fernández'}, 'position': {'id': 9, 'name': 'Right Defensive Midfield'}, 'teammate': False}, {'location': [113.0, 42.9], 'player': {'id': 39915, 'name': 'Miguel de Andrés'}, 'position': {'id': 11, 'name': 'Left Defensive Midfield'}, 'teammate': False}]",4d4c766b-2e6a-4594-85eb-43a1644706b6,,Saved,0.02096542,Normal,Open Play,,,,Barcelona,217,00:06:10.426,Shot,True,Copa del Rey,Duel,,,,,,,,,,,,,,,,2.263156,,,,,,,,,,,4d4c766b-2e6a-4594-85eb-43a1644706b6,1502.0,,"[120.0, 80.0]",3750248.0,51.0,,,,-1.7902939,c6a9042d-23e6-4f00-87ab-8413083a4cb2,Left Foot,,,"[108.6, 28.9]",,High Pass,True,52.356182,,,José Ramón Alexanko Ventosa,True,,True,Inswinging,,Corner,2.0,From Corner,Francisco José Carrasco Hidalgo,39922.0,Left Center Forward,124.0,Barcelona,217.0,['eeabc4a1-5b51-40e9-99be-cc3a03b66f3c'],8.0,,,,,,,,,,,,,,,Barcelona,217.0,00:06:08.163,Pass,,Copa del Rey,c6a9042d-23e6-4f00-87ab-8413083a4cb2,Set,Copa del Rey,1983/1984
,,,,,,,,,,,,,,,0.421082,,,,,,,,,,,1088310c-02b0-4ca5-903c-2bed709ce94a,246,,"[94.1, 39.0]",3750248,6,,,,,,,,,,,,,,,,,,,,,,,1,Regular Play,Endika Guarrochenea Arzubiaga,39917.0,Center Forward,16,Athletic Club,215,['1be02d30-e3e4-440e-917e-254560c455d6'],52,,Right Foot,"[103.1, 38.9, 2.0]",,"[{'location': [100.7, 27.8], 'player': {'id': 39926, 'name': 'Víctor Muñoz Manrique'}, 'position': {'id': 9, 'name': 'Right Defensive Midfield'}, 'teammate': False}, {'location': [89.4, 33.9], 'player': {'id': 38687, 'name': 'José Ramón Alexanko Ventosa'}, 'position': {'id': 3, 'name': 'Right Center Back'}, 'teammate': False}, {'location': [93.1, 37.8], 'player': {'id': 39923, 'name': 'Miguel Bernardo Bianquetti'}, 'position': {'id': 5, 'name': 'Left Center Back'}, 'teammate': False}, {'location': [94.8, 42.5], 'player': {'id': 39925, 'name': 'Julio Alberto Moreno Casas'}, 'position': {'id': 6, 'name': 'Left Back'}, 'teammate': False}, {'location': [103.3, 38.8], 'player': {'id': 39930, 'name': 'Francisco Javier González Urruticoechea'}, 'position': {'id': 1, 'name': 'Goalkeeper'}, 'teammate': False}, {'location': [89.2, 42.0], 'player': {'id': 39916, 'name': 'Ismael Urtubi Aróstegui'}, 'position': {'id': 19, 'name': 'Center Attacking Midfield'}, 'teammate': True}, {'location': [91.9, 33.1], 'player': {'id': 39912, 'name': 'Daniel Ruiz Bazan Justa'}, 'position': {'id': 21, 'name': 'Left Wing'}, 'teammate': True}, {'location': [89.8, 20.5], 'player': {'id': 39928, 'name': 'Estanislao Argote Salaberría'}, 'position': {'id': 17, 'name': 'Right Wing'}, 'teammate': True}]",613245bb-7a4c-46a2-901f-114f13a627db,,Saved,0.18886492,Lob,Open Play,,,,Athletic Club,215,00:06:52.716,Shot,,Copa del Rey,Carry,,,,,,,,,,,,,,,,0.92557,,,,,,,,,,,613245bb-7a4c-46a2-901f-114f13a627db,243.0,,"[78.0, 20.6]",3750248.0,6.0,,,,0.66221553,1088310c-02b0-4ca5-903c-2bed709ce94a,Right Foot,,,"[89.8, 29.8]",,Ground Pass,,14.96262,,,Endika Guarrochenea Arzubiaga,True,,,,,,1.0,Regular Play,Daniel Ruiz Bazan Justa,39912.0,Left Wing,16.0,Athletic Club,215.0,['b21b1bbb-8769-4e6f-88c6-ea2ee9e149cd'],49.0,,,,,,,,,,,,,,,Athletic Club,215.0,00:06:49.237,Pass,,Copa del Rey,1088310c-02b0-4ca5-903c-2bed709ce94a,Set,Copa del Rey,1983/1984
,,,,,,,,,,,,,,,0.486213,,,,,,,,,,,d2cd2615-e420-4a19-8419-7727c300ed44,306,,"[107.7, 62.3]",3750248,9,,,,,,,,,,,,,,,,,,,,,,,1,From Throw In,Daniel Ruiz Bazan Justa,39912.0,Right Wing,22,Athletic Club,215,"['363c146d-1ebb-42ce-8897-7fdcd4e9a990', 'c8b64736-7067-4905-b7d4-25a48358f198']",10,,Left Foot,"[113.9, 55.7]",True,"[{'location': [112.7, 48.7], 'player': {'id': 39918, 'name': 'Tente Sánchez'}, 'position': {'id': 2, 'name': 'Right Back'}, 'teammate': False}, {'location': [110.5, 49.9], 'player': {'id': 39923, 'name': 'Miguel Bernardo Bianquetti'}, 'position': {'id': 5, 'name': 'Left Center Back'}, 'teammate': False}, {'location': [118.1, 42.5], 'player': {'id': 39930, 'name': 'Francisco Javier González Urruticoechea'}, 'position': {'id': 1, 'name': 'Goalkeeper'}, 'teammate': False}, {'location': [112.5, 53.8], 'player': {'id': 38687, 'name': 'José Ramón Alexanko Ventosa'}, 'position': {'id': 3, 'name': 'Right Center Back'}, 'teammate': False}, {'location': [98.3, 58.1], 'player': {'id': 39926, 'name': 'Víctor Muñoz Manrique'}, 'position': {'id': 9, 'name': 'Right Defensive Midfield'}, 'teammate': False}, {'location': [108.2, 67.7], 'player': {'id': 39919, 'name': 'Juan Carlos Pérez Rojo'}, 'position': {'id': 16, 'name': 'Left Midfield'}, 'teammate': False}, {'location': [109.7, 61.8], 'player': {'id': 39925, 'name': 'Julio Alberto Moreno Casas'}, 'position': {'id': 6, 'name': 'Left Back'}, 'teammate': False}, {'location': [112.4, 49.7], 'player': {'id': 39928, 'name': 'Estanislao Argote Salaberría'}, 'position': {'id': 21, 'name': 'Left Wing'}, 'teammate': True}, {'location': [114.1, 55.6], 'player': {'id': 39916, 'name': 'Ismael Urtubi Aróstegui'}, 'position': {'id': 19, 'name': 'Center Attacking Midfield'}, 'teammate': True}, {'location': [97.8, 64.6], 'player': {'id': 39911, 'name': 'Francisco Salinas Fernández'}, 'position': {'id': 9, 'name': 'Right Defensive Midfield'}, 'teammate': True}]",,,Blocked,0.007248922,Half Volley,Open Play,,,,Athletic Club,215,00:09:10.922,Shot,,Copa del Rey,Ball Recovery,,,,,,,,,,,,,,,,,,,,,,,,,,,,,,,,,,,,,,,,,,,,,,,,,,,,,,,,,,,,,,,,,,,,,,,,,,,,,,,,,,,,,d2cd2615-e420-4a19-8419-7727c300ed44,Set,Copa del Rey,1983/1984
,,,,,,,,,,,,,,,0.237865,,,,,,,,,,,2cf46706-1151-45df-8e84-fd3f0d337220,342,,"[86.0, 28.4]",3750248,10,,,,,,,,,,,,,,,,,,,,,,,1,From Free Kick,Miguel de Andrés,39915.0,Left Defensive Midfield,24,Athletic Club,215,"['2ce56047-4b78-438e-8585-0495e87f8986', '524ee1b5-74b2-4320-8434-9464ba217485']",3,,Left Foot,"[94.3, 30.2]",,"[{'location': [94.6, 30.3], 'player': {'id': 38687, 'name': 'José Ramón Alexanko Ventosa'}, 'position': {'id': 3, 'name': 'Right Center Back'}, 'teammate': False}, {'location': [94.3, 36.3], 'player': {'id': 39923, 'name': 'Miguel Bernardo Bianquetti'}, 'position': {'id': 5, 'name': 'Left Center Back'}, 'teammate': False}, {'location': [117.8, 39.4], 'player': {'id': 39930, 'name': 'Francisco Javier González Urruticoechea'}, 'position': {'id': 1, 'name': 'Goalkeeper'}, 'teammate': False}, {'location': [87.0, 31.2], 'player': {'id': 39921, 'name': 'Bernd Schuster'}, 'position': {'id': 11, 'name': 'Left Defensive Midfield'}, 'teammate': False}, {'location': [88.0, 26.5], 'player': {'id': 39918, 'name': 'Tente Sánchez'}, 'position': {'id': 2, 'name': 'Right Back'}, 'teammate': False}, {'location': [87.7, 36.4], 'player': {'id': 39912, 'name': 'Daniel Ruiz Bazan Justa'}, 'position': {'id': 17, 'name': 'Right Wing'}, 'teammate': True}, {'location': [80.8, 45.2], 'player': {'id': 39919, 'name': 'Juan Carlos Pérez Rojo'}, 'position': {'id': 16, 'name': 'Left Midfield'}, 'teammate': False}, {'location': [94.9, 41.0], 'player': {'id': 39917, 'name': 'Endika Guarrochenea Arzubiaga'}, 'position': {'id': 23, 'name': 'Center Forward'}, 'teammate': True}, {'location': [93.5, 43.7], 'player': {'id': 39925, 'name': 'Julio Alberto Moreno Casas'}, 'position': {'id': 6, 'name': 'Left Back'}, 'teammate': False}, {'location': [87.0, 14.2], 'player': {'id': 39928, 'name': 'Estanislao Argote Salaberría'}, 'position': {'id': 21, 'name': 'Left Wing'}, 'teammate': True}, {'location': [85.7, 26.2], 'player': {'id': 39916, 'name': 'Ismael Urtubi Aróstegui'}, 'position': {'id': 19, 'name': 'Center Attacking Midfield'}, 'teammate': True}]",8cdda8d9-71c2-4906-a014-8c6b3232fecb,,Blocked,0.00643986,Normal,Open Play,,,,Athletic Club,215,00:10:03.049,Shot,,Copa del Rey,Pressure,,,,,,,,,,,,,,,,0.447693,,,,,,,,,,,8cdda8d9-71c2-4906-a014-8c6b3232fecb,339.0,,"[76.8, 28.2]",3750248.0,10.0,,,,0.9272952,2cf46706-1151-45df-8e84-fd3f0d337220,Right Foot,,,"[77.1, 28.6]",,Ground Pass,,0.5,,,Miguel de Andrés,True,,,,,Recovery,1.0,From Free Kick,Andoni Goikoetxea,38688.0,Left Center Back,24.0,Athletic Club,215.0,"['26fd33c3-87f3-4617-88d9-1ba701299fa7', '51a86213-c850-4d31-8495-ab49f8244738']",0.0,,,,,,,,,,,,,,,Athletic Club,215.0,00:10:00.493,Pass,,Copa del Rey,2cf46706-1151-45df-8e84-fd3f0d337220,Set,Copa del Rey,1983/1984
,,,,,,,,,,,,,,,0.579247,,,,,,,,,,,d5efecbe-563b-4d77-90a8-8c8110d3acab,435,,"[106.5, 46.1]",3750248,13,,,,,,,,,,,,,,,,,,,,,,,1,From Corner,Endika Guarrochenea Arzubiaga,39917.0,Center Forward,34,Athletic Club,215,"['06e24550-a173-4465-87f1-1c9a08ff5905', '8b7b760c-364e-4b04-b275-ff18fdf2b5dc']",16,,Left Foot,"[120.0, 43.1, 0.5]",,"[{'location': [105.8, 38.8], 'player': {'id': 38687, 'name': 'José Ramón Alexanko Ventosa'}, 'position': {'id': 3, 'name': 'Right Center Back'}, 'teammate': False}, {'location': [106.7, 37.8], 'player': {'id': 39924, 'name': 'Marcos Alonso Peña'}, 'position': {'id': 12, 'name': 'Right Midfield'}, 'teammate': False}, {'location': [104.2, 43.0], 'player': {'id': 39923, 'name': 'Miguel Bernardo Bianquetti'}, 'position': {'id': 5, 'name': 'Left Center Back'}, 'teammate': False}, {'location': [107.5, 47.2], 'player': {'id': 39919, 'name': 'Juan Carlos Pérez Rojo'}, 'position': {'id': 16, 'name': 'Left Midfield'}, 'teammate': False}, {'location': [115.7, 40.1], 'player': {'id': 39930, 'name': 'Francisco Javier González Urruticoechea'}, 'position': {'id': 1, 'name': 'Goalkeeper'}, 'teammate': False}]",1e0d8a59-99e7-48fe-a6c0-6aacc3f182fd,,Goal,0.24486575,Half Volley,Open Play,,,,Athletic Club,215,00:13:16.396,Shot,True,Copa del Rey,Pressure,,,,,,,,,,,,,,,,2.315752,,,,,,,,,,,1e0d8a59-99e7-48fe-a6c0-6aacc3f182fd,431.0,,"[85.1, 4.2]",3750248.0,13.0,,,,1.1615041,d5efecbe-563b-4d77-90a8-8c8110d3acab,Right Foot,True,,"[104.1, 48.0]",True,High Pass,,47.74348,,,Endika Guarrochenea Arzubiaga,,,True,,,Recovery,1.0,From Corner,Miguel de Andrés,39915.0,Left Defensive Midfield,34.0,Athletic Club,215.0,['31f6f348-c785-4f88-a8e7-a03d0f3b0052'],13.0,,,,,,,,,,,,,,,Athletic Club,215.0,00:13:13.339,Pass,,Copa del Rey,d5efecbe-563b-4d77-90a8-8c8110d3acab,Set,Copa del Rey,1983/1984
,,,,,,,,,,,,,,,0.089115,,,,,,,,,,,25316309-3925-4d04-a1b1-a668b82fe1ec,1767,,"[100.7, 27.1]",3750248,62,,,,,,,,,,,,,,,,,,,,,,,2,From Free Kick,Daniel Ruiz Bazan Justa,39912.0,Right Wing,141,Athletic Club,215,"['3ea87646-1cbb-4abc-9b98-fd5396021cae', '8b16dd66-85aa-47ac-b8c7-4c4b524b6459']",26,,Right Foot,"[103.9, 29.4]",True,"[{'location': [110.3, 29.0], 'player': {'id': 39918, 'name': 'Tente Sánchez'}, 'position': {'id': 2, 'name': 'Right Back'}, 'teammate': False}, {'location': [110.0, 30.9], 'player': {'id': 39921, 'name': 'Bernd Schuster'}, 'position': {'id': 11, 'name': 'Left Defensive Midfield'}, 'teammate': False}, {'location': [104.4, 32.9], 'player': {'id': 39925, 'name': 'Julio Alberto Moreno Casas'}, 'position': {'id': 6, 'name': 'Left Back'}, 'teammate': False}, {'location': [109.6, 33.5], 'player': {'id': 38687, 'name': 'José Ramón Alexanko Ventosa'}, 'position': {'id': 3, 'name': 'Right Center Back'}, 'teammate': False}, {'location': [109.8, 31.7], 'player': {'id': 39924, 'name': 'Marcos Alonso Peña'}, 'position': {'id': 12, 'name': 'Right Midfield'}, 'teammate': False}, {'location': [107.2, 41.0], 'player': {'id': 39919, 'name': 'Juan Carlos Pérez Rojo'}, 'position': {'id': 16, 'name': 'Left Midfield'}, 'teammate': False}, {'location': [109.9, 32.6], 'player': {'id': 39926, 'name': 'Víctor Muñoz Manrique'}, 'position': {'id': 9, 'name': 'Right Defensive Midfield'}, 'teammate': False}, {'location': [110.9, 46.0], 'player': {'id': 39923, 'name': 'Miguel Bernardo Bianquetti'}, 'position': {'id': 5, 'name': 'Left Center Back'}, 'teammate': False}, {'location': [108.3, 45.7], 'player': {'id': 39929, 'name': 'Manuel Sarabia López'}, 'position': {'id': 23, 'name': 'Center Forward'}, 'teammate': True}, {'location': [108.1, 32.2], 'player': {'id': 38688, 'name': 'Andoni Goikoetxea'}, 'position': {'id': 5, 'name': 'Left Center Back'}, 'teammate': True}, {'location': [119.4, 39.8], 'player': {'id': 39930, 'name': 'Francisco Javier González Urruticoechea'}, 'position': {'id': 1, 'name': 'Goalkeeper'}, 'teammate': False}, {'location': [99.2, 29.2], 'player': {'id': 39911, 'name': 'Francisco Salinas Fernández'}, 'position': {'id': 9, 'name': 'Right Defensive Midfield'}, 'teammate': True}, {'location': [101.2, 24.6], 'player': {'id': 39928, 'name': 'Estanislao Argote Salaberría'}, 'position': {'id': 21, 'name': 'Left Wing'}, 'teammate': True}, {'location': [104.3, 29.7], 'player': {'id': 39922, 'name': 'Francisco José Carrasco Hidalgo'}, 'position': {'id': 24, 'name': 'Left Center Forward'}, 'teammate': False}, {'location': [101.6, 36.7], 'player': {'id': 38641, 'name': 'Diego Armando Maradona'}, 'position': {'id': 22, 'name': 'Right Center Forward'}, 'teammate': False}]",e13e4d8a-3fa8-4245-b614-dab253198a3b,,Blocked,0.03434579,Normal,Open Play,,,,Athletic Club,215,00:17:26.324,Shot,,Copa del Rey,Ball Receipt*,,,,,,,,,,,,,,,,0.527289,,,,,,,,,,,e13e4d8a-3fa8-4245-b614-dab253198a3b,1765.0,,"[92.8, 38.8]",3750248.0,62.0,,,,-1.5707964,25316309-3925-4d04-a1b1-a668b82fe1ec,Left Foot,,,"[92.8, 36.6]",,Ground Pass,,2.2,,,Daniel Ruiz Bazan Justa,True,,,,,,2.0,From Free Kick,Ismael Urtubi Aróstegui,39916.0,Center Attacking Midfield,141.0,Athletic Club,215.0,['706be6b1-dc43-4796-ae45-ac0bc79c734d'],25.0,,,,,,,,,,,,,,,Athletic Club,215.0,00:17:25.637,Pass,,Copa del Rey,25316309-3925-4d04-a1b1-a668b82fe1ec,Set,Copa del Rey,1983/1984
,,,,,,,,,,,,,,,0.629267,,,,,,,,,,,dd88c73b-e0dc-4b20-8c65-c0274165232e,564,,"[102.3, 42.4]",3750248,18,,,,,,,,,,,,,,,,,,,,,,,1,From Free Kick,Diego Armando Maradona,38641.0,Right Center Forward,43,Barcelona,217,['aed6a30b-bd78-428d-b7cc-7247e061e06b'],55,,Right Foot,"[117.9, 42.0, 0.4]",,"[{'location': [102.8, 44.3], 'player': {'id': 39916, 'name': 'Ismael Urtubi Aróstegui'}, 'position': {'id': 19, 'name': 'Center Attacking Midfield'}, 'teammate': False}, {'location': [111.0, 38.6], 'player': {'id': 39910, 'name': 'Santiago Urquiaga Pérez Lugar'}, 'position': {'id': 2, 'name': 'Right Back'}, 'teammate': False}, {'location': [111.5, 46.5], 'player': {'id': 39914, 'name': 'José María Núñez'}, 'position': {'id': 6, 'name': 'Left Back'}, 'teammate': False}, {'location': [113.3, 35.5], 'player': {'id': 39911, 'name': 'Francisco Salinas Fernández'}, 'position': {'id': 9, 'name': 'Right Defensive Midfield'}, 'teammate': False}, {'location': [109.3, 36.9], 'player': {'id': 39913, 'name': 'Iñigo Liceranzu'}, 'position': {'id': 3, 'name': 'Right Center Back'}, 'teammate': False}, {'location': [103.6, 30.1], 'player': {'id': 39915, 'name': 'Miguel de Andrés'}, 'position': {'id': 11, 'name': 'Left Defensive Midfield'}, 'teammate': False}, {'location': [103.8, 41.1], 'player': {'id': 38688, 'name': 'Andoni Goikoetxea'}, 'position': {'id': 5, 'name': 'Left Center Back'}, 'teammate': False}, {'location': [108.4, 48.8], 'player': {'id': 39924, 'name': 'Marcos Alonso Peña'}, 'position': {'id': 12, 'name': 'Right Midfield'}, 'teammate': True}, {'location': [118.6, 41.1], 'player': {'id': 13798, 'name': 'Andoni Zubizarreta Urreta'}, 'position': {'id': 1, 'name': 'Goalkeeper'}, 'teammate': False}, {'location': [97.3, 14.0], 'player': {'id': 39919, 'name': 'Juan Carlos Pérez Rojo'}, 'position': {'id': 16, 'name': 'Left Midfield'}, 'teammate': True}, {'location': [108.8, 29.5], 'player': {'id': 39922, 'name': 'Francisco José Carrasco Hidalgo'}, 'position': {'id': 24, 'name': 'Left Center Forward'}, 'teammate': True}]",c09117cf-ed4d-4e96-aab1-472f68969bd0,,Saved,0.09141887,Normal,Open Play,,,,Barcelona,217,00:18:55.076,Shot,,Copa del Rey,Carry,,,,,,,,,,,,,,,,0.74503,,,,,,,,,,,c09117cf-ed4d-4e96-aab1-472f68969bd0,557.0,,"[100.7, 23.8]",3750248.0,18.0,,,,1.2315037,dd88c73b-e0dc-4b20-8c65-c0274165232e,Left Foot,,,"[102.5, 28.9]",,Ground Pass,,5.408327,,,Diego Armando Maradona,True,,,,,,1.0,From Free Kick,Francisco José Carrasco Hidalgo,39922.0,Left Center Forward,43.0,Barcelona,217.0,"['2c98b479-eebb-4f27-8153-486ac43e9645', 'e3f9a6f6-b72d-4742-80e7-38fd48581513']",52.0,,,,,,,,,,,,,,,Barcelona,217.0,00:18:52.701,Pass,True,Copa del Rey,dd88c73b-e0dc-4b20-8c65-c0274165232e,Set,Copa del Rey,1983/1984
,,,,,,,,,,,,,,,1.314418,,,,,,,,,,,a4ddd695-25cb-4f00-967d-47135aa90121,620,,"[92.1, 45.9]",3750248,21,,,,,,,,,,,,,,,,,,,,,,,1,From Free Kick,José Ramón Alexanko Ventosa,38687.0,Right Center Back,50,Barcelona,217,['60a3a3e8-3be1-4918-b6fe-9d4f73c82033'],34,,Right Foot,"[120.0, 34.1, 0.3]",True,"[{'location': [91.0, 44.1], 'player': {'id': 39921, 'name': 'Bernd Schuster'}, 'position': {'id': 11, 'name': 'Left Defensive Midfield'}, 'teammate': True}, {'location': [92.9, 44.7], 'player': {'id': 39915, 'name': 'Miguel de Andrés'}, 'position': {'id': 11, 'name': 'Left Defensive Midfield'}, 'teammate': False}, {'location': [86.3, 42.9], 'player': {'id': 39912, 'name': 'Daniel Ruiz Bazan Justa'}, 'position': {'id': 17, 'name': 'Right Wing'}, 'teammate': False}, {'location': [91.4, 33.2], 'player': {'id': 39917, 'name': 'Endika Guarrochenea Arzubiaga'}, 'position': {'id': 23, 'name': 'Center Forward'}, 'teammate': False}, {'location': [87.8, 25.6], 'player': {'id': 39925, 'name': 'Julio Alberto Moreno Casas'}, 'position': {'id': 6, 'name': 'Left Back'}, 'teammate': True}, {'location': [101.8, 36.3], 'player': {'id': 39910, 'name': 'Santiago Urquiaga Pérez Lugar'}, 'position': {'id': 2, 'name': 'Right Back'}, 'teammate': False}, {'location': [116.7, 40.7], 'player': {'id': 13798, 'name': 'Andoni Zubizarreta Urreta'}, 'position': {'id': 1, 'name': 'Goalkeeper'}, 'teammate': False}, {'location': [96.3, 53.4], 'player': {'id': 39918, 'name': 'Tente Sánchez'}, 'position': {'id': 2, 'name': 'Right Back'}, 'teammate': True}, {'location': [92.9, 59.3], 'player': {'id': 39924, 'name': 'Marcos Alonso Peña'}, 'position': {'id': 12, 'name': 'Right Midfield'}, 'teammate': True}, {'location': [85.9, 33.9], 'player': {'id': 39919, 'name': 'Juan Carlos Pérez Rojo'}, 'position': {'id': 16, 'name': 'Left Midfield'}, 'teammate': True}, {'location': [101.6, 54.5], 'player': {'id': 39914, 'name': 'José María Núñez'}, 'position': {'id': 6, 'name': 'Left Back'}, 'teammate': False}, {'location': [100.1, 46.6], 'player': {'id': 38688, 'name': 'Andoni Goikoetxea'}, 'position': {'id': 5, 'name': 'Left Center Back'}, 'teammate': False}, {'location': [103.6, 41.5], 'player': {'id': 39913, 'name': 'Iñigo Liceranzu'}, 'position': {'id': 3, 'name': 'Right Center Back'}, 'teammate': False}, {'location': [100.5, 42.5], 'player': {'id': 38641, 'name': 'Diego Armando Maradona'}, 'position': {'id': 22, 'name': 'Right Center Forward'}, 'teammate': True}, {'location': [100.5, 37.2], 'player': {'id': 39922, 'name': 'Francisco José Carrasco Hidalgo'}, 'position': {'id': 24, 'name': 'Left Center Forward'}, 'teammate': True}]",,,Off T,0.026002994,Normal,Open Play,,,,Barcelona,217,00:21:34.779,Shot,,Copa del Rey,Ball Recovery,,,,,,,,,,,,,,,,,,,,,,,,,,,,,,,,,,,,,,,,,,,,,,,,,,,,,,,,,,,,,,,,,,,,,,,,,,,,,,,,,,,,,a4ddd695-25cb-4f00-967d-47135aa90121,Set,Copa del Rey,1983/1984
,,,,,,,,,,,,,,,0.581932,,,,,,,,,,,14b2c2d4-1b29-437d-bdf6-aa6cc2d5b6a1,647,,"[94.9, 50.8]",3750248,23,,,,,,,,,,,,,,,,,,,,,,,1,From Free Kick,Francisco Salinas Fernández,39911.0,Right Defensive Midfield,53,Athletic Club,215,['5be18843-b526-490c-a430-83a642860531'],6,,Right Foot,"[120.0, 41.4, 6.3]",True,"[{'location': [101.2, 46.6], 'player': {'id': 39917, 'name': 'Endika Guarrochenea Arzubiaga'}, 'position': {'id': 23, 'name': 'Center Forward'}, 'teammate': True}, {'location': [108.7, 46.9], 'player': {'id': 39912, 'name': 'Daniel Ruiz Bazan Justa'}, 'position': {'id': 17, 'name': 'Right Wing'}, 'teammate': True}, {'location': [105.0, 51.6], 'player': {'id': 39913, 'name': 'Iñigo Liceranzu'}, 'position': {'id': 3, 'name': 'Right Center Back'}, 'teammate': True}, {'location': [108.6, 26.9], 'player': {'id': 39921, 'name': 'Bernd Schuster'}, 'position': {'id': 11, 'name': 'Left Defensive Midfield'}, 'teammate': False}, {'location': [117.6, 43.2], 'player': {'id': 39930, 'name': 'Francisco Javier González Urruticoechea'}, 'position': {'id': 1, 'name': 'Goalkeeper'}, 'teammate': False}, {'location': [107.7, 47.0], 'player': {'id': 39925, 'name': 'Julio Alberto Moreno Casas'}, 'position': {'id': 6, 'name': 'Left Back'}, 'teammate': False}, {'location': [110.0, 35.1], 'player': {'id': 39918, 'name': 'Tente Sánchez'}, 'position': {'id': 2, 'name': 'Right Back'}, 'teammate': False}, {'location': [108.9, 45.6], 'player': {'id': 38687, 'name': 'José Ramón Alexanko Ventosa'}, 'position': {'id': 3, 'name': 'Right Center Back'}, 'teammate': False}, {'location': [103.6, 47.2], 'player': {'id': 39923, 'name': 'Miguel Bernardo Bianquetti'}, 'position': {'id': 5, 'name': 'Left Center Back'}, 'teammate': False}, {'location': [96.3, 49.4], 'player': {'id': 39926, 'name': 'Víctor Muñoz Manrique'}, 'position': {'id': 9, 'name': 'Right Defensive Midfield'}, 'teammate': False}, {'location': [97.8, 51.3], 'player': {'id': 39919, 'name': 'Juan Carlos Pérez Rojo'}, 'position': {'id': 16, 'name': 'Left Midfield'}, 'teammate': False}, {'location': [108.5, 31.4], 'player': {'id': 39928, 'name': 'Estanislao Argote Salaberría'}, 'position': {'id': 21, 'name': 'Left Wing'}, 'teammate': True}]",,,Off T,0.01579951,Half Volley,Open Play,,,,Athletic Club,215,00:23:06.112,Shot,,Copa del Rey,Ball Recovery,,,,,,,,,,,,,,,,,,,,,,,,,,,,,,,,,,,,,,,,,,,,,,,,,,,,,,,,,,,,,,,,,,,,,,,,,,,,,,,,,,,,,14b2c2d4-1b29-437d-bdf6-aa6cc2d5b6a1,Set,Copa del Rey,1983/1984
,,,,,,,,,,,,,,,0.09025,,,,,,,,,,,d48ea3bd-81e1-4894-85d2-5af8252825d7,1962,,"[90.6, 31.6]",3750248,69,,,,,,,,,,,,,,,,,,,,,,,2,Regular Play,Paco Clos,39920.0,Left Midfield,161,Barcelona,217,"['3fdab18d-ff8d-4440-aa6f-6f50372018d4', 'fa6951ef-9e1a-4b4a-927d-2e19930ef84c']",45,,Right Foot,"[97.3, 33.4]",,"[{'location': [98.1, 33.5], 'player': {'id': 39922, 'name': 'Francisco José Carrasco Hidalgo'}, 'position': {'id': 24, 'name': 'Left Center Forward'}, 'teammate': True}, {'location': [93.0, 30.6], 'player': {'id': 39915, 'name': 'Miguel de Andrés'}, 'position': {'id': 11, 'name': 'Left Defensive Midfield'}, 'teammate': False}, {'location': [96.8, 41.8], 'player': {'id': 39921, 'name': 'Bernd Schuster'}, 'position': {'id': 11, 'name': 'Left Defensive Midfield'}, 'teammate': True}, {'location': [95.6, 27.3], 'player': {'id': 39911, 'name': 'Francisco Salinas Fernández'}, 'position': {'id': 9, 'name': 'Right Defensive Midfield'}, 'teammate': False}, {'location': [98.8, 17.6], 'player': {'id': 39924, 'name': 'Marcos Alonso Peña'}, 'position': {'id': 12, 'name': 'Right Midfield'}, 'teammate': True}, {'location': [102.8, 24.8], 'player': {'id': 39910, 'name': 'Santiago Urquiaga Pérez Lugar'}, 'position': {'id': 2, 'name': 'Right Back'}, 'teammate': False}, {'location': [102.6, 39.5], 'player': {'id': 38641, 'name': 'Diego Armando Maradona'}, 'position': {'id': 22, 'name': 'Right Center Forward'}, 'teammate': True}, {'location': [102.9, 37.5], 'player': {'id': 38688, 'name': 'Andoni Goikoetxea'}, 'position': {'id': 5, 'name': 'Left Center Back'}, 'teammate': False}, {'location': [103.1, 41.5], 'player': {'id': 39913, 'name': 'Iñigo Liceranzu'}, 'position': {'id': 3, 'name': 'Right Center Back'}, 'teammate': False}, {'location': [100.7, 46.3], 'player': {'id': 39916, 'name': 'Ismael Urtubi Aróstegui'}, 'position': {'id': 19, 'name': 'Center Attacking Midfield'}, 'teammate': False}, {'location': [105.7, 50.6], 'player': {'id': 39926, 'name': 'Víctor Muñoz Manrique'}, 'position': {'id': 9, 'name': 'Right Defensive Midfield'}, 'teammate': True}, {'location': [109.4, 48.4], 'player': {'id': 39914, 'name': 'José María Núñez'}, 'position': {'id': 6, 'name': 'Left Back'}, 'teammate': False}, {'location': [117.6, 39.5], 'player': {'id': 13798, 'name': 'Andoni Zubizarreta Urreta'}, 'position': {'id': 1, 'name': 'Goalkeeper'}, 'teammate': False}]",19980c8a-7271-45f6-bba1-a89b03b4c774,,Blocked,0.024518965,Normal,Open Play,,,,Barcelona,217,00:24:45.539,Shot,,Copa del Rey,Ball Receipt*,,,,,,,,,,,,,,,,0.695235,,,,,,,,,,,19980c8a-7271-45f6-bba1-a89b03b4c774,1959.0,,"[80.8, 10.7]",3750248.0,69.0,,,,1.2649175,d48ea3bd-81e1-4894-85d2-5af8252825d7,Left Foot,,,"[82.6, 16.4]",,Ground Pass,,5.9774575,,,Paco Clos,True,,,,,,2.0,Regular Play,Julio Alberto Moreno Casas,39925.0,Left Back,161.0,Barcelona,217.0,['e8cc307a-9fad-45db-9030-48c2bb654a1c'],41.0,,,,,,,,,,,,,,,Barcelona,217.0,00:24:41.539,Pass,,Copa del Rey,d48ea3bd-81e1-4894-85d2-5af8252825d7,Set,Copa del Rey,1983/1984
,,,,,,,,,,,,,,,1.021128,,,,,,,,,,,d2883c7a-9aa7-45cb-8f1b-cc68b79e1473,691,,"[96.9, 46.7]",3750248,24,,,,,,,,,,,,,,,,,,,,,,,1,From Goal Kick,Marcos Alonso Peña,39924.0,Right Midfield,54,Barcelona,217,['b5395124-13e3-4aad-b9a1-4ca2b66e85d0'],51,,Right Foot,"[117.2, 43.0, 0.3]",,"[{'location': [116.7, 41.0], 'player': {'id': 13798, 'name': 'Andoni Zubizarreta Urreta'}, 'position': {'id': 1, 'name': 'Goalkeeper'}, 'teammate': False}, {'location': [102.7, 24.7], 'player': {'id': 39919, 'name': 'Juan Carlos Pérez Rojo'}, 'position': {'id': 16, 'name': 'Left Midfield'}, 'teammate': True}, {'location': [105.0, 30.4], 'player': {'id': 39910, 'name': 'Santiago Urquiaga Pérez Lugar'}, 'position': {'id': 2, 'name': 'Right Back'}, 'teammate': False}, {'location': [101.9, 35.0], 'player': {'id': 39921, 'name': 'Bernd Schuster'}, 'position': {'id': 11, 'name': 'Left Defensive Midfield'}, 'teammate': True}, {'location': [103.2, 35.8], 'player': {'id': 39911, 'name': 'Francisco Salinas Fernández'}, 'position': {'id': 9, 'name': 'Right Defensive Midfield'}, 'teammate': False}, {'location': [102.3, 40.0], 'player': {'id': 39915, 'name': 'Miguel de Andrés'}, 'position': {'id': 11, 'name': 'Left Defensive Midfield'}, 'teammate': False}, {'location': [103.0, 45.1], 'player': {'id': 39914, 'name': 'José María Núñez'}, 'position': {'id': 6, 'name': 'Left Back'}, 'teammate': False}, {'location': [99.8, 43.8], 'player': {'id': 39913, 'name': 'Iñigo Liceranzu'}, 'position': {'id': 3, 'name': 'Right Center Back'}, 'teammate': False}, {'location': [100.2, 46.3], 'player': {'id': 38688, 'name': 'Andoni Goikoetxea'}, 'position': {'id': 5, 'name': 'Left Center Back'}, 'teammate': False}, {'location': [96.8, 43.5], 'player': {'id': 38641, 'name': 'Diego Armando Maradona'}, 'position': {'id': 22, 'name': 'Right Center Forward'}, 'teammate': True}]",4d8bfc29-7270-4122-ab6a-c25ba10eb2c1,,Saved,0.042001262,Normal,Open Play,,,,Barcelona,217,00:24:51.299,Shot,,Copa del Rey,Carry,,,,,,,,,,,,,,,,1.23991,,,,,,,,,,,4d8bfc29-7270-4122-ab6a-c25ba10eb2c1,687.0,,"[65.2, 39.0]",3750248.0,24.0,,,,0.5295896,d2883c7a-9aa7-45cb-8f1b-cc68b79e1473,Right Foot,,,"[85.7, 51.0]",,Low Pass,,23.753946,,,Marcos Alonso Peña,True,,,,,,1.0,From Goal Kick,Bernd Schuster,39921.0,Left Defensive Midfield,54.0,Barcelona,217.0,['374315f6-5276-4683-a3fc-c3ce2de9618c'],45.0,,,,,,,,,,,,,,,Barcelona,217.0,00:24:45.837,Pass,,Copa del Rey,d2883c7a-9aa7-45cb-8f1b-cc68b79e1473,Set,Copa del Rey,1983/1984
,,,,,,,,,,,,,,,0.536787,,,,,,,,,,,15b3f4ad-e526-4e91-a87b-6f845fcb4c18,710,,"[100.4, 36.8]",3750248,26,,,,,,,,,,,,,,,,,,,,,,,1,From Free Kick,Juan Carlos Pérez Rojo,39919.0,Left Midfield,58,Barcelona,217,"['0d14f669-96e9-4b01-9af0-6628486ccfa3', '39a7f2be-cfe7-41f5-b480-83161a0b32d9']",14,,Right Foot,"[110.5, 39.2]",True,"[{'location': [105.5, 28.6], 'player': {'id': 39924, 'name': 'Marcos Alonso Peña'}, 'position': {'id': 12, 'name': 'Right Midfield'}, 'teammate': True}, {'location': [106.4, 31.6], 'player': {'id': 39914, 'name': 'José María Núñez'}, 'position': {'id': 6, 'name': 'Left Back'}, 'teammate': False}, {'location': [107.9, 44.1], 'player': {'id': 39926, 'name': 'Víctor Muñoz Manrique'}, 'position': {'id': 9, 'name': 'Right Defensive Midfield'}, 'teammate': True}, {'location': [108.5, 48.0], 'player': {'id': 39922, 'name': 'Francisco José Carrasco Hidalgo'}, 'position': {'id': 24, 'name': 'Left Center Forward'}, 'teammate': True}, {'location': [107.4, 39.7], 'player': {'id': 39925, 'name': 'Julio Alberto Moreno Casas'}, 'position': {'id': 6, 'name': 'Left Back'}, 'teammate': True}, {'location': [104.7, 47.7], 'player': {'id': 39928, 'name': 'Estanislao Argote Salaberría'}, 'position': {'id': 21, 'name': 'Left Wing'}, 'teammate': False}, {'location': [106.2, 44.5], 'player': {'id': 39910, 'name': 'Santiago Urquiaga Pérez Lugar'}, 'position': {'id': 2, 'name': 'Right Back'}, 'teammate': False}, {'location': [107.0, 41.8], 'player': {'id': 39913, 'name': 'Iñigo Liceranzu'}, 'position': {'id': 3, 'name': 'Right Center Back'}, 'teammate': False}, {'location': [105.9, 41.2], 'player': {'id': 38641, 'name': 'Diego Armando Maradona'}, 'position': {'id': 22, 'name': 'Right Center Forward'}, 'teammate': True}, {'location': [106.5, 38.9], 'player': {'id': 39917, 'name': 'Endika Guarrochenea Arzubiaga'}, 'position': {'id': 23, 'name': 'Center Forward'}, 'teammate': False}, {'location': [118.5, 40.8], 'player': {'id': 13798, 'name': 'Andoni Zubizarreta Urreta'}, 'position': {'id': 1, 'name': 'Goalkeeper'}, 'teammate': False}, {'location': [110.9, 39.5], 'player': {'id': 39911, 'name': 'Francisco Salinas Fernández'}, 'position': {'id': 9, 'name': 'Right Defensive Midfield'}, 'teammate': False}]",,,Blocked,0.09604761,Normal,Open Play,,,,Barcelona,217,00:26:14.335,Shot,,Copa del Rey,Ball Recovery,,,,,,,,,,,,,,,,,,,,,,,,,,,,,,,,,,,,,,,,,,,,,,,,,,,,,,,,,,,,,,,,,,,,,,,,,,,,,,,,,,,,,15b3f4ad-e526-4e91-a87b-6f845fcb4c18,Set,Copa del Rey,1983/1984
,,,,,,,,,,,,,,,0.911467,,,,,,,,,,,7f23190c-a3fa-456c-9bb7-f454e3c10bc1,2066,,"[82.8, 35.7]",3750248,72,,,,,,,,,,,,,,,,,,,,,,,2,From Free Kick,Marcos Alonso Peña,39924.0,Right Midfield,164,Barcelona,217,['f0bcecc9-dcba-4681-83cd-e3ec79d8d395'],24,,Right Foot,"[120.0, 40.3, 7.5]",,"[{'location': [118.4, 39.8], 'player': {'id': 13798, 'name': 'Andoni Zubizarreta Urreta'}, 'position': {'id': 1, 'name': 'Goalkeeper'}, 'teammate': False}, {'location': [100.4, 51.1], 'player': {'id': 39914, 'name': 'José María Núñez'}, 'position': {'id': 6, 'name': 'Left Back'}, 'teammate': False}, {'location': [94.4, 49.4], 'player': {'id': 39916, 'name': 'Ismael Urtubi Aróstegui'}, 'position': {'id': 19, 'name': 'Center Attacking Midfield'}, 'teammate': False}, {'location': [95.7, 47.2], 'player': {'id': 38641, 'name': 'Diego Armando Maradona'}, 'position': {'id': 22, 'name': 'Right Center Forward'}, 'teammate': True}, {'location': [94.2, 20.4], 'player': {'id': 39911, 'name': 'Francisco Salinas Fernández'}, 'position': {'id': 9, 'name': 'Right Defensive Midfield'}, 'teammate': False}, {'location': [83.9, 34.4], 'player': {'id': 39915, 'name': 'Miguel de Andrés'}, 'position': {'id': 11, 'name': 'Left Defensive Midfield'}, 'teammate': False}, {'location': [101.8, 33.6], 'player': {'id': 38688, 'name': 'Andoni Goikoetxea'}, 'position': {'id': 5, 'name': 'Left Center Back'}, 'teammate': False}, {'location': [96.0, 30.5], 'player': {'id': 39922, 'name': 'Francisco José Carrasco Hidalgo'}, 'position': {'id': 24, 'name': 'Left Center Forward'}, 'teammate': True}, {'location': [98.5, 37.3], 'player': {'id': 39913, 'name': 'Iñigo Liceranzu'}, 'position': {'id': 3, 'name': 'Right Center Back'}, 'teammate': False}, {'location': [95.9, 22.7], 'player': {'id': 39925, 'name': 'Julio Alberto Moreno Casas'}, 'position': {'id': 6, 'name': 'Left Back'}, 'teammate': True}, {'location': [98.8, 28.9], 'player': {'id': 39910, 'name': 'Santiago Urquiaga Pérez Lugar'}, 'position': {'id': 2, 'name': 'Right Back'}, 'teammate': False}, {'location': [93.8, 52.6], 'player': {'id': 39926, 'name': 'Víctor Muñoz Manrique'}, 'position': {'id': 9, 'name': 'Right Defensive Midfield'}, 'teammate': True}]",3ccf491e-c80b-4acf-98ad-9baab3614b88,,Off T,0.006013945,Normal,Open Play,,,,Barcelona,217,00:27:24.094,Shot,,Copa del Rey,Duel,,,,,,,,,,,,,,,,1.755978,,,,,,,,,,,3ccf491e-c80b-4acf-98ad-9baab3614b88,2063.0,,"[84.1, 4.9]",3750248.0,72.0,,,,1.467004,7f23190c-a3fa-456c-9bb7-f454e3c10bc1,Left Foot,,,"[85.6, 19.3]",,Low Pass,,14.477914,,,Marcos Alonso Peña,True,,,,,,2.0,From Free Kick,Francisco José Carrasco Hidalgo,39922.0,Left Center Forward,164.0,Barcelona,217.0,['e841189f-2b83-46ee-8d9e-5ead9b9e6e37'],20.0,,,,,,,,,,,,,,,Barcelona,217.0,00:27:20.611,Pass,,Copa del Rey,7f23190c-a3fa-456c-9bb7-f454e3c10bc1,Set,Copa del Rey,1983/1984
,,,,,,,,,,,,,,,0.883412,,,,,,,,,,,53584311-ba50-4000-a1ec-981cfa43abf3,2240,,"[107.5, 31.1]",3750248,78,,,,,,,,,,,,,,,,,,,,,,,2,From Throw In,Bernd Schuster,39921.0,Left Defensive Midfield,177,Barcelona,217,['2b778935-d661-4e99-a607-d5f6c2273dae'],55,,Head,"[117.6, 40.0, 0.8]",,"[{'location': [118.0, 37.7], 'player': {'id': 13798, 'name': 'Andoni Zubizarreta Urreta'}, 'position': {'id': 1, 'name': 'Goalkeeper'}, 'teammate': False}, {'location': [107.9, 40.3], 'player': {'id': 39920, 'name': 'Paco Clos'}, 'position': {'id': 16, 'name': 'Left Midfield'}, 'teammate': True}, {'location': [101.1, 41.2], 'player': {'id': 39915, 'name': 'Miguel de Andrés'}, 'position': {'id': 11, 'name': 'Left Defensive Midfield'}, 'teammate': False}, {'location': [101.1, 54.3], 'player': {'id': 39928, 'name': 'Estanislao Argote Salaberría'}, 'position': {'id': 21, 'name': 'Left Wing'}, 'teammate': False}, {'location': [110.5, 40.8], 'player': {'id': 39914, 'name': 'José María Núñez'}, 'position': {'id': 6, 'name': 'Left Back'}, 'teammate': False}, {'location': [108.8, 35.2], 'player': {'id': 38688, 'name': 'Andoni Goikoetxea'}, 'position': {'id': 5, 'name': 'Left Center Back'}, 'teammate': False}, {'location': [104.5, 17.0], 'player': {'id': 39910, 'name': 'Santiago Urquiaga Pérez Lugar'}, 'position': {'id': 2, 'name': 'Right Back'}, 'teammate': False}, {'location': [106.0, 28.3], 'player': {'id': 39913, 'name': 'Iñigo Liceranzu'}, 'position': {'id': 3, 'name': 'Right Center Back'}, 'teammate': False}]",9c1fa7c4-5271-490e-a9cb-e376964853be,,Saved,0.058059316,Normal,Open Play,,,,Barcelona,217,00:33:55.737,Shot,,Copa del Rey,Ball Receipt*,,,,,,,,,,,,,,,,0.843922,,,,,,,,,,,9c1fa7c4-5271-490e-a9cb-e376964853be,2238.0,,"[94.8, 13.7]",3750248.0,78.0,,,,0.9318823,53584311-ba50-4000-a1ec-981cfa43abf3,Left Foot,True,,"[107.8, 31.2]",,High Pass,,21.80023,,,Bernd Schuster,True,,,,,Recovery,2.0,From Throw In,Víctor Muñoz Manrique,39926.0,Right Defensive Midfield,177.0,Barcelona,217.0,['d27e800b-57d5-4bd0-9746-f3a0c02f5baf'],54.0,,,,,,,,,,,,,,,Barcelona,217.0,00:33:54.841,Pass,,Copa del Rey,53584311-ba50-4000-a1ec-981cfa43abf3,Set,Copa del Rey,1983/1984
,,,,,,,,,,,,,,,1.889766,,,,,,,,,,,1ebd3dba-3a28-4fbc-bbf9-24acf4c1b8fa,976,,"[108.5, 38.8]",3750248,35,,,,,,,,,,,,,,,,,,,,,,,1,From Free Kick,Daniel Ruiz Bazan Justa,39912.0,Right Wing,80,Athletic Club,215,"['8af24937-bac4-4926-bdc4-a3e7bc2ea57b', 'a28ba21a-66a5-4fb8-bb0e-13abe338ff28']",3,True,Head,"[118.5, 38.1, 2.3]",,"[{'location': [100.7, 52.4], 'player': {'id': 39910, 'name': 'Santiago Urquiaga Pérez Lugar'}, 'position': {'id': 2, 'name': 'Right Back'}, 'teammate': True}, {'location': [106.0, 47.3], 'player': {'id': 39926, 'name': 'Víctor Muñoz Manrique'}, 'position': {'id': 9, 'name': 'Right Defensive Midfield'}, 'teammate': False}, {'location': [118.5, 38.8], 'player': {'id': 39930, 'name': 'Francisco Javier González Urruticoechea'}, 'position': {'id': 1, 'name': 'Goalkeeper'}, 'teammate': False}, {'location': [108.4, 38.3], 'player': {'id': 38687, 'name': 'José Ramón Alexanko Ventosa'}, 'position': {'id': 3, 'name': 'Right Center Back'}, 'teammate': False}, {'location': [109.5, 36.1], 'player': {'id': 39917, 'name': 'Endika Guarrochenea Arzubiaga'}, 'position': {'id': 23, 'name': 'Center Forward'}, 'teammate': True}, {'location': [110.0, 35.8], 'player': {'id': 39923, 'name': 'Miguel Bernardo Bianquetti'}, 'position': {'id': 5, 'name': 'Left Center Back'}, 'teammate': False}, {'location': [101.1, 60.4], 'player': {'id': 39925, 'name': 'Julio Alberto Moreno Casas'}, 'position': {'id': 6, 'name': 'Left Back'}, 'teammate': False}, {'location': [97.2, 41.8], 'player': {'id': 39921, 'name': 'Bernd Schuster'}, 'position': {'id': 11, 'name': 'Left Defensive Midfield'}, 'teammate': False}, {'location': [107.8, 29.2], 'player': {'id': 39918, 'name': 'Tente Sánchez'}, 'position': {'id': 2, 'name': 'Right Back'}, 'teammate': False}, {'location': [97.1, 57.7], 'player': {'id': 39922, 'name': 'Francisco José Carrasco Hidalgo'}, 'position': {'id': 24, 'name': 'Left Center Forward'}, 'teammate': False}, {'location': [100.7, 57.2], 'player': {'id': 39919, 'name': 'Juan Carlos Pérez Rojo'}, 'position': {'id': 16, 'name': 'Left Midfield'}, 'teammate': False}, {'location': [100.0, 61.2], 'player': {'id': 39928, 'name': 'Estanislao Argote Salaberría'}, 'position': {'id': 21, 'name': 'Left Wing'}, 'teammate': True}]",83270b1d-83f5-4615-9370-850b4b4719ed,,Saved,0.07857403,Normal,Open Play,,,,Athletic Club,215,00:35:03.299,Shot,True,Copa del Rey,Pass,,,,,,,,,,,,,,,,1.32546,,,,,,,,,,,83270b1d-83f5-4615-9370-850b4b4719ed,973.0,,"[99.0, 61.9]",3750248.0,35.0,,,,-1.1551119,1ebd3dba-3a28-4fbc-bbf9-24acf4c1b8fa,Left Foot,,,"[110.3, 36.3]",,High Pass,,27.98303,,,Daniel Ruiz Bazan Justa,True,,,,,,1.0,From Free Kick,Estanislao Argote Salaberría,39928.0,Left Wing,80.0,Athletic Club,215.0,['e406f2fa-ef28-4a79-9770-6552308b9418'],1.0,,,,,,,,,,,,,,,Athletic Club,215.0,00:35:01.974,Pass,,Copa del Rey,1ebd3dba-3a28-4fbc-bbf9-24acf4c1b8fa,Set,Copa del Rey,1983/1984
,,,,,,,,,,,,,,,0.491604,,,,,,,,,,,12864f84-56b0-4a69-9bea-dc4999e22271,2250,,"[101.7, 50.6]",3750248,80,,,,,,,,,,,,,,,,,,,,,,,2,From Free Kick,Tente Sánchez,39918.0,Right Back,180,Barcelona,217,"['070c912e-b168-45aa-9a4b-3e079256d79b', '7e93f3e9-c167-49eb-bf6b-6c5fc08ae04e']",6,,Right Foot,"[113.5, 43.2]",True,"[{'location': [110.0, 38.6], 'player': {'id': 39920, 'name': 'Paco Clos'}, 'position': {'id': 16, 'name': 'Left Midfield'}, 'teammate': True}, {'location': [107.4, 32.3], 'player': {'id': 38688, 'name': 'Andoni Goikoetxea'}, 'position': {'id': 5, 'name': 'Left Center Back'}, 'teammate': False}, {'location': [108.7, 36.0], 'player': {'id': 39914, 'name': 'José María Núñez'}, 'position': {'id': 6, 'name': 'Left Back'}, 'teammate': False}, {'location': [106.7, 43.0], 'player': {'id': 39915, 'name': 'Miguel de Andrés'}, 'position': {'id': 11, 'name': 'Left Defensive Midfield'}, 'teammate': False}, {'location': [108.6, 39.7], 'player': {'id': 38641, 'name': 'Diego Armando Maradona'}, 'position': {'id': 22, 'name': 'Right Center Forward'}, 'teammate': True}, {'location': [108.9, 41.0], 'player': {'id': 39911, 'name': 'Francisco Salinas Fernández'}, 'position': {'id': 9, 'name': 'Right Defensive Midfield'}, 'teammate': False}, {'location': [111.8, 52.8], 'player': {'id': 39928, 'name': 'Estanislao Argote Salaberría'}, 'position': {'id': 21, 'name': 'Left Wing'}, 'teammate': False}, {'location': [108.3, 46.8], 'player': {'id': 39916, 'name': 'Ismael Urtubi Aróstegui'}, 'position': {'id': 19, 'name': 'Center Attacking Midfield'}, 'teammate': False}, {'location': [118.3, 40.9], 'player': {'id': 13798, 'name': 'Andoni Zubizarreta Urreta'}, 'position': {'id': 1, 'name': 'Goalkeeper'}, 'teammate': False}, {'location': [113.8, 42.7], 'player': {'id': 39913, 'name': 'Iñigo Liceranzu'}, 'position': {'id': 3, 'name': 'Right Center Back'}, 'teammate': False}]",,,Blocked,0.042759966,Volley,Open Play,,,,Barcelona,217,00:35:06.473,Shot,,Copa del Rey,Ball Recovery,,,,,,,,,,,,,,,,,,,,,,,,,,,,,,,,,,,,,,,,,,,,,,,,,,,,,,,,,,,,,,,,,,,,,,,,,,,,,,,,,,,,,12864f84-56b0-4a69-9bea-dc4999e22271,Set,Copa del Rey,1983/1984
,,,,,,,,,,,,,,,0.121192,,,,,,,,,,,dd39faa8-b3e5-4170-b88a-d663a4478f65,2344,,"[117.1, 42.9]",3750248,83,,,,,,,,,,,,,,,,,,,,,,,2,From Corner,José Ramón Alexanko Ventosa,38687.0,Right Center Back,185,Barcelona,217,['b554e8ec-203a-43a3-a129-4f7d54302fab'],3,,Right Foot,"[118.4, 42.5, 0.1]",,"[{'location': [118.8, 42.1], 'player': {'id': 13798, 'name': 'Andoni Zubizarreta Urreta'}, 'position': {'id': 1, 'name': 'Goalkeeper'}, 'teammate': False}, {'location': [115.9, 48.6], 'player': {'id': 39926, 'name': 'Víctor Muñoz Manrique'}, 'position': {'id': 9, 'name': 'Right Defensive Midfield'}, 'teammate': True}, {'location': [114.5, 44.9], 'player': {'id': 39920, 'name': 'Paco Clos'}, 'position': {'id': 16, 'name': 'Left Midfield'}, 'teammate': True}, {'location': [117.0, 42.0], 'player': {'id': 39916, 'name': 'Ismael Urtubi Aróstegui'}, 'position': {'id': 19, 'name': 'Center Attacking Midfield'}, 'teammate': False}, {'location': [112.1, 45.4], 'player': {'id': 39913, 'name': 'Iñigo Liceranzu'}, 'position': {'id': 3, 'name': 'Right Center Back'}, 'teammate': False}, {'location': [113.6, 42.6], 'player': {'id': 38688, 'name': 'Andoni Goikoetxea'}, 'position': {'id': 5, 'name': 'Left Center Back'}, 'teammate': False}]",431b0fe5-66b1-498d-a4c0-9f8b7960be0a,True,Saved,0.35486835,Half Volley,Open Play,,,,Barcelona,217,00:38:03.568,Shot,,Copa del Rey,Ball Receipt*,,,,,,,,,,,,,,,,2.343006,,,,,,,,,,,431b0fe5-66b1-498d-a4c0-9f8b7960be0a,2341.0,,"[90.0, 7.7]",3750248.0,83.0,,,,1.0364008,dd39faa8-b3e5-4170-b88a-d663a4478f65,Left Foot,True,,"[110.3, 42.0]",,High Pass,,39.856995,,,José Ramón Alexanko Ventosa,True,,,,,,2.0,From Corner,Julio Alberto Moreno Casas,39925.0,Left Back,185.0,Barcelona,217.0,['5d514be2-5b85-4e2b-a242-e0c42be3b050'],0.0,,,,,,,,,,,,,,,Barcelona,217.0,00:38:00.096,Pass,,Copa del Rey,dd39faa8-b3e5-4170-b88a-d663a4478f65,Set,Copa del Rey,1983/1984
,,,,,,,,,,,,,,,0.741536,,,,,,,,,,,c7796404-79b5-406c-85e5-78f557e12840,2355,,"[100.0, 55.3]",3750248,83,,,,,,,,,,,,,,,,,,,,,,,2,From Keeper,Daniel Ruiz Bazan Justa,39912.0,Right Wing,187,Athletic Club,215,['e2221910-b6e9-4323-9dc4-40d877fb574f'],30,,Left Foot,"[118.3, 43.9, 1.2]",,"[{'location': [102.6, 50.2], 'player': {'id': 39921, 'name': 'Bernd Schuster'}, 'position': {'id': 11, 'name': 'Left Defensive Midfield'}, 'teammate': False}, {'location': [118.4, 42.9], 'player': {'id': 39930, 'name': 'Francisco Javier González Urruticoechea'}, 'position': {'id': 1, 'name': 'Goalkeeper'}, 'teammate': False}, {'location': [104.1, 33.1], 'player': {'id': 39928, 'name': 'Estanislao Argote Salaberría'}, 'position': {'id': 21, 'name': 'Left Wing'}, 'teammate': True}, {'location': [104.1, 39.1], 'player': {'id': 39929, 'name': 'Manuel Sarabia López'}, 'position': {'id': 23, 'name': 'Center Forward'}, 'teammate': True}, {'location': [98.6, 57.9], 'player': {'id': 39925, 'name': 'Julio Alberto Moreno Casas'}, 'position': {'id': 6, 'name': 'Left Back'}, 'teammate': False}, {'location': [97.0, 31.1], 'player': {'id': 39926, 'name': 'Víctor Muñoz Manrique'}, 'position': {'id': 9, 'name': 'Right Defensive Midfield'}, 'teammate': False}, {'location': [98.2, 38.2], 'player': {'id': 39924, 'name': 'Marcos Alonso Peña'}, 'position': {'id': 12, 'name': 'Right Midfield'}, 'teammate': False}, {'location': [103.6, 40.5], 'player': {'id': 39918, 'name': 'Tente Sánchez'}, 'position': {'id': 2, 'name': 'Right Back'}, 'teammate': False}, {'location': [103.0, 44.1], 'player': {'id': 39923, 'name': 'Miguel Bernardo Bianquetti'}, 'position': {'id': 5, 'name': 'Left Center Back'}, 'teammate': False}, {'location': [97.2, 44.2], 'player': {'id': 38687, 'name': 'José Ramón Alexanko Ventosa'}, 'position': {'id': 3, 'name': 'Right Center Back'}, 'teammate': False}]",7e48cc90-65ba-476d-a955-672164427b9b,,Saved,0.039881397,Normal,Open Play,,,,Athletic Club,215,00:38:30.618,Shot,,Copa del Rey,Carry,,,,,,,,,,,,,,,,2.603837,,,,,,,,,,,7e48cc90-65ba-476d-a955-672164427b9b,2346.0,,"[5.1, 38.1]",3750248.0,83.0,True,,,0.35756585,c7796404-79b5-406c-85e5-78f557e12840,Drop Kick,,,"[87.0, 68.7]",,High Pass,,87.4298,,,Daniel Ruiz Bazan Justa,True,,,,,,2.0,From Keeper,Andoni Zubizarreta Urreta,13798.0,Goalkeeper,187.0,Athletic Club,215.0,['4d658ba7-f782-4a3f-841b-f6f7934a8f41'],22.0,,,,,,,,,,,,,,,Athletic Club,215.0,00:38:22.927,Pass,,Copa del Rey,c7796404-79b5-406c-85e5-78f557e12840,Set,Copa del Rey,1983/1984
,,,,,,,,,,,,,,,0.759679,,,,,,,,,,,c9524eeb-fc18-4235-9e9b-1a3b4814efd4,2369,,"[96.0, 49.7]",3750248,84,,,,,,,,,,,,,,,,,,,,,,,2,From Free Kick,Tente Sánchez,39918.0,Right Back,190,Barcelona,217,['4fc03260-bc57-4b6f-b9c9-f86109de93a1'],2,,Right Foot,"[120.0, 47.0, 2.3]",,"[{'location': [101.8, 35.0], 'player': {'id': 39913, 'name': 'Iñigo Liceranzu'}, 'position': {'id': 3, 'name': 'Right Center Back'}, 'teammate': False}, {'location': [101.7, 43.6], 'player': {'id': 38688, 'name': 'Andoni Goikoetxea'}, 'position': {'id': 5, 'name': 'Left Center Back'}, 'teammate': False}, {'location': [100.4, 49.2], 'player': {'id': 39914, 'name': 'José María Núñez'}, 'position': {'id': 6, 'name': 'Left Back'}, 'teammate': False}, {'location': [96.3, 48.4], 'player': {'id': 39915, 'name': 'Miguel de Andrés'}, 'position': {'id': 11, 'name': 'Left Defensive Midfield'}, 'teammate': False}, {'location': [101.0, 57.4], 'player': {'id': 39916, 'name': 'Ismael Urtubi Aróstegui'}, 'position': {'id': 19, 'name': 'Center Attacking Midfield'}, 'teammate': False}, {'location': [96.3, 63.2], 'player': {'id': 39926, 'name': 'Víctor Muñoz Manrique'}, 'position': {'id': 9, 'name': 'Right Defensive Midfield'}, 'teammate': True}, {'location': [118.8, 39.9], 'player': {'id': 13798, 'name': 'Andoni Zubizarreta Urreta'}, 'position': {'id': 1, 'name': 'Goalkeeper'}, 'teammate': False}, {'location': [99.8, 39.3], 'player': {'id': 38641, 'name': 'Diego Armando Maradona'}, 'position': {'id': 22, 'name': 'Right Center Forward'}, 'teammate': True}]",a77b4253-32ac-4a33-bddb-51c4fe0805ea,,Off T,0.032109525,Normal,Open Play,,,,Barcelona,217,00:39:02.595,Shot,,Copa del Rey,Pressure,,,,,,,,,,,,,,,,1.167137,,,,,,,,,,,a77b4253-32ac-4a33-bddb-51c4fe0805ea,2365.0,,"[81.4, 36.1]",3750248.0,83.0,,,,1.7652764,c9524eeb-fc18-4235-9e9b-1a3b4814efd4,Left Foot,,,"[78.8, 49.3]",,Ground Pass,,13.453624,,,Tente Sánchez,True,,,,,,2.0,From Free Kick,Diego Armando Maradona,38641.0,Right Center Forward,190.0,Barcelona,217.0,['0931ab5a-f7f4-45d1-81e7-452425b8f837'],55.0,,,,,,,,,,,,,,,Barcelona,217.0,00:38:55.413,Pass,,Copa del Rey,c9524eeb-fc18-4235-9e9b-1a3b4814efd4,Set,Copa del Rey,1983/1984
,,,,,,,,,,,,,,,1.1415,,,,,,,,,,,4e236711-6364-4023-870b-765372dcdaf0,2402,,"[84.9, 36.3]",3750248,85,,,,,,,,,,,,,,,,,,,,,,,2,From Throw In,José Ramón Alexanko Ventosa,38687.0,Right Center Back,193,Barcelona,217,['a5202479-0526-46db-a6e3-5a572f6aaf4e'],3,,Right Foot,"[120.0, 48.2, 2.0]",True,"[{'location': [117.7, 40.3], 'player': {'id': 13798, 'name': 'Andoni Zubizarreta Urreta'}, 'position': {'id': 1, 'name': 'Goalkeeper'}, 'teammate': False}, {'location': [86.9, 26.0], 'player': {'id': 39911, 'name': 'Francisco Salinas Fernández'}, 'position': {'id': 9, 'name': 'Right Defensive Midfield'}, 'teammate': False}, {'location': [90.8, 38.1], 'player': {'id': 38688, 'name': 'Andoni Goikoetxea'}, 'position': {'id': 5, 'name': 'Left Center Back'}, 'teammate': False}, {'location': [88.2, 32.3], 'player': {'id': 39913, 'name': 'Iñigo Liceranzu'}, 'position': {'id': 3, 'name': 'Right Center Back'}, 'teammate': False}, {'location': [95.1, 54.3], 'player': {'id': 39926, 'name': 'Víctor Muñoz Manrique'}, 'position': {'id': 9, 'name': 'Right Defensive Midfield'}, 'teammate': True}, {'location': [97.0, 41.2], 'player': {'id': 38641, 'name': 'Diego Armando Maradona'}, 'position': {'id': 22, 'name': 'Right Center Forward'}, 'teammate': True}, {'location': [96.7, 35.6], 'player': {'id': 39922, 'name': 'Francisco José Carrasco Hidalgo'}, 'position': {'id': 24, 'name': 'Left Center Forward'}, 'teammate': True}, {'location': [87.9, 20.0], 'player': {'id': 39920, 'name': 'Paco Clos'}, 'position': {'id': 16, 'name': 'Left Midfield'}, 'teammate': True}, {'location': [96.2, 28.9], 'player': {'id': 39921, 'name': 'Bernd Schuster'}, 'position': {'id': 11, 'name': 'Left Defensive Midfield'}, 'teammate': True}, {'location': [97.1, 32.8], 'player': {'id': 39910, 'name': 'Santiago Urquiaga Pérez Lugar'}, 'position': {'id': 2, 'name': 'Right Back'}, 'teammate': False}, {'location': [92.0, 38.0], 'player': {'id': 39915, 'name': 'Miguel de Andrés'}, 'position': {'id': 11, 'name': 'Left Defensive Midfield'}, 'teammate': False}, {'location': [98.0, 41.1], 'player': {'id': 39928, 'name': 'Estanislao Argote Salaberría'}, 'position': {'id': 21, 'name': 'Left Wing'}, 'teammate': False}, {'location': [100.4, 49.7], 'player': {'id': 39916, 'name': 'Ismael Urtubi Aróstegui'}, 'position': {'id': 19, 'name': 'Center Attacking Midfield'}, 'teammate': False}, {'location': [100.2, 43.9], 'player': {'id': 39914, 'name': 'José María Núñez'}, 'position': {'id': 6, 'name': 'Left Back'}, 'teammate': False}]",7793c59a-e400-446a-b0af-645a8eb3fe55,,Off T,0.014643468,Normal,Open Play,,,,Barcelona,217,00:40:03.903,Shot,,Copa del Rey,Ball Receipt*,,,,,,,,,,,,,,,,1.693273,,,,,,,,,,,7793c59a-e400-446a-b0af-645a8eb3fe55,2400.0,,"[83.3, 19.4]",3750248.0,85.0,,,,1.4496987,4e236711-6364-4023-870b-765372dcdaf0,Left Foot,,,"[85.6, 38.3]",,Ground Pass,,19.039433,,,José Ramón Alexanko Ventosa,True,,,,,,2.0,From Throw In,Marcos Alonso Peña,39924.0,Right Midfield,193.0,Barcelona,217.0,['bd0bc3e1-8dee-459b-88d6-11771d30723f'],2.0,,,,,,,,,,,,,,,Barcelona,217.0,00:40:02.132,Pass,,Copa del Rey,4e236711-6364-4023-870b-765372dcdaf0,Set,Copa del Rey,1983/1984
,,,,,,,,,,,,,,,0.111159,,,,,,,,,,,fe2b9726-7d24-45ad-94e3-3558d1d66ef0,2447,,"[103.4, 42.0]",3750248,87,,,,,,,,,,,,,,,,,,,,,,,2,From Free Kick,Bernd Schuster,39921.0,Left Defensive Midfield,196,Barcelona,217,"['334b0612-6e44-440d-acfe-582bdbe81190', '3523fc5f-24fa-462b-ba28-f5510e619841']",22,,Right Foot,"[109.0, 41.2]",True,"[{'location': [109.0, 41.4], 'player': {'id': 39915, 'name': 'Miguel de Andrés'}, 'position': {'id': 11, 'name': 'Left Defensive Midfield'}, 'teammate': False}, {'location': [111.6, 29.9], 'player': {'id': 39922, 'name': 'Francisco José Carrasco Hidalgo'}, 'position': {'id': 24, 'name': 'Left Center Forward'}, 'teammate': True}, {'location': [110.4, 38.1], 'player': {'id': 39920, 'name': 'Paco Clos'}, 'position': {'id': 16, 'name': 'Left Midfield'}, 'teammate': True}, {'location': [109.3, 40.0], 'player': {'id': 39923, 'name': 'Miguel Bernardo Bianquetti'}, 'position': {'id': 5, 'name': 'Left Center Back'}, 'teammate': True}, {'location': [107.6, 47.0], 'player': {'id': 38641, 'name': 'Diego Armando Maradona'}, 'position': {'id': 22, 'name': 'Right Center Forward'}, 'teammate': True}, {'location': [103.4, 55.0], 'player': {'id': 38687, 'name': 'José Ramón Alexanko Ventosa'}, 'position': {'id': 3, 'name': 'Right Center Back'}, 'teammate': True}, {'location': [113.4, 40.0], 'player': {'id': 39927, 'name': 'José Ramón Gallego Vidal'}, 'position': {'id': 21, 'name': 'Left Wing'}, 'teammate': False}, {'location': [112.9, 44.0], 'player': {'id': 39914, 'name': 'José María Núñez'}, 'position': {'id': 6, 'name': 'Left Back'}, 'teammate': False}, {'location': [109.0, 36.1], 'player': {'id': 39910, 'name': 'Santiago Urquiaga Pérez Lugar'}, 'position': {'id': 2, 'name': 'Right Back'}, 'teammate': False}, {'location': [110.0, 41.1], 'player': {'id': 39913, 'name': 'Iñigo Liceranzu'}, 'position': {'id': 3, 'name': 'Right Center Back'}, 'teammate': False}, {'location': [104.4, 40.8], 'player': {'id': 39916, 'name': 'Ismael Urtubi Aróstegui'}, 'position': {'id': 19, 'name': 'Center Attacking Midfield'}, 'teammate': False}, {'location': [118.9, 40.3], 'player': {'id': 13798, 'name': 'Andoni Zubizarreta Urreta'}, 'position': {'id': 1, 'name': 'Goalkeeper'}, 'teammate': False}, {'location': [107.8, 57.0], 'player': {'id': 38688, 'name': 'Andoni Goikoetxea'}, 'position': {'id': 5, 'name': 'Left Center Back'}, 'teammate': False}]",a75c44d1-5846-41af-8bb0-693ab67055c8,,Blocked,0.07180384,Normal,Open Play,,,,Barcelona,217,00:42:22.493,Shot,,Copa del Rey,Ball Receipt*,,,,,,,,,,,,,,,,0.900763,,,,,,,,,,,a75c44d1-5846-41af-8bb0-693ab67055c8,2445.0,,"[107.2, 31.9]",3750248.0,87.0,,,,2.158799,fe2b9726-7d24-45ad-94e3-3558d1d66ef0,Right Foot,,,"[104.2, 36.4]",,Ground Pass,,5.408327,,,Bernd Schuster,True,,,,,,2.0,From Free Kick,Miguel Bernardo Bianquetti,39923.0,Left Center Back,196.0,Barcelona,217.0,['168ac6ae-57ce-40b3-a259-efe5a9c370fd'],21.0,,,,,,,,,,,,,,,Barcelona,217.0,00:42:21.593,Pass,,Copa del Rey,fe2b9726-7d24-45ad-94e3-3558d1d66ef0,Set,Copa del Rey,1983/1984
