50_50_shot,ball_receipt_outcome_shot,ball_recovery_recovery_failure_shot,block_deflection_shot,carry_end_location_shot,clearance_aerial_won_shot,clearance_body_part_shot,clearance_head_shot,clearance_left_foot_shot,clearance_right_foot_shot,counterpress_shot,dribble_nutmeg_shot,dribble_outcome_shot,dribble_overrun_shot,duel_outcome_shot,duel_type_shot,duration_shot,foul_committed_advantage_shot,foul_committed_card_shot,foul_committed_offensive_shot,foul_committed_type_shot,foul_won_advantage_shot,foul_won_defensive_shot,goalkeeper_body_part_shot,goalkeeper_end_location_shot,goalkeeper_outcome_shot,goalkeeper_position_shot,goalkeeper_technique_shot,goalkeeper_type_shot,id_shot,index_shot,interception_outcome_shot,location_shot,match_id_shot,minute_shot,off_camera_shot,out_shot,pass_aerial_won_shot,pass_angle_shot,pass_assisted_shot_id_shot,pass_body_part_shot,pass_cross_shot,pass_cut_back_shot,pass_deflected_shot,pass_end_location_shot,pass_goal_assist_shot,pass_height_shot,pass_length_shot,pass_miscommunication_shot,pass_no_touch_shot,pass_outcome_shot,pass_outswinging_shot,pass_recipient_shot,pass_shot_assist_shot,pass_straight_shot,pass_switch_shot,pass_technique_shot,pass_type_shot,period_shot,play_pattern_shot,player_shot,player_id_shot,position_shot,possession_shot,possession_team_shot,possession_team_id_shot,related_events_shot,second_shot,shot_aerial_won_shot,shot_body_part_shot,shot_deflected_shot,shot_end_location_shot,shot_first_time_shot,shot_freeze_frame_shot,shot_key_pass_id_shot,shot_one_on_one_shot,shot_outcome_shot,shot_statsbomb_xg_shot,shot_technique_shot,shot_type_shot,tactics_shot,team_shot,team_id_shot,timestamp_shot,type_shot,under_pressure_shot,comp_shot,play_before_type,50_50_pass,ball_receipt_outcome_pass,ball_recovery_recovery_failure_pass,block_deflection_pass,carry_end_location_pass,clearance_aerial_won_pass,clearance_body_part_pass,clearance_head_pass,clearance_left_foot_pass,clearance_right_foot_pass,counterpress_pass,dribble_nutmeg_pass,dribble_outcome_pass,dribble_overrun_pass,duel_outcome_pass,duel_type_pass,duration_pass,foul_committed_advantage_pass,foul_committed_card_pass,foul_committed_offensive_pass,foul_committed_type_pass,foul_won_advantage_pass,foul_won_defensive_pass,goalkeeper_body_part_pass,goalkeeper_end_location_pass,goalkeeper_outcome_pass,goalkeeper_position_pass,goalkeeper_technique_pass,goalkeeper_type_pass,id_pass,index_pass,interception_outcome_pass,location_pass,match_id_pass,minute_pass,off_camera_pass,out_pass,pass_aerial_won_pass,pass_angle_pass,pass_assisted_shot_id_pass,pass_body_part_pass,pass_cross_pass,pass_cut_back_pass,pass_deflected_pass,pass_end_location_pass,pass_goal_assist_pass,pass_height_pass,pass_length_pass,pass_miscommunication_pass,pass_no_touch_pass,pass_outcome_pass,pass_outswinging_pass,pass_recipient_pass,pass_shot_assist_pass,pass_straight_pass,pass_switch_pass,pass_technique_pass,pass_type_pass,period_pass,play_pattern_pass,player_pass,player_id_pass,position_pass,possession_pass,possession_team_pass,possession_team_id_pass,related_events_pass,second_pass,shot_aerial_won_pass,shot_body_part_pass,shot_deflected_pass,shot_end_location_pass,shot_first_time_pass,shot_freeze_frame_pass,shot_key_pass_id_pass,shot_one_on_one_pass,shot_outcome_pass,shot_statsbomb_xg_pass,shot_technique_pass,shot_type_pass,tactics_pass,team_pass,team_id_pass,timestamp_pass,type_pass,under_pressure_pass,comp_pass,shot_event,goalkeeper_position,league,season
,,,,,,,,,,,,,,,,1.091609,,,,,,,,,,,,,cd2dd8ed-b496-4ac1-8845-f99557c8ce20,2071,,"[90.3, 49.9]",3888854,46,,,,,,,,,,,,,,,,,,,,,,,,2,From Keeper,Pedro Nájera Pacheco,398148.0,Center Defensive Midfield,143,Mexico,794,['3d8d2f4e-01f0-452f-a121-43d69e4ce93c'],10,,Right Foot,,"[120.0, 45.3, 0.3]",,"[{'location': [101.3, 55.0], 'player': {'id': 398151, 'name': ""Alfredo Estrella Del'Aguila""}, 'position': {'id': 17, 'name': 'Right Wing'}, 'teammate': True}, {'location': [98.8, 13.4], 'player': {'id': 398150, 'name': 'Isidoro Díaz Mejia'}, 'position': {'id': 21, 'name': 'Left Wing'}, 'teammate': True}, {'location': [99.0, 28.5], 'player': {'id': 398149, 'name': 'Héctor Hernández García'}, 'position': {'id': 23, 'name': 'Center Forward'}, 'teammate': True}, {'location': [88.9, 39.4], 'player': {'id': 398153, 'name': 'Antonio Jasso Alvarez'}, 'position': {'id': 13, 'name': 'Right Center Midfield'}, 'teammate': True}, {'location': [104.6, 42.4], 'player': {'id': 397697, 'name': 'Mauro Ramos de Oliveira'}, 'position': {'id': 3, 'name': 'Right Center Back'}, 'teammate': False}, {'location': [102.9, 51.5], 'player': {'id': 397695, 'name': 'Zózimo Alves Calazães'}, 'position': {'id': 5, 'name': 'Left Center Back'}, 'teammate': False}, {'location': [117.8, 40.4], 'player': {'id': 397683, 'name': 'Gylmar dos Santos Neves'}, 'position': {'id': 1, 'name': 'Goalkeeper'}, 'teammate': False}, {'location': [105.8, 33.8], 'player': {'id': 397692, 'name': 'Dejalma Pereira Dias dos Santos'}, 'position': {'id': 2, 'name': 'Right Back'}, 'teammate': False}, {'location': [93.9, 38.4], 'player': {'id': 397688, 'name': 'José Ely de Miranda'}, 'position': {'id': 9, 'name': 'Right Defensive Midfield'}, 'teammate': False}, {'location': [92.6, 50.9], 'player': {'id': 397684, 'name': 'Nilton dos Reis Santos'}, 'position': {'id': 6, 'name': 'Left Back'}, 'teammate': False}, {'location': [89.7, 47.9], 'player': {'id': 397703, 'name': 'Waldyr Pereira'}, 'position': {'id': 11, 'name': 'Left Defensive Midfield'}, 'teammate': False}]",,,Off T,0.02047223,Normal,Open Play,,Mexico,794,00:01:10.945,Shot,,FIFA World Cup,Carry,,,,,,,,,,,,,,,,,,,,,,,,,,,,,,,,,,,,,,,,,,,,,,,,,,,,,,,,,,,,,,,,,,,,,,,,,,,,,,,,,,,,,,,,cd2dd8ed-b496-4ac1-8845-f99557c8ce20,Set,FIFA World Cup,1962
,,,,,,,,,,,,,,,,0.819547,,,,,,,,,,,,,5cd0e951-6bc5-4b2c-bbec-20f330e11ef8,181,,"[117.4, 30.3]",3888854,3,,,,,,,,,,,,,,,,,,,,,,,,1,Regular Play,Antonio Jasso Alvarez,398153.0,Right Center Midfield,12,Mexico,794,"['1395a94d-de14-4b0d-818b-94abcec4c1e5', '94ec83bd-e241-421a-9f63-e544329e24a4']",2,,Left Foot,,"[116.6, 53.2]",True,"[{'location': [116.5, 32.4], 'player': {'id': 397695, 'name': 'Zózimo Alves Calazães'}, 'position': {'id': 5, 'name': 'Left Center Back'}, 'teammate': False}, {'location': [118.0, 33.5], 'player': {'id': 397683, 'name': 'Gylmar dos Santos Neves'}, 'position': {'id': 1, 'name': 'Goalkeeper'}, 'teammate': False}, {'location': [116.6, 26.9], 'player': {'id': 397697, 'name': 'Mauro Ramos de Oliveira'}, 'position': {'id': 3, 'name': 'Right Center Back'}, 'teammate': False}]",03de4d28-8a18-418c-8de8-cef98a76e236,,Wayward,0.06357906,Normal,Open Play,,Mexico,794,00:03:02.547,Shot,True,FIFA World Cup,Ball Receipt*,,,,,,,,,,,,,,,,,2.054064,,,,,,,,,,,,,03de4d28-8a18-418c-8de8-cef98a76e236,178.0,,"[110.1, 4.3]",3888854.0,3.0,,,,1.2970744,5cd0e951-6bc5-4b2c-bbec-20f330e11ef8,Left Foot,True,,,"[117.4, 30.3]",,Ground Pass,27.00537,,,,,Antonio Jasso Alvarez,True,,,,,1.0,Regular Play,Isidoro Díaz Mejia,398150.0,Left Wing,12.0,Mexico,794.0,['221f1065-2563-48fd-b169-a31de1068285'],0.0,,,,,,,,,,,,,,Mexico,794.0,00:03:00.193,Pass,,FIFA World Cup,5cd0e951-6bc5-4b2c-bbec-20f330e11ef8,Set,FIFA World Cup,1962
,,,,,,,,,,,,,,,,0.771022,,,,,,,,,,,,,7430f0e9-d360-4997-afa7-bcaf56e21366,2175,,"[91.5, 43.3]",3888854,48,,,,,,,,,,,,,,,,,,,,,,,,2,From Goal Kick,Édson Arantes do Nascimento,39712.0,Right Center Forward,149,Brazil,781,['28c0223f-132d-4c72-908d-f520aed2f9ba'],29,,Left Foot,,"[118.4, 40.1, 2.0]",,"[{'location': [118.9, 40.1], 'player': {'id': 398145, 'name': 'Antonio Félix Carbajal Rodríguez'}, 'position': {'id': 1, 'name': 'Goalkeeper'}, 'teammate': False}, {'location': [100.9, 60.3], 'player': {'id': 398147, 'name': 'José Villegas Tavares'}, 'position': {'id': 6, 'name': 'Left Back'}, 'teammate': False}, {'location': [92.3, 45.3], 'player': {'id': 398148, 'name': 'Pedro Nájera Pacheco'}, 'position': {'id': 10, 'name': 'Center Defensive Midfield'}, 'teammate': False}, {'location': [102.4, 40.9], 'player': {'id': 398166, 'name': 'Raul Cardenas'}, 'position': {'id': 3, 'name': 'Right Center Back'}, 'teammate': False}, {'location': [102.6, 36.6], 'player': {'id': 398165, 'name': 'José de Jesús Del Muro Lopez'}, 'position': {'id': 2, 'name': 'Right Back'}, 'teammate': False}, {'location': [100.5, 41.9], 'player': {'id': 397690, 'name': 'Edvaldo Izidio Neto'}, 'position': {'id': 24, 'name': 'Left Center Forward'}, 'teammate': True}, {'location': [83.1, 66.3], 'player': {'id': 398150, 'name': 'Isidoro Díaz Mejia'}, 'position': {'id': 21, 'name': 'Left Wing'}, 'teammate': False}, {'location': [85.9, 66.3], 'player': {'id': 397689, 'name': 'Manoel Francisco dos Santos'}, 'position': {'id': 12, 'name': 'Right Midfield'}, 'teammate': True}, {'location': [100.5, 46.2], 'player': {'id': 398146, 'name': 'Guillermo Sepúlveda Rodríguez'}, 'position': {'id': 5, 'name': 'Left Center Back'}, 'teammate': False}]",b716e3d5-1c48-4216-ad1b-65a38c407764,,Saved,0.03322114,Normal,Open Play,,Brazil,781,00:03:29.303,Shot,,FIFA World Cup,Pass,,,,,,,,,,,,,,,,,1.000561,,,,,,,,,,,,,b716e3d5-1c48-4216-ad1b-65a38c407764,2172.0,,"[70.3, 70.1]",3888854.0,48.0,,,,-0.9357696,7430f0e9-d360-4997-afa7-bcaf56e21366,Right Foot,,,,"[80.1, 56.8]",,Ground Pass,16.520594,,,,,Édson Arantes do Nascimento,True,,,,,2.0,From Goal Kick,José Ely de Miranda,397688.0,Right Defensive Midfield,149.0,Brazil,781.0,['3ce4c731-6e7c-464f-80e9-88a99b506823'],26.0,,,,,,,,,,,,,,Brazil,781.0,00:03:26.163,Pass,,FIFA World Cup,7430f0e9-d360-4997-afa7-bcaf56e21366,Set,FIFA World Cup,1962
,,,,,,,,,,,,,,,,0.528475,,,,,,,,,,,,,2f1a4540-ce58-4505-a654-e2c9e1dc052d,2211,,"[96.9, 43.3]",3888854,49,,,,,,,,,,,,,,,,,,,,,,,,2,Regular Play,Waldyr Pereira,397703.0,Left Defensive Midfield,155,Brazil,781,"['4f7dea21-3729-4212-b671-b7ffbaf40134', '8c7a2c9f-94af-4034-86ba-f4a820bf4161']",43,,Right Foot,,"[112.9, 39.3]",True,"[{'location': [107.9, 30.5], 'player': {'id': 397702, 'name': 'Mário Jorge Lobo Zagallo'}, 'position': {'id': 16, 'name': 'Left Midfield'}, 'teammate': True}, {'location': [113.3, 60.9], 'player': {'id': 398151, 'name': ""Alfredo Estrella Del'Aguila""}, 'position': {'id': 17, 'name': 'Right Wing'}, 'teammate': False}, {'location': [98.9, 44.4], 'player': {'id': 398152, 'name': 'Salvador Reyes Monteón'}, 'position': {'id': 15, 'name': 'Left Center Midfield'}, 'teammate': False}, {'location': [119.3, 40.3], 'player': {'id': 398145, 'name': 'Antonio Félix Carbajal Rodríguez'}, 'position': {'id': 1, 'name': 'Goalkeeper'}, 'teammate': False}, {'location': [107.0, 50.6], 'player': {'id': 398166, 'name': 'Raul Cardenas'}, 'position': {'id': 3, 'name': 'Right Center Back'}, 'teammate': False}, {'location': [101.5, 41.8], 'player': {'id': 398165, 'name': 'José de Jesús Del Muro Lopez'}, 'position': {'id': 2, 'name': 'Right Back'}, 'teammate': False}, {'location': [113.3, 39.0], 'player': {'id': 398147, 'name': 'José Villegas Tavares'}, 'position': {'id': 6, 'name': 'Left Back'}, 'teammate': False}, {'location': [105.5, 42.3], 'player': {'id': 397690, 'name': 'Edvaldo Izidio Neto'}, 'position': {'id': 24, 'name': 'Left Center Forward'}, 'teammate': True}, {'location': [112.9, 73.1], 'player': {'id': 397689, 'name': 'Manoel Francisco dos Santos'}, 'position': {'id': 12, 'name': 'Right Midfield'}, 'teammate': True}, {'location': [104.4, 57.3], 'player': {'id': 39712, 'name': 'Édson Arantes do Nascimento'}, 'position': {'id': 22, 'name': 'Right Center Forward'}, 'teammate': True}, {'location': [103.5, 47.3], 'player': {'id': 398146, 'name': 'Guillermo Sepúlveda Rodríguez'}, 'position': {'id': 5, 'name': 'Left Center Back'}, 'teammate': False}, {'location': [95.9, 66.7], 'player': {'id': 398150, 'name': 'Isidoro Díaz Mejia'}, 'position': {'id': 21, 'name': 'Left Wing'}, 'teammate': False}, {'location': [108.7, 44.9], 'player': {'id': 398148, 'name': 'Pedro Nájera Pacheco'}, 'position': {'id': 10, 'name': 'Center Defensive Midfield'}, 'teammate': False}]",9d958b9a-63cb-4626-8d4b-df9e1c19672c,,Blocked,0.040889245,Normal,Open Play,,Brazil,781,00:04:43.710,Shot,,FIFA World Cup,Ball Receipt*,,,,,,,,,,,,,,,,,1.490575,,,,,,,,,,,,,9d958b9a-63cb-4626-8d4b-df9e1c19672c,2208.0,,"[108.5, 46.2]",3888854.0,49.0,,,,-2.896614,2f1a4540-ce58-4505-a654-e2c9e1dc052d,Left Foot,,,,"[96.9, 43.3]",,Ground Pass,11.957006,,,,,Waldyr Pereira,True,,,,Recovery,2.0,Regular Play,Édson Arantes do Nascimento,39712.0,Right Center Forward,155.0,Brazil,781.0,['786c80c8-395c-45c1-a8e8-fd0aa1c2b38a'],42.0,,,,,,,,,,,,,,Brazil,781.0,00:04:42.193,Pass,,FIFA World Cup,2f1a4540-ce58-4505-a654-e2c9e1dc052d,Set,FIFA World Cup,1962
,,,,,,,,,,,,,,,,0.841808,,,,,,,,,,,,,d4ae55c4-1d2e-46b1-ab03-755763e4e282,2221,,"[102.3, 53.6]",3888854,49,,,,,,,,,,,,,,,,,,,,,,,,2,From Counter,Alfredo Estrella Del'Aguila,398151.0,Right Wing,156,Mexico,794,"['ac9a900a-c704-45be-87b5-5764cdc7820a', 'db09bf1f-411c-470f-9652-cb586c9b7122']",57,,Right Foot,,"[120.0, 45.3, 2.0]",,"[{'location': [117.7, 42.3], 'player': {'id': 397683, 'name': 'Gylmar dos Santos Neves'}, 'position': {'id': 1, 'name': 'Goalkeeper'}, 'teammate': False}, {'location': [105.0, 37.0], 'player': {'id': 397695, 'name': 'Zózimo Alves Calazães'}, 'position': {'id': 5, 'name': 'Left Center Back'}, 'teammate': False}, {'location': [102.6, 46.4], 'player': {'id': 397697, 'name': 'Mauro Ramos de Oliveira'}, 'position': {'id': 3, 'name': 'Right Center Back'}, 'teammate': False}, {'location': [102.3, 51.4], 'player': {'id': 397684, 'name': 'Nilton dos Reis Santos'}, 'position': {'id': 6, 'name': 'Left Back'}, 'teammate': False}]",3cdd525c-5025-4be8-aa62-90f547f6507b,,Off T,0.061535094,Normal,Open Play,,Mexico,794,00:04:57.577,Shot,True,FIFA World Cup,Pressure,,,,,,,,,,,,,,,,,1.269028,,,,,,,,,,,,,3cdd525c-5025-4be8-aa62-90f547f6507b,2217.0,,"[85.9, 40.5]",3888854.0,49.0,,,,0.69473827,d4ae55c4-1d2e-46b1-ab03-755763e4e282,Right Foot,,,,"[101.5, 53.5]",,Ground Pass,20.306648,,,,,Alfredo Estrella Del'Aguila,True,,,,,2.0,From Counter,Isidoro Díaz Mejia,398150.0,Left Wing,156.0,Mexico,794.0,['645d3c9d-6f87-4bf3-b8a8-5aed8b6d6a5c'],54.0,,,,,,,,,,,,,,Mexico,794.0,00:04:54.514,Pass,,FIFA World Cup,d4ae55c4-1d2e-46b1-ab03-755763e4e282,Set,FIFA World Cup,1962
,,,,,,,,,,,,,,,,1.7623,,,,,,,,,,,,,d7c436fa-7f12-43e4-a767-af0815932695,300,,"[92.5, 39.9]",3888854,5,,,,,,,,,,,,,,,,,,,,,,,,1,From Keeper,Nilton dos Reis Santos,397684.0,Left Back,19,Brazil,781,['6b217c6b-4ed3-4383-b07e-1e3b0b39ff61'],33,,Right Foot,,"[120.0, 28.2, 0.2]",True,"[{'location': [97.0, 52.9], 'player': {'id': 398146, 'name': 'Guillermo Sepúlveda Rodríguez'}, 'position': {'id': 5, 'name': 'Left Center Back'}, 'teammate': False}, {'location': [93.3, 42.5], 'player': {'id': 398148, 'name': 'Pedro Nájera Pacheco'}, 'position': {'id': 10, 'name': 'Center Defensive Midfield'}, 'teammate': False}, {'location': [88.1, 41.9], 'player': {'id': 398153, 'name': 'Antonio Jasso Alvarez'}, 'position': {'id': 13, 'name': 'Right Center Midfield'}, 'teammate': False}, {'location': [101.4, 46.0], 'player': {'id': 398147, 'name': 'José Villegas Tavares'}, 'position': {'id': 6, 'name': 'Left Back'}, 'teammate': False}, {'location': [101.4, 33.0], 'player': {'id': 398166, 'name': 'Raul Cardenas'}, 'position': {'id': 3, 'name': 'Right Center Back'}, 'teammate': False}, {'location': [118.5, 40.5], 'player': {'id': 398145, 'name': 'Antonio Félix Carbajal Rodríguez'}, 'position': {'id': 1, 'name': 'Goalkeeper'}, 'teammate': False}, {'location': [99.3, 26.1], 'player': {'id': 398165, 'name': 'José de Jesús Del Muro Lopez'}, 'position': {'id': 2, 'name': 'Right Back'}, 'teammate': False}, {'location': [98.2, 47.3], 'player': {'id': 39712, 'name': 'Édson Arantes do Nascimento'}, 'position': {'id': 22, 'name': 'Right Center Forward'}, 'teammate': True}, {'location': [99.8, 29.5], 'player': {'id': 397702, 'name': 'Mário Jorge Lobo Zagallo'}, 'position': {'id': 16, 'name': 'Left Midfield'}, 'teammate': True}]",4bd231e6-5d25-4af4-b2d3-390360429a62,,Off T,0.040373556,Normal,Open Play,,Brazil,781,00:05:33.618,Shot,,FIFA World Cup,Ball Receipt*,,,,,,,,,,,,,,,,,1.14354,,,,,,,,,,,,,4bd231e6-5d25-4af4-b2d3-390360429a62,298.0,,"[92.8, 54.5]",3888854.0,5.0,,,,-1.5913414,d7c436fa-7f12-43e4-a767-af0815932695,Right Foot,,,,"[92.5, 39.9]",,Ground Pass,14.603082,,,,,Nilton dos Reis Santos,True,,,,,1.0,From Keeper,Édson Arantes do Nascimento,39712.0,Right Center Forward,19.0,Brazil,781.0,['4ac8ee2f-03f9-402c-b6a0-21e02243d2b1'],32.0,,,,,,,,,,,,,,Brazil,781.0,00:05:32.279,Pass,,FIFA World Cup,d7c436fa-7f12-43e4-a767-af0815932695,Set,FIFA World Cup,1962
,,,,,,,,,,,,,,,,1.247911,,,,,,,,,,,,,1aead6da-6eed-45ac-b986-26de011279bc,2350,,"[97.2, 57.2]",3888854,52,,,,,,,,,,,,,,,,,,,,,,,,2,Regular Play,Manoel Francisco dos Santos,397689.0,Right Midfield,164,Brazil,781,['b0454964-5434-4dd7-8484-9db3b075dfc2'],34,,Right Foot,,"[120.0, 47.3, 1.0]",,"[{'location': [117.9, 41.1], 'player': {'id': 398145, 'name': 'Antonio Félix Carbajal Rodríguez'}, 'position': {'id': 1, 'name': 'Goalkeeper'}, 'teammate': False}, {'location': [103.6, 38.6], 'player': {'id': 398166, 'name': 'Raul Cardenas'}, 'position': {'id': 3, 'name': 'Right Center Back'}, 'teammate': False}, {'location': [101.3, 44.4], 'player': {'id': 397702, 'name': 'Mário Jorge Lobo Zagallo'}, 'position': {'id': 16, 'name': 'Left Midfield'}, 'teammate': True}, {'location': [92.7, 41.5], 'player': {'id': 39712, 'name': 'Édson Arantes do Nascimento'}, 'position': {'id': 22, 'name': 'Right Center Forward'}, 'teammate': True}, {'location': [90.3, 53.0], 'player': {'id': 398152, 'name': 'Salvador Reyes Monteón'}, 'position': {'id': 15, 'name': 'Left Center Midfield'}, 'teammate': False}, {'location': [95.0, 43.5], 'player': {'id': 398148, 'name': 'Pedro Nájera Pacheco'}, 'position': {'id': 10, 'name': 'Center Defensive Midfield'}, 'teammate': False}, {'location': [101.9, 54.2], 'player': {'id': 398146, 'name': 'Guillermo Sepúlveda Rodríguez'}, 'position': {'id': 5, 'name': 'Left Center Back'}, 'teammate': False}, {'location': [100.0, 60.9], 'player': {'id': 398147, 'name': 'José Villegas Tavares'}, 'position': {'id': 6, 'name': 'Left Back'}, 'teammate': False}]",8b3761b0-3fb2-4b24-aa29-c996b6bc0da2,,Off T,0.018210627,Normal,Open Play,,Brazil,781,00:07:34.687,Shot,,FIFA World Cup,Ball Receipt*,,,,,,,,,,,,,,,,,1.37286,,,,,,,,,,,,,8b3761b0-3fb2-4b24-aa29-c996b6bc0da2,2347.0,,"[80.4, 41.9]",3888854.0,52.0,,,,1.2469493,1aead6da-6eed-45ac-b986-26de011279bc,Right Foot,,,,"[85.2, 56.2]",,Ground Pass,15.084098,,,,,Manoel Francisco dos Santos,True,,,,,2.0,Regular Play,Édson Arantes do Nascimento,39712.0,Right Center Forward,164.0,Brazil,781.0,['799bafd5-06d1-48e1-881a-ab35e1e789fe'],31.0,,,,,,,,,,,,,,Brazil,781.0,00:07:31.929,Pass,,FIFA World Cup,1aead6da-6eed-45ac-b986-26de011279bc,Set,FIFA World Cup,1962
,,,,,,,,,,,,,,,,0.456765,,,,,,,,,,,,,4ccc4b1b-8e0f-4663-b3e6-e979d90a6eda,390,,"[103.6, 42.7]",3888854,7,,,,,,,,,,,,,,,,,,,,,,,,1,From Counter,Édson Arantes do Nascimento,39712.0,Right Center Forward,25,Brazil,781,['df3ec5ea-f9c2-4c63-a4a1-e8154bd90934'],42,,Left Foot,,"[120.0, 45.0, 0.3]",,"[{'location': [108.6, 64.2], 'player': {'id': 398150, 'name': 'Isidoro Díaz Mejia'}, 'position': {'id': 21, 'name': 'Left Wing'}, 'teammate': False}, {'location': [97.0, 45.2], 'player': {'id': 398153, 'name': 'Antonio Jasso Alvarez'}, 'position': {'id': 13, 'name': 'Right Center Midfield'}, 'teammate': False}, {'location': [103.7, 44.5], 'player': {'id': 398147, 'name': 'José Villegas Tavares'}, 'position': {'id': 6, 'name': 'Left Back'}, 'teammate': False}, {'location': [109.7, 47.9], 'player': {'id': 397689, 'name': 'Manoel Francisco dos Santos'}, 'position': {'id': 12, 'name': 'Right Midfield'}, 'teammate': True}, {'location': [107.5, 36.4], 'player': {'id': 397690, 'name': 'Edvaldo Izidio Neto'}, 'position': {'id': 24, 'name': 'Left Center Forward'}, 'teammate': True}, {'location': [107.6, 33.6], 'player': {'id': 398165, 'name': 'José de Jesús Del Muro Lopez'}, 'position': {'id': 2, 'name': 'Right Back'}, 'teammate': False}, {'location': [118.6, 40.8], 'player': {'id': 398145, 'name': 'Antonio Félix Carbajal Rodríguez'}, 'position': {'id': 1, 'name': 'Goalkeeper'}, 'teammate': False}, {'location': [108.8, 40.7], 'player': {'id': 398166, 'name': 'Raul Cardenas'}, 'position': {'id': 3, 'name': 'Right Center Back'}, 'teammate': False}, {'location': [112.2, 49.7], 'player': {'id': 398146, 'name': 'Guillermo Sepúlveda Rodríguez'}, 'position': {'id': 5, 'name': 'Left Center Back'}, 'teammate': False}]",2f8ef428-02e7-4c1f-9b26-7bca16ab6054,,Off T,0.14264672,Normal,Open Play,,Brazil,781,00:07:42.784,Shot,,FIFA World Cup,Dribble,,,,,,,,,,,,,,,,,1.022282,,,,,,,,,,,,,2f8ef428-02e7-4c1f-9b26-7bca16ab6054,383.0,,"[107.0, 51.8]",3888854.0,7.0,,,,-2.0831857,4ccc4b1b-8e0f-4663-b3e6-e979d90a6eda,Right Foot,,,,"[101.6, 42.2]",,Ground Pass,11.014536,,,,,Édson Arantes do Nascimento,True,,,,,1.0,From Counter,Manoel Francisco dos Santos,397689.0,Right Midfield,25.0,Brazil,781.0,"['4bc3a22b-fb30-4525-bd14-befdba9e8a6e', '7241c819-602d-4e9b-b430-5c59bb005b91']",40.0,,,,,,,,,,,,,,Brazil,781.0,00:07:40.500,Pass,True,FIFA World Cup,4ccc4b1b-8e0f-4663-b3e6-e979d90a6eda,Set,FIFA World Cup,1962
,,,,,,,,,,,,,,,,0.511211,,,,,,,,,,,,,e58e3c17-1395-42f9-bbde-75420b0c9458,430,,"[116.0, 55.2]",3888854,8,,,,,,,,,,,,,,,,,,,,,,,,1,Regular Play,Manoel Francisco dos Santos,397689.0,Right Midfield,29,Brazil,781,['ed4bd04c-eb64-4c2e-9e23-4d4bc8d5830f'],52,,Right Foot,,"[119.2, 42.7, 0.2]",,"[{'location': [110.1, 43.3], 'player': {'id': 398152, 'name': 'Salvador Reyes Monteón'}, 'position': {'id': 15, 'name': 'Left Center Midfield'}, 'teammate': False}, {'location': [113.2, 35.6], 'player': {'id': 398165, 'name': 'José de Jesús Del Muro Lopez'}, 'position': {'id': 2, 'name': 'Right Back'}, 'teammate': False}, {'location': [111.8, 40.3], 'player': {'id': 398148, 'name': 'Pedro Nájera Pacheco'}, 'position': {'id': 10, 'name': 'Center Defensive Midfield'}, 'teammate': False}, {'location': [113.6, 43.3], 'player': {'id': 398166, 'name': 'Raul Cardenas'}, 'position': {'id': 3, 'name': 'Right Center Back'}, 'teammate': False}, {'location': [113.7, 51.2], 'player': {'id': 398147, 'name': 'José Villegas Tavares'}, 'position': {'id': 6, 'name': 'Left Back'}, 'teammate': False}, {'location': [112.1, 41.9], 'player': {'id': 39712, 'name': 'Édson Arantes do Nascimento'}, 'position': {'id': 22, 'name': 'Right Center Forward'}, 'teammate': True}, {'location': [112.1, 38.7], 'player': {'id': 397690, 'name': 'Edvaldo Izidio Neto'}, 'position': {'id': 24, 'name': 'Left Center Forward'}, 'teammate': True}, {'location': [118.9, 42.0], 'player': {'id': 398145, 'name': 'Antonio Félix Carbajal Rodríguez'}, 'position': {'id': 1, 'name': 'Goalkeeper'}, 'teammate': False}]",3a080c29-4fcd-47cf-948b-bceb6b8b0af9,True,Saved,0.019844528,Normal,Open Play,,Brazil,781,00:08:52.495,Shot,,FIFA World Cup,Pass,,,,,,,,,,,,,,,,,2.795468,,,,,,,,,,,,,3a080c29-4fcd-47cf-948b-bceb6b8b0af9,427.0,,"[47.0, 54.5]",3888854.0,8.0,,,,0.36798093,e58e3c17-1395-42f9-bbde-75420b0c9458,Right Foot,,,,"[88.5, 70.5]",,High Pass,44.477524,,,,,Manoel Francisco dos Santos,True,,,,Recovery,1.0,Regular Play,José Ely de Miranda,397688.0,Right Defensive Midfield,29.0,Brazil,781.0,['7d4f7a90-6b87-437e-8447-e89631954b6c'],44.0,,,,,,,,,,,,,,Brazil,781.0,00:08:44.856,Pass,,FIFA World Cup,e58e3c17-1395-42f9-bbde-75420b0c9458,Set,FIFA World Cup,1962
,,,,,,,,,,,,,,,,0.481914,,,,,,,,,,,,,f7073749-5e2d-4b8c-b6e6-f257f489d6cb,2466,,"[111.3, 35.5]",3888854,54,,,,,,,,,,,,,,,,,,,,,,,,2,Regular Play,Mário Jorge Lobo Zagallo,397702.0,Left Midfield,172,Brazil,781,"['68754e13-8b53-46a7-afad-668d3c738776', 'a9e2d0ff-ae0e-47db-9cfe-448b0d75f6a0']",38,,Head,True,"[120.0, 42.3, 2.0]",,"[{'location': [111.8, 60.4], 'player': {'id': 39712, 'name': 'Édson Arantes do Nascimento'}, 'position': {'id': 22, 'name': 'Right Center Forward'}, 'teammate': True}, {'location': [111.0, 56.5], 'player': {'id': 398147, 'name': 'José Villegas Tavares'}, 'position': {'id': 6, 'name': 'Left Back'}, 'teammate': False}, {'location': [110.4, 43.8], 'player': {'id': 398166, 'name': 'Raul Cardenas'}, 'position': {'id': 3, 'name': 'Right Center Back'}, 'teammate': False}, {'location': [110.9, 51.0], 'player': {'id': 398148, 'name': 'Pedro Nájera Pacheco'}, 'position': {'id': 10, 'name': 'Center Defensive Midfield'}, 'teammate': False}, {'location': [112.4, 41.8], 'player': {'id': 397690, 'name': 'Edvaldo Izidio Neto'}, 'position': {'id': 24, 'name': 'Left Center Forward'}, 'teammate': True}, {'location': [113.5, 39.2], 'player': {'id': 398165, 'name': 'José de Jesús Del Muro Lopez'}, 'position': {'id': 2, 'name': 'Right Back'}, 'teammate': False}, {'location': [118.9, 39.2], 'player': {'id': 398145, 'name': 'Antonio Félix Carbajal Rodríguez'}, 'position': {'id': 1, 'name': 'Goalkeeper'}, 'teammate': False}, {'location': [117.5, 44.4], 'player': {'id': 398146, 'name': 'Guillermo Sepúlveda Rodríguez'}, 'position': {'id': 5, 'name': 'Left Center Back'}, 'teammate': False}]",a791c77c-6e53-4785-9c7e-ba3acaea54cd,,Goal,0.1926422,Diving Header,Open Play,,Brazil,781,00:09:38.310,Shot,,FIFA World Cup,Ball Receipt*,,,,,,,,,,,,,,,,,1.565021,,,,,,,,,,,,,a791c77c-6e53-4785-9c7e-ba3acaea54cd,2464.0,,"[114.2, 59.2]",3888854.0,54.0,,,,-1.6925539,f7073749-5e2d-4b8c-b6e6-f257f489d6cb,Right Foot,True,,,"[111.3, 35.5]",True,High Pass,23.876766,,,,,Mário Jorge Lobo Zagallo,,,,,,2.0,Regular Play,Édson Arantes do Nascimento,39712.0,Right Center Forward,172.0,Brazil,781.0,['16044370-6af1-4a2a-8895-746d71d0fd75'],36.0,,,,,,,,,,,,,,Brazil,781.0,00:09:36.738,Pass,,FIFA World Cup,f7073749-5e2d-4b8c-b6e6-f257f489d6cb,Set,FIFA World Cup,1962
,,,,,,,,,,,,,,,,1.270777,,,,,,,,,,,,,2c7efcbe-78bb-43de-850a-dc5b4464693b,472,,"[88.5, 48.8]",3888854,10,,,,,,,,,,,,,,,,,,,,,,,,1,From Free Kick,José Ely de Miranda,397688.0,Right Defensive Midfield,33,Brazil,781,['0e650889-995f-4e83-813b-9d3e0f902549'],2,,Right Foot,,"[118.9, 42.8, 1.9]",,"[{'location': [90.7, 58.2], 'player': {'id': 397692, 'name': 'Dejalma Pereira Dias dos Santos'}, 'position': {'id': 2, 'name': 'Right Back'}, 'teammate': True}, {'location': [98.9, 47.1], 'player': {'id': 397703, 'name': 'Waldyr Pereira'}, 'position': {'id': 11, 'name': 'Left Defensive Midfield'}, 'teammate': True}, {'location': [106.4, 35.1], 'player': {'id': 397690, 'name': 'Edvaldo Izidio Neto'}, 'position': {'id': 24, 'name': 'Left Center Forward'}, 'teammate': True}, {'location': [101.9, 40.3], 'player': {'id': 39712, 'name': 'Édson Arantes do Nascimento'}, 'position': {'id': 22, 'name': 'Right Center Forward'}, 'teammate': True}, {'location': [97.9, 34.4], 'player': {'id': 398151, 'name': ""Alfredo Estrella Del'Aguila""}, 'position': {'id': 17, 'name': 'Right Wing'}, 'teammate': False}, {'location': [97.8, 38.8], 'player': {'id': 398149, 'name': 'Héctor Hernández García'}, 'position': {'id': 23, 'name': 'Center Forward'}, 'teammate': False}, {'location': [106.7, 48.1], 'player': {'id': 398146, 'name': 'Guillermo Sepúlveda Rodríguez'}, 'position': {'id': 5, 'name': 'Left Center Back'}, 'teammate': False}, {'location': [100.1, 46.2], 'player': {'id': 398148, 'name': 'Pedro Nájera Pacheco'}, 'position': {'id': 10, 'name': 'Center Defensive Midfield'}, 'teammate': False}, {'location': [105.0, 33.0], 'player': {'id': 398165, 'name': 'José de Jesús Del Muro Lopez'}, 'position': {'id': 2, 'name': 'Right Back'}, 'teammate': False}, {'location': [92.2, 44.7], 'player': {'id': 398153, 'name': 'Antonio Jasso Alvarez'}, 'position': {'id': 13, 'name': 'Right Center Midfield'}, 'teammate': False}, {'location': [96.0, 54.4], 'player': {'id': 398150, 'name': 'Isidoro Díaz Mejia'}, 'position': {'id': 21, 'name': 'Left Wing'}, 'teammate': False}, {'location': [95.8, 48.3], 'player': {'id': 398152, 'name': 'Salvador Reyes Monteón'}, 'position': {'id': 15, 'name': 'Left Center Midfield'}, 'teammate': False}, {'location': [105.5, 42.2], 'player': {'id': 398147, 'name': 'José Villegas Tavares'}, 'position': {'id': 6, 'name': 'Left Back'}, 'teammate': False}, {'location': [105.8, 38.9], 'player': {'id': 398166, 'name': 'Raul Cardenas'}, 'position': {'id': 3, 'name': 'Right Center Back'}, 'teammate': False}, {'location': [118.8, 40.6], 'player': {'id': 398145, 'name': 'Antonio Félix Carbajal Rodríguez'}, 'position': {'id': 1, 'name': 'Goalkeeper'}, 'teammate': False}]",,,Saved,0.018236192,Normal,Open Play,,Brazil,781,00:10:02.037,Shot,,FIFA World Cup,Ball Recovery,,,,,,,,,,,,,,,,,,,,,,,,,,,,,,,,,,,,,,,,,,,,,,,,,,,,,,,,,,,,,,,,,,,,,,,,,,,,,,,,,,,,,,,,2c7efcbe-78bb-43de-850a-dc5b4464693b,Set,FIFA World Cup,1962
,,,,,,,,,,,,,,,,0.7782,,,,,,,,,,,,,41b7ca20-e7b4-40d4-a256-c41aac42b7ca,491,,"[94.8, 44.7]",3888854,11,,,,,,,,,,,,,,,,,,,,,,,,1,From Goal Kick,Édson Arantes do Nascimento,39712.0,Right Center Forward,37,Mexico,794,['6cde80fa-7e28-488a-bf39-b6960fd7b117'],9,,Right Foot,,"[120.0, 35.1, 3.0]",,"[{'location': [100.7, 52.2], 'player': {'id': 398146, 'name': 'Guillermo Sepúlveda Rodríguez'}, 'position': {'id': 5, 'name': 'Left Center Back'}, 'teammate': False}, {'location': [100.6, 35.8], 'player': {'id': 397690, 'name': 'Edvaldo Izidio Neto'}, 'position': {'id': 24, 'name': 'Left Center Forward'}, 'teammate': True}, {'location': [90.7, 42.9], 'player': {'id': 398148, 'name': 'Pedro Nájera Pacheco'}, 'position': {'id': 10, 'name': 'Center Defensive Midfield'}, 'teammate': False}, {'location': [106.1, 46.7], 'player': {'id': 398147, 'name': 'José Villegas Tavares'}, 'position': {'id': 6, 'name': 'Left Back'}, 'teammate': False}, {'location': [100.1, 43.5], 'player': {'id': 398166, 'name': 'Raul Cardenas'}, 'position': {'id': 3, 'name': 'Right Center Back'}, 'teammate': False}, {'location': [100.6, 34.4], 'player': {'id': 398165, 'name': 'José de Jesús Del Muro Lopez'}, 'position': {'id': 2, 'name': 'Right Back'}, 'teammate': False}, {'location': [117.7, 39.3], 'player': {'id': 398145, 'name': 'Antonio Félix Carbajal Rodríguez'}, 'position': {'id': 1, 'name': 'Goalkeeper'}, 'teammate': False}]",,,Off T,0.042211045,Normal,Open Play,,Brazil,781,00:11:09.654,Shot,,FIFA World Cup,Carry,,,,,,,,,,,,,,,,,,,,,,,,,,,,,,,,,,,,,,,,,,,,,,,,,,,,,,,,,,,,,,,,,,,,,,,,,,,,,,,,,,,,,,,,41b7ca20-e7b4-40d4-a256-c41aac42b7ca,Set,FIFA World Cup,1962
,,,,,,,,,,,,,,,,0.338215,,,,,,,,,,,,,ceed84a4-c0b2-49f4-aa0a-2bf67d5aeedd,2573,,"[115.2, 30.2]",3888854,57,,,,,,,,,,,,,,,,,,,,,,,,2,From Throw In,Isidoro Díaz Mejia,398150.0,Left Wing,179,Mexico,794,['0903c09e-8828-4f6b-9c32-d04eb0b197ad'],30,,Left Foot,,"[120.0, 31.5, 6.9]",True,"[{'location': [112.0, 36.0], 'player': {'id': 398152, 'name': 'Salvador Reyes Monteón'}, 'position': {'id': 15, 'name': 'Left Center Midfield'}, 'teammate': True}, {'location': [114.4, 52.2], 'player': {'id': 397695, 'name': 'Zózimo Alves Calazães'}, 'position': {'id': 5, 'name': 'Left Center Back'}, 'teammate': False}, {'location': [113.4, 40.1], 'player': {'id': 397697, 'name': 'Mauro Ramos de Oliveira'}, 'position': {'id': 3, 'name': 'Right Center Back'}, 'teammate': False}, {'location': [114.2, 53.9], 'player': {'id': 398149, 'name': 'Héctor Hernández García'}, 'position': {'id': 23, 'name': 'Center Forward'}, 'teammate': True}, {'location': [115.1, 33.8], 'player': {'id': 397683, 'name': 'Gylmar dos Santos Neves'}, 'position': {'id': 1, 'name': 'Goalkeeper'}, 'teammate': False}, {'location': [115.3, 32.0], 'player': {'id': 397692, 'name': 'Dejalma Pereira Dias dos Santos'}, 'position': {'id': 2, 'name': 'Right Back'}, 'teammate': False}]",2bb2f0d7-f276-47ba-a238-cf03d8182a41,,Off T,0.06574711,Volley,Open Play,,Mexico,794,00:12:30.133,Shot,,FIFA World Cup,Ball Receipt*,,,,,,,,,,,,,,,,,2.197949,,,,,,,,,,,,,2bb2f0d7-f276-47ba-a238-cf03d8182a41,2570.0,,"[110.9, 73.0]",3888854.0,57.0,,,,-1.470665,ceed84a4-c0b2-49f4-aa0a-2bf67d5aeedd,Right Foot,True,,,"[115.2, 30.2]",,High Pass,43.01546,,,,,Isidoro Díaz Mejia,True,,True,,,2.0,From Throw In,Alfredo Estrella Del'Aguila,398151.0,Right Wing,179.0,Mexico,794.0,['85761771-3543-4414-bae6-35bf64f4cbd1'],27.0,,,,,,,,,,,,,,Mexico,794.0,00:12:27.641,Pass,,FIFA World Cup,ceed84a4-c0b2-49f4-aa0a-2bf67d5aeedd,Moving,FIFA World Cup,1962
,,,,,,,,,,,,,,,,1.74089,,,,,,,,,,,,,ca5a8297-a1f9-45fe-828a-691bf1214a22,2592,,"[89.3, 53.3]",3888854,58,,,,,,,,,,,,,,,,,,,,,,,,2,From Goal Kick,Édson Arantes do Nascimento,39712.0,Right Center Forward,180,Brazil,781,['91e4daf7-bcb1-4bb5-a4cf-e4367bc56c54'],6,,Right Foot,,"[120.0, 34.9, 0.2]",,"[{'location': [95.7, 44.9], 'player': {'id': 398166, 'name': 'Raul Cardenas'}, 'position': {'id': 3, 'name': 'Right Center Back'}, 'teammate': False}, {'location': [117.9, 40.0], 'player': {'id': 398145, 'name': 'Antonio Félix Carbajal Rodríguez'}, 'position': {'id': 1, 'name': 'Goalkeeper'}, 'teammate': False}, {'location': [99.8, 32.9], 'player': {'id': 398165, 'name': 'José de Jesús Del Muro Lopez'}, 'position': {'id': 2, 'name': 'Right Back'}, 'teammate': False}, {'location': [101.2, 60.9], 'player': {'id': 398147, 'name': 'José Villegas Tavares'}, 'position': {'id': 6, 'name': 'Left Back'}, 'teammate': False}, {'location': [94.0, 51.9], 'player': {'id': 398146, 'name': 'Guillermo Sepúlveda Rodríguez'}, 'position': {'id': 5, 'name': 'Left Center Back'}, 'teammate': False}, {'location': [90.7, 44.7], 'player': {'id': 397690, 'name': 'Edvaldo Izidio Neto'}, 'position': {'id': 24, 'name': 'Left Center Forward'}, 'teammate': True}]",c3d986ed-6dab-45ba-8a66-600536003631,,Off T,0.010976016,Normal,Open Play,,Brazil,781,00:13:06.660,Shot,,FIFA World Cup,Carry,,,,,,,,,,,,,,,,,2.029086,,,,,,,,,,,,,c3d986ed-6dab-45ba-8a66-600536003631,2589.0,,"[61.9, 42.2]",3888854.0,58.0,,,,0.44542047,ca5a8297-a1f9-45fe-828a-691bf1214a22,Right Foot,,,,"[77.4, 49.6]",,High Pass,17.175856,,,,,Édson Arantes do Nascimento,True,,,,,2.0,From Goal Kick,Manoel Francisco dos Santos,397689.0,Right Midfield,180.0,Brazil,781.0,['3e657a45-ced0-4282-82d2-b0a0b75b7866'],1.0,,,,,,,,,,,,,,Brazil,781.0,00:13:01.289,Pass,,FIFA World Cup,ca5a8297-a1f9-45fe-828a-691bf1214a22,Set,FIFA World Cup,1962
,,,,,,,,,,,,,,,,0.931583,,,,,,,,,,,,,cefe6753-85ec-4f62-b8b0-fe2d1ccefa3f,2656,,"[101.3, 48.4]",3888854,59,,,,,,,,,,,,,,,,,,,,,,,,2,Regular Play,Edvaldo Izidio Neto,397690.0,Left Center Forward,182,Brazil,781,['65e246d6-1d7f-471d-a586-b998e3d19e90'],11,,Right Foot,,"[118.6, 41.1, 1.7]",,"[{'location': [118.7, 40.7], 'player': {'id': 398145, 'name': 'Antonio Félix Carbajal Rodríguez'}, 'position': {'id': 1, 'name': 'Goalkeeper'}, 'teammate': False}, {'location': [105.0, 52.6], 'player': {'id': 398147, 'name': 'José Villegas Tavares'}, 'position': {'id': 6, 'name': 'Left Back'}, 'teammate': False}, {'location': [101.4, 39.0], 'player': {'id': 39712, 'name': 'Édson Arantes do Nascimento'}, 'position': {'id': 22, 'name': 'Right Center Forward'}, 'teammate': True}, {'location': [107.3, 43.9], 'player': {'id': 398166, 'name': 'Raul Cardenas'}, 'position': {'id': 3, 'name': 'Right Center Back'}, 'teammate': False}, {'location': [100.9, 41.4], 'player': {'id': 398148, 'name': 'Pedro Nájera Pacheco'}, 'position': {'id': 10, 'name': 'Center Defensive Midfield'}, 'teammate': False}, {'location': [104.8, 48.0], 'player': {'id': 398146, 'name': 'Guillermo Sepúlveda Rodríguez'}, 'position': {'id': 5, 'name': 'Left Center Back'}, 'teammate': False}, {'location': [106.1, 35.1], 'player': {'id': 398165, 'name': 'José de Jesús Del Muro Lopez'}, 'position': {'id': 2, 'name': 'Right Back'}, 'teammate': False}]",c9363724-08e5-4b99-834b-47eee7c85885,,Saved,0.055672,Half Volley,Open Play,,Brazil,781,00:14:11.568,Shot,,FIFA World Cup,Pass,,,,,,,,,,,,,,,,,1.234013,,,,,,,,,,,,,c9363724-08e5-4b99-834b-47eee7c85885,2653.0,,"[88.5, 35.1]",3888854.0,59.0,,,,0.96789414,cefe6753-85ec-4f62-b8b0-fe2d1ccefa3f,Right Foot,,,,"[98.0, 48.9]",,Ground Pass,16.753805,,,,,Edvaldo Izidio Neto,True,,,,,2.0,Regular Play,José Ely de Miranda,397688.0,Right Defensive Midfield,182.0,Brazil,781.0,"['2a4f2576-2314-4d1d-b839-d96b1ba5c1b7', 'caed35c5-7462-468a-83ac-4ae820af13f7']",9.0,,,,,,,,,,,,,,Brazil,781.0,00:14:09.471,Pass,True,FIFA World Cup,cefe6753-85ec-4f62-b8b0-fe2d1ccefa3f,Set,FIFA World Cup,1962
,,,,,,,,,,,,,,,,0.894856,,,,,,,,,,,,,d04c091e-0b39-490a-8cb6-01084b7eebde,683,,"[90.9, 34.8]",3888854,14,,,,,,,,,,,,,,,,,,,,,,,,1,Regular Play,Waldyr Pereira,397703.0,Left Defensive Midfield,44,Brazil,781,['8a4d7196-2e18-4683-ab36-4f56da814791'],39,,Right Foot,,"[120.0, 44.0, 5.0]",,"[{'location': [98.8, 44.1], 'player': {'id': 397690, 'name': 'Edvaldo Izidio Neto'}, 'position': {'id': 24, 'name': 'Left Center Forward'}, 'teammate': True}, {'location': [96.5, 43.7], 'player': {'id': 398153, 'name': 'Antonio Jasso Alvarez'}, 'position': {'id': 13, 'name': 'Right Center Midfield'}, 'teammate': False}, {'location': [107.8, 48.4], 'player': {'id': 398146, 'name': 'Guillermo Sepúlveda Rodríguez'}, 'position': {'id': 5, 'name': 'Left Center Back'}, 'teammate': False}, {'location': [104.0, 40.3], 'player': {'id': 398147, 'name': 'José Villegas Tavares'}, 'position': {'id': 6, 'name': 'Left Back'}, 'teammate': False}, {'location': [103.9, 36.6], 'player': {'id': 398166, 'name': 'Raul Cardenas'}, 'position': {'id': 3, 'name': 'Right Center Back'}, 'teammate': False}, {'location': [101.1, 44.1], 'player': {'id': 39712, 'name': 'Édson Arantes do Nascimento'}, 'position': {'id': 22, 'name': 'Right Center Forward'}, 'teammate': True}, {'location': [93.4, 39.8], 'player': {'id': 398152, 'name': 'Salvador Reyes Monteón'}, 'position': {'id': 15, 'name': 'Left Center Midfield'}, 'teammate': False}, {'location': [95.1, 35.2], 'player': {'id': 398148, 'name': 'Pedro Nájera Pacheco'}, 'position': {'id': 10, 'name': 'Center Defensive Midfield'}, 'teammate': False}, {'location': [118.6, 39.4], 'player': {'id': 398145, 'name': 'Antonio Félix Carbajal Rodríguez'}, 'position': {'id': 1, 'name': 'Goalkeeper'}, 'teammate': False}, {'location': [102.1, 23.8], 'player': {'id': 398165, 'name': 'José de Jesús Del Muro Lopez'}, 'position': {'id': 2, 'name': 'Right Back'}, 'teammate': False}]",058882b8-057d-4207-9c5b-b895e6099fc2,,Off T,0.024650825,Normal,Open Play,,Brazil,781,00:14:39.406,Shot,,FIFA World Cup,Carry,,,,,,,,,,,,,,,,,1.507862,,,,,,,,,,,,,058882b8-057d-4207-9c5b-b895e6099fc2,680.0,,"[75.3, 6.0]",3888854.0,14.0,,,,1.4464413,d04c091e-0b39-490a-8cb6-01084b7eebde,Left Foot,,,,"[78.0, 27.6]",,Low Pass,21.768095,,,,,Waldyr Pereira,True,,,,,1.0,Regular Play,Nilton dos Reis Santos,397684.0,Left Back,44.0,Brazil,781.0,['a635afcc-32ea-42de-897b-a45e9529d49e'],33.0,,,,,,,,,,,,,,Brazil,781.0,00:14:33.941,Pass,,FIFA World Cup,d04c091e-0b39-490a-8cb6-01084b7eebde,Set,FIFA World Cup,1962
,,,,,,,,,,,,,,,,0.783837,,,,,,,,,,,,,431bc4a7-6221-40e3-b720-f10cbf09067c,2675,,"[107.7, 36.9]",3888854,59,,,,,,,,,,,,,,,,,,,,,,,,2,From Corner,Édson Arantes do Nascimento,39712.0,Right Center Forward,185,Brazil,781,"['3969b987-ac58-4a4e-8329-532904ba825b', '8105eaa5-4505-4608-ba78-6230f470231a']",49,True,Head,,"[120.0, 35.6, 5.0]",,"[{'location': [118.3, 37.3], 'player': {'id': 398152, 'name': 'Salvador Reyes Monteón'}, 'position': {'id': 15, 'name': 'Left Center Midfield'}, 'teammate': False}, {'location': [107.3, 27.7], 'player': {'id': 398148, 'name': 'Pedro Nájera Pacheco'}, 'position': {'id': 10, 'name': 'Center Defensive Midfield'}, 'teammate': False}, {'location': [107.8, 48.5], 'player': {'id': 398165, 'name': 'José de Jesús Del Muro Lopez'}, 'position': {'id': 2, 'name': 'Right Back'}, 'teammate': False}, {'location': [108.1, 36.6], 'player': {'id': 398146, 'name': 'Guillermo Sepúlveda Rodríguez'}, 'position': {'id': 5, 'name': 'Left Center Back'}, 'teammate': False}, {'location': [114.3, 38.3], 'player': {'id': 398166, 'name': 'Raul Cardenas'}, 'position': {'id': 3, 'name': 'Right Center Back'}, 'teammate': False}, {'location': [114.1, 42.8], 'player': {'id': 398147, 'name': 'José Villegas Tavares'}, 'position': {'id': 6, 'name': 'Left Back'}, 'teammate': False}, {'location': [119.1, 40.0], 'player': {'id': 398145, 'name': 'Antonio Félix Carbajal Rodríguez'}, 'position': {'id': 1, 'name': 'Goalkeeper'}, 'teammate': False}, {'location': [107.2, 51.5], 'player': {'id': 397702, 'name': 'Mário Jorge Lobo Zagallo'}, 'position': {'id': 16, 'name': 'Left Midfield'}, 'teammate': True}, {'location': [113.2, 43.7], 'player': {'id': 397690, 'name': 'Edvaldo Izidio Neto'}, 'position': {'id': 24, 'name': 'Left Center Forward'}, 'teammate': True}]",a56718c2-109e-4783-8e3f-a8687b66003f,,Off T,0.033809517,Normal,Open Play,,Brazil,781,00:14:49.766,Shot,True,FIFA World Cup,Ball Receipt*,,,,,,,,,,,,,,,,,1.730748,,,,,,,,,,,,,a56718c2-109e-4783-8e3f-a8687b66003f,2672.0,,"[120.0, 0.1]",3888854.0,59.0,,,,1.8933619,431bc4a7-6221-40e3-b720-f10cbf09067c,Left Foot,,,,"[107.7, 36.9]",,High Pass,38.80116,,,,True,Édson Arantes do Nascimento,True,,,Outswinging,Corner,2.0,From Corner,Mário Jorge Lobo Zagallo,397702.0,Left Midfield,185.0,Brazil,781.0,['e4f02a1b-3248-4c4e-a5bd-c6bf642522e9'],48.0,,,,,,,,,,,,,,Brazil,781.0,00:14:48.050,Pass,,FIFA World Cup,431bc4a7-6221-40e3-b720-f10cbf09067c,Set,FIFA World Cup,1962
,,,,,,,,,,,,,,,,0.059136,,,,,,,,,,,,,efec318f-9800-41ae-8f4d-f748289ae0f8,2758,,"[107.6, 48.2]",3888854,62,,,,,,,,,,,,,,,,,,,,,,,,2,From Free Kick,Edvaldo Izidio Neto,397690.0,Left Center Forward,193,Brazil,781,"['34f08aa8-76c8-46f4-b0c0-95c1c1b77750', '645bab38-07a1-4f0c-aac0-6f0b5b49355c', 'eb1a7fe3-fbb9-441c-8d1e-a433ea2b9d52']",28,,Right Foot,,"[108.5, 47.8]",True,"[{'location': [119.0, 37.9], 'player': {'id': 398151, 'name': ""Alfredo Estrella Del'Aguila""}, 'position': {'id': 17, 'name': 'Right Wing'}, 'teammate': False}, {'location': [117.4, 37.7], 'player': {'id': 398149, 'name': 'Héctor Hernández García'}, 'position': {'id': 23, 'name': 'Center Forward'}, 'teammate': False}, {'location': [118.9, 40.8], 'player': {'id': 398145, 'name': 'Antonio Félix Carbajal Rodríguez'}, 'position': {'id': 1, 'name': 'Goalkeeper'}, 'teammate': False}, {'location': [108.6, 47.8], 'player': {'id': 398153, 'name': 'Antonio Jasso Alvarez'}, 'position': {'id': 13, 'name': 'Right Center Midfield'}, 'teammate': False}, {'location': [118.5, 49.1], 'player': {'id': 398148, 'name': 'Pedro Nájera Pacheco'}, 'position': {'id': 10, 'name': 'Center Defensive Midfield'}, 'teammate': False}, {'location': [116.6, 47.9], 'player': {'id': 398147, 'name': 'José Villegas Tavares'}, 'position': {'id': 6, 'name': 'Left Back'}, 'teammate': False}, {'location': [112.3, 48.0], 'player': {'id': 398146, 'name': 'Guillermo Sepúlveda Rodríguez'}, 'position': {'id': 5, 'name': 'Left Center Back'}, 'teammate': False}, {'location': [113.8, 49.3], 'player': {'id': 398165, 'name': 'José de Jesús Del Muro Lopez'}, 'position': {'id': 2, 'name': 'Right Back'}, 'teammate': False}, {'location': [113.3, 46.4], 'player': {'id': 398166, 'name': 'Raul Cardenas'}, 'position': {'id': 3, 'name': 'Right Center Back'}, 'teammate': False}, {'location': [105.7, 47.9], 'player': {'id': 398152, 'name': 'Salvador Reyes Monteón'}, 'position': {'id': 15, 'name': 'Left Center Midfield'}, 'teammate': False}, {'location': [103.5, 48.9], 'player': {'id': 398150, 'name': 'Isidoro Díaz Mejia'}, 'position': {'id': 21, 'name': 'Left Wing'}, 'teammate': False}, {'location': [108.3, 57.7], 'player': {'id': 397692, 'name': 'Dejalma Pereira Dias dos Santos'}, 'position': {'id': 2, 'name': 'Right Back'}, 'teammate': True}, {'location': [112.6, 58.4], 'player': {'id': 397689, 'name': 'Manoel Francisco dos Santos'}, 'position': {'id': 12, 'name': 'Right Midfield'}, 'teammate': True}, {'location': [105.4, 35.4], 'player': {'id': 397702, 'name': 'Mário Jorge Lobo Zagallo'}, 'position': {'id': 16, 'name': 'Left Midfield'}, 'teammate': True}, {'location': [113.8, 40.5], 'player': {'id': 39712, 'name': 'Édson Arantes do Nascimento'}, 'position': {'id': 22, 'name': 'Right Center Forward'}, 'teammate': True}]",ac103eb2-d50a-4b48-8ddc-70773b73388b,,Blocked,0.08175705,Normal,Open Play,,Brazil,781,00:17:28.327,Shot,True,FIFA World Cup,Ball Receipt*,,,,,,,,,,,,,,,,,0.636482,,,,,,,,,,,,,ac103eb2-d50a-4b48-8ddc-70773b73388b,2755.0,,"[108.7, 56.2]",3888854.0,62.0,,,,-1.7074395,efec318f-9800-41ae-8f4d-f748289ae0f8,Right Foot,,,,"[107.6, 48.2]",,Ground Pass,8.075271,,,,,Edvaldo Izidio Neto,True,,,,Free Kick,2.0,From Free Kick,Manoel Francisco dos Santos,397689.0,Right Midfield,193.0,Brazil,781.0,['72768083-b7e2-4727-9237-6c79185d907f'],27.0,,,,,,,,,,,,,,Brazil,781.0,00:17:27.439,Pass,,FIFA World Cup,efec318f-9800-41ae-8f4d-f748289ae0f8,Set,FIFA World Cup,1962
,,,,,,,,,,,,,,,,0.570897,,,,,,,,,,,,,7b553d86-3116-4f10-99ac-f9322796e2da,819,,"[92.5, 28.0]",3888854,17,,,,,,,,,,,,,,,,,,,,,,,,1,From Corner,Nilton dos Reis Santos,397684.0,Left Back,50,Brazil,781,"['8b138919-d67b-4ae5-aa93-9fa29531a929', 'af6d1930-ea97-4f13-b44b-5d5c24044bf1', 'bc612702-efc5-4237-afc9-9064fab5b4cf']",33,,Left Foot,,"[104.4, 31.0]",,"[{'location': [105.0, 31.4], 'player': {'id': 398148, 'name': 'Pedro Nájera Pacheco'}, 'position': {'id': 10, 'name': 'Center Defensive Midfield'}, 'teammate': False}, {'location': [102.7, 32.7], 'player': {'id': 398152, 'name': 'Salvador Reyes Monteón'}, 'position': {'id': 15, 'name': 'Left Center Midfield'}, 'teammate': False}, {'location': [103.4, 28.9], 'player': {'id': 398166, 'name': 'Raul Cardenas'}, 'position': {'id': 3, 'name': 'Right Center Back'}, 'teammate': False}, {'location': [102.8, 18.0], 'player': {'id': 397702, 'name': 'Mário Jorge Lobo Zagallo'}, 'position': {'id': 16, 'name': 'Left Midfield'}, 'teammate': True}, {'location': [118.1, 39.6], 'player': {'id': 398145, 'name': 'Antonio Félix Carbajal Rodríguez'}, 'position': {'id': 1, 'name': 'Goalkeeper'}, 'teammate': False}, {'location': [103.3, 25.4], 'player': {'id': 398147, 'name': 'José Villegas Tavares'}, 'position': {'id': 6, 'name': 'Left Back'}, 'teammate': False}, {'location': [103.1, 22.6], 'player': {'id': 398165, 'name': 'José de Jesús Del Muro Lopez'}, 'position': {'id': 2, 'name': 'Right Back'}, 'teammate': False}, {'location': [100.9, 34.4], 'player': {'id': 397690, 'name': 'Edvaldo Izidio Neto'}, 'position': {'id': 24, 'name': 'Left Center Forward'}, 'teammate': True}, {'location': [100.6, 53.9], 'player': {'id': 398151, 'name': ""Alfredo Estrella Del'Aguila""}, 'position': {'id': 17, 'name': 'Right Wing'}, 'teammate': False}, {'location': [108.2, 42.4], 'player': {'id': 398146, 'name': 'Guillermo Sepúlveda Rodríguez'}, 'position': {'id': 5, 'name': 'Left Center Back'}, 'teammate': False}, {'location': [92.2, 44.9], 'player': {'id': 398150, 'name': 'Isidoro Díaz Mejia'}, 'position': {'id': 21, 'name': 'Left Wing'}, 'teammate': False}, {'location': [95.8, 38.3], 'player': {'id': 398153, 'name': 'Antonio Jasso Alvarez'}, 'position': {'id': 13, 'name': 'Right Center Midfield'}, 'teammate': False}, {'location': [93.7, 29.7], 'player': {'id': 398149, 'name': 'Héctor Hernández García'}, 'position': {'id': 23, 'name': 'Center Forward'}, 'teammate': False}, {'location': [99.6, 29.8], 'player': {'id': 39712, 'name': 'Édson Arantes do Nascimento'}, 'position': {'id': 22, 'name': 'Right Center Forward'}, 'teammate': True}]",,,Blocked,0.014058907,Half Volley,Open Play,,Brazil,781,00:17:33.444,Shot,True,FIFA World Cup,Pressure,,,,,,,,,,,,,,,,,,,,,,,,,,,,,,,,,,,,,,,,,,,,,,,,,,,,,,,,,,,,,,,,,,,,,,,,,,,,,,,,,,,,,,,,7b553d86-3116-4f10-99ac-f9322796e2da,Set,FIFA World Cup,1962
,,,,,,,,,,,,,,,,1.386759,,,,,,,,,,,,,2d1aafd5-c9dd-49df-96ac-a4b16cb169ed,824,,"[89.9, 29.9]",3888854,17,,,,,,,,,,,,,,,,,,,,,,,,1,From Corner,Waldyr Pereira,397703.0,Left Defensive Midfield,50,Brazil,781,['45e9fe43-996b-4732-bb7f-5ccfa70bf2e3'],38,,Right Foot,,"[120.0, 49.6, 0.2]",,"[{'location': [100.5, 35.0], 'player': {'id': 397690, 'name': 'Edvaldo Izidio Neto'}, 'position': {'id': 24, 'name': 'Left Center Forward'}, 'teammate': True}, {'location': [103.4, 15.7], 'player': {'id': 397702, 'name': 'Mário Jorge Lobo Zagallo'}, 'position': {'id': 16, 'name': 'Left Midfield'}, 'teammate': True}, {'location': [117.7, 40.1], 'player': {'id': 398145, 'name': 'Antonio Félix Carbajal Rodríguez'}, 'position': {'id': 1, 'name': 'Goalkeeper'}, 'teammate': False}, {'location': [106.4, 48.0], 'player': {'id': 398146, 'name': 'Guillermo Sepúlveda Rodríguez'}, 'position': {'id': 5, 'name': 'Left Center Back'}, 'teammate': False}, {'location': [95.8, 17.1], 'player': {'id': 398149, 'name': 'Héctor Hernández García'}, 'position': {'id': 23, 'name': 'Center Forward'}, 'teammate': False}, {'location': [102.2, 34.8], 'player': {'id': 398148, 'name': 'Pedro Nájera Pacheco'}, 'position': {'id': 10, 'name': 'Center Defensive Midfield'}, 'teammate': False}, {'location': [99.0, 37.0], 'player': {'id': 398147, 'name': 'José Villegas Tavares'}, 'position': {'id': 6, 'name': 'Left Back'}, 'teammate': False}, {'location': [103.5, 30.0], 'player': {'id': 398166, 'name': 'Raul Cardenas'}, 'position': {'id': 3, 'name': 'Right Center Back'}, 'teammate': False}, {'location': [103.1, 27.1], 'player': {'id': 398165, 'name': 'José de Jesús Del Muro Lopez'}, 'position': {'id': 2, 'name': 'Right Back'}, 'teammate': False}, {'location': [99.5, 25.3], 'player': {'id': 398152, 'name': 'Salvador Reyes Monteón'}, 'position': {'id': 15, 'name': 'Left Center Midfield'}, 'teammate': False}, {'location': [102.7, 19.4], 'player': {'id': 398151, 'name': ""Alfredo Estrella Del'Aguila""}, 'position': {'id': 17, 'name': 'Right Wing'}, 'teammate': False}, {'location': [97.2, 26.2], 'player': {'id': 39712, 'name': 'Édson Arantes do Nascimento'}, 'position': {'id': 22, 'name': 'Right Center Forward'}, 'teammate': True}, {'location': [90.5, 40.2], 'player': {'id': 398150, 'name': 'Isidoro Díaz Mejia'}, 'position': {'id': 21, 'name': 'Left Wing'}, 'teammate': False}, {'location': [92.8, 28.2], 'player': {'id': 398153, 'name': 'Antonio Jasso Alvarez'}, 'position': {'id': 13, 'name': 'Right Center Midfield'}, 'teammate': False}]",,,Off T,0.022748727,Normal,Open Play,,Brazil,781,00:17:38.122,Shot,,FIFA World Cup,Carry,,,,,,,,,,,,,,,,,,,,,,,,,,,,,,,,,,,,,,,,,,,,,,,,,,,,,,,,,,,,,,,,,,,,,,,,,,,,,,,,,,,,,,,,2d1aafd5-c9dd-49df-96ac-a4b16cb169ed,Set,FIFA World Cup,1962
,,,,,,,,,,,,,,,,0.526656,,,,,,,,,,,,,6b645685-ae20-460a-972a-06db2ff68ee3,854,,"[111.0, 44.1]",3888854,18,,,,,,,,,,,,,,,,,,,,,,,,1,From Goal Kick,Héctor Hernández García,398149.0,Center Forward,51,Mexico,794,['82cd963f-0018-4a5d-b416-4542966867fd'],18,,Right Foot,,"[117.6, 42.6, 0.3]",True,"[{'location': [113.2, 28.4], 'player': {'id': 398150, 'name': 'Isidoro Díaz Mejia'}, 'position': {'id': 21, 'name': 'Left Wing'}, 'teammate': True}, {'location': [116.0, 35.9], 'player': {'id': 397692, 'name': 'Dejalma Pereira Dias dos Santos'}, 'position': {'id': 2, 'name': 'Right Back'}, 'teammate': False}, {'location': [104.8, 39.9], 'player': {'id': 397688, 'name': 'José Ely de Miranda'}, 'position': {'id': 9, 'name': 'Right Defensive Midfield'}, 'teammate': False}, {'location': [112.6, 60.5], 'player': {'id': 398151, 'name': ""Alfredo Estrella Del'Aguila""}, 'position': {'id': 17, 'name': 'Right Wing'}, 'teammate': True}, {'location': [116.1, 56.6], 'player': {'id': 397684, 'name': 'Nilton dos Reis Santos'}, 'position': {'id': 6, 'name': 'Left Back'}, 'teammate': False}, {'location': [114.0, 53.9], 'player': {'id': 397695, 'name': 'Zózimo Alves Calazães'}, 'position': {'id': 5, 'name': 'Left Center Back'}, 'teammate': False}, {'location': [113.4, 49.3], 'player': {'id': 397697, 'name': 'Mauro Ramos de Oliveira'}, 'position': {'id': 3, 'name': 'Right Center Back'}, 'teammate': False}, {'location': [118.7, 41.9], 'player': {'id': 397683, 'name': 'Gylmar dos Santos Neves'}, 'position': {'id': 1, 'name': 'Goalkeeper'}, 'teammate': False}]",d947d442-1b84-4da5-9f0b-aab8eee856a5,,Saved,0.41400266,Normal,Open Play,,Mexico,794,00:18:18.566,Shot,,FIFA World Cup,Ball Receipt*,,,,,,,,,,,,,,,,,0.615856,,,,,,,,,,,,,d947d442-1b84-4da5-9f0b-aab8eee856a5,852.0,,"[115.2, 65.0]",3888854.0,18.0,,,,-1.7691119,6b645685-ae20-460a-972a-06db2ff68ee3,Right Foot,True,True,,"[111.0, 44.1]",,Ground Pass,21.317833,,,,,Héctor Hernández García,True,,,,,1.0,From Goal Kick,Alfredo Estrella Del'Aguila,398151.0,Right Wing,51.0,Mexico,794.0,['f8aec8cf-9db3-40b3-a4f8-4e7293228fc5'],17.0,,,,,,,,,,,,,,Mexico,794.0,00:18:17.729,Pass,,FIFA World Cup,6b645685-ae20-460a-972a-06db2ff68ee3,Set,FIFA World Cup,1962
,,,,,,,,,,,,,,,,0.240049,,,,,,,,,,,,,50b6100c-2dca-4da7-984b-b2af677e8162,2795,,"[101.9, 39.2]",3888854,63,,,,,,,,,,,,,,,,,,,,,,,,2,From Throw In,Édson Arantes do Nascimento,39712.0,Right Center Forward,197,Brazil,781,"['bdef1d24-8eda-4f29-896e-5c6416ca7d96', 'fe6c4f3d-60e7-46bd-bc60-fdec4e41833d']",34,,Right Foot,,"[104.8, 38.6]",,"[{'location': [118.1, 39.9], 'player': {'id': 398145, 'name': 'Antonio Félix Carbajal Rodríguez'}, 'position': {'id': 1, 'name': 'Goalkeeper'}, 'teammate': False}, {'location': [101.3, 43.5], 'player': {'id': 398146, 'name': 'Guillermo Sepúlveda Rodríguez'}, 'position': {'id': 5, 'name': 'Left Center Back'}, 'teammate': False}, {'location': [105.5, 41.4], 'player': {'id': 398166, 'name': 'Raul Cardenas'}, 'position': {'id': 3, 'name': 'Right Center Back'}, 'teammate': False}, {'location': [99.6, 35.6], 'player': {'id': 398151, 'name': ""Alfredo Estrella Del'Aguila""}, 'position': {'id': 17, 'name': 'Right Wing'}, 'teammate': False}, {'location': [106.7, 47.5], 'player': {'id': 397690, 'name': 'Edvaldo Izidio Neto'}, 'position': {'id': 24, 'name': 'Left Center Forward'}, 'teammate': True}, {'location': [107.5, 48.3], 'player': {'id': 398147, 'name': 'José Villegas Tavares'}, 'position': {'id': 6, 'name': 'Left Back'}, 'teammate': False}, {'location': [104.7, 37.9], 'player': {'id': 398165, 'name': 'José de Jesús Del Muro Lopez'}, 'position': {'id': 2, 'name': 'Right Back'}, 'teammate': False}]",e3a6aca1-5bd5-4466-addb-2e3c51a62c67,,Blocked,0.10068807,Normal,Open Play,,Brazil,781,00:18:34.160,Shot,,FIFA World Cup,Pass,,,,,,,,,,,,,,,,,0.931598,,,,,,,,,,,,,e3a6aca1-5bd5-4466-addb-2e3c51a62c67,2791.0,,"[91.4, 68.2]",3888854.0,63.0,,,,-1.1466019,50b6100c-2dca-4da7-984b-b2af677e8162,Right Foot,,,,"[97.0, 55.8]",,Ground Pass,13.605881,,,,,Édson Arantes do Nascimento,True,,,,,2.0,From Throw In,Manoel Francisco dos Santos,397689.0,Right Midfield,197.0,Brazil,781.0,['b97bf326-d30d-4807-a19e-52e922e3c13f'],29.0,,,,,,,,,,,,,,Brazil,781.0,00:18:29.756,Pass,,FIFA World Cup,50b6100c-2dca-4da7-984b-b2af677e8162,Set,FIFA World Cup,1962
,,,,,,,,,,,,,,,,1.162585,,,,,,,,,,,,,3c0cc201-24e3-4b23-9a50-e67abc57b1af,2800,,"[93.5, 31.8]",3888854,63,,,,,,,,,,,,,,,,,,,,,,,,2,From Throw In,Nilton dos Reis Santos,397684.0,Left Back,197,Brazil,781,['9991ff6a-3d04-44dc-a87a-c7fa804e2bed'],39,,Right Foot,,"[119.9, 38.2, 2.4]",,"[{'location': [119.3, 39.1], 'player': {'id': 398145, 'name': 'Antonio Félix Carbajal Rodríguez'}, 'position': {'id': 1, 'name': 'Goalkeeper'}, 'teammate': False}, {'location': [106.1, 45.6], 'player': {'id': 398146, 'name': 'Guillermo Sepúlveda Rodríguez'}, 'position': {'id': 5, 'name': 'Left Center Back'}, 'teammate': False}, {'location': [107.7, 42.6], 'player': {'id': 398166, 'name': 'Raul Cardenas'}, 'position': {'id': 3, 'name': 'Right Center Back'}, 'teammate': False}, {'location': [102.5, 60.9], 'player': {'id': 398150, 'name': 'Isidoro Díaz Mejia'}, 'position': {'id': 21, 'name': 'Left Wing'}, 'teammate': False}, {'location': [109.6, 57.1], 'player': {'id': 398147, 'name': 'José Villegas Tavares'}, 'position': {'id': 6, 'name': 'Left Back'}, 'teammate': False}, {'location': [93.9, 39.1], 'player': {'id': 398152, 'name': 'Salvador Reyes Monteón'}, 'position': {'id': 15, 'name': 'Left Center Midfield'}, 'teammate': False}, {'location': [96.1, 28.8], 'player': {'id': 398151, 'name': ""Alfredo Estrella Del'Aguila""}, 'position': {'id': 17, 'name': 'Right Wing'}, 'teammate': False}, {'location': [97.7, 32.9], 'player': {'id': 398148, 'name': 'Pedro Nájera Pacheco'}, 'position': {'id': 10, 'name': 'Center Defensive Midfield'}, 'teammate': False}, {'location': [105.0, 28.8], 'player': {'id': 398165, 'name': 'José de Jesús Del Muro Lopez'}, 'position': {'id': 2, 'name': 'Right Back'}, 'teammate': False}, {'location': [108.2, 57.9], 'player': {'id': 397689, 'name': 'Manoel Francisco dos Santos'}, 'position': {'id': 12, 'name': 'Right Midfield'}, 'teammate': True}, {'location': [105.5, 47.5], 'player': {'id': 39712, 'name': 'Édson Arantes do Nascimento'}, 'position': {'id': 22, 'name': 'Right Center Forward'}, 'teammate': True}, {'location': [100.2, 39.5], 'player': {'id': 397690, 'name': 'Edvaldo Izidio Neto'}, 'position': {'id': 24, 'name': 'Left Center Forward'}, 'teammate': True}]",,,Saved,0.025678134,Normal,Open Play,,Brazil,781,00:18:39.727,Shot,,FIFA World Cup,Ball Recovery,,,,,,,,,,,,,,,,,,,,,,,,,,,,,,,,,,,,,,,,,,,,,,,,,,,,,,,,,,,,,,,,,,,,,,,,,,,,,,,,,,,,,,,,3c0cc201-24e3-4b23-9a50-e67abc57b1af,Set,FIFA World Cup,1962
,,,,,,,,,,,,,,,,0.59414,,,,,,,,,,,,,2032e7de-17e6-4439-9098-886e4eaadc36,1045,,"[113.0, 44.7]",3888854,22,,,,,,,,,,,,,,,,,,,,,,,,1,Regular Play,Edvaldo Izidio Neto,397690.0,Left Center Forward,68,Brazil,781,['b0da910e-c741-4f73-a39f-5176a5ddeee9'],3,,Head,,"[118.2, 41.9, 1.0]",,"[{'location': [112.4, 46.0], 'player': {'id': 398146, 'name': 'Guillermo Sepúlveda Rodríguez'}, 'position': {'id': 5, 'name': 'Left Center Back'}, 'teammate': False}, {'location': [118.5, 41.5], 'player': {'id': 398145, 'name': 'Antonio Félix Carbajal Rodríguez'}, 'position': {'id': 1, 'name': 'Goalkeeper'}, 'teammate': False}]",e175df90-ea0e-4140-bfb5-97203609d93c,True,Saved,0.18237638,Normal,Open Play,,Brazil,781,00:22:03.949,Shot,,FIFA World Cup,Ball Receipt*,,,,,,,,,,,,,,,,,2.123914,,,,,,,,,,,,,e175df90-ea0e-4140-bfb5-97203609d93c,1043.0,,"[86.2, 23.4]",3888854.0,22.0,,,,0.67154753,2032e7de-17e6-4439-9098-886e4eaadc36,Left Foot,,,,"[113.0, 44.7]",,High Pass,34.233463,,,,,Edvaldo Izidio Neto,True,,,,,1.0,Regular Play,Mário Jorge Lobo Zagallo,397702.0,Left Midfield,68.0,Brazil,781.0,['25ebb21f-534b-47bb-951c-ef950ee9d8b5'],1.0,,,,,,,,,,,,,,Brazil,781.0,00:22:01.734,Pass,,FIFA World Cup,2032e7de-17e6-4439-9098-886e4eaadc36,Set,FIFA World Cup,1962
,,,,,,,,,,,,,,,,0.339573,,,,,,,,,,,,,83dbc363-8aa7-4784-bcf5-002d4b354c23,1071,,"[92.7, 37.6]",3888854,22,,,,,,,,,,,,,,,,,,,,,,,,1,Regular Play,Waldyr Pereira,397703.0,Left Defensive Midfield,73,Brazil,781,"['02df29b5-2af1-4693-ad60-94344e870d6a', '39b859a9-8de2-4108-a2fb-b69c2f0d741e']",42,,Right Foot,,"[95.8, 37.9]",,"[{'location': [89.9, 42.9], 'player': {'id': 397688, 'name': 'José Ely de Miranda'}, 'position': {'id': 9, 'name': 'Right Defensive Midfield'}, 'teammate': True}, {'location': [102.1, 21.0], 'player': {'id': 397702, 'name': 'Mário Jorge Lobo Zagallo'}, 'position': {'id': 16, 'name': 'Left Midfield'}, 'teammate': True}, {'location': [104.7, 40.3], 'player': {'id': 397690, 'name': 'Edvaldo Izidio Neto'}, 'position': {'id': 24, 'name': 'Left Center Forward'}, 'teammate': True}, {'location': [98.1, 40.4], 'player': {'id': 39712, 'name': 'Édson Arantes do Nascimento'}, 'position': {'id': 22, 'name': 'Right Center Forward'}, 'teammate': True}, {'location': [96.9, 38.0], 'player': {'id': 398147, 'name': 'José Villegas Tavares'}, 'position': {'id': 6, 'name': 'Left Back'}, 'teammate': False}, {'location': [104.6, 38.3], 'player': {'id': 398166, 'name': 'Raul Cardenas'}, 'position': {'id': 3, 'name': 'Right Center Back'}, 'teammate': False}, {'location': [101.7, 35.5], 'player': {'id': 398153, 'name': 'Antonio Jasso Alvarez'}, 'position': {'id': 13, 'name': 'Right Center Midfield'}, 'teammate': False}, {'location': [118.8, 40.4], 'player': {'id': 398145, 'name': 'Antonio Félix Carbajal Rodríguez'}, 'position': {'id': 1, 'name': 'Goalkeeper'}, 'teammate': False}, {'location': [104.7, 31.2], 'player': {'id': 398165, 'name': 'José de Jesús Del Muro Lopez'}, 'position': {'id': 2, 'name': 'Right Back'}, 'teammate': False}]",86339ab8-c569-4925-aeef-dfcd43326ede,,Blocked,0.028500747,Normal,Open Play,,Brazil,781,00:22:42.419,Shot,,FIFA World Cup,Carry,,,,,,,,,,,,,,,,,1.355846,,,,,,,,,,,,,86339ab8-c569-4925-aeef-dfcd43326ede,1068.0,,"[95.3, 38.7]",3888854.0,22.0,,,,-2.8548472,83dbc363-8aa7-4784-bcf5-002d4b354c23,Right Foot,,,,"[79.7, 34.1]",,Ground Pass,16.26407,,,,,Waldyr Pereira,True,,,,,1.0,Regular Play,Édson Arantes do Nascimento,39712.0,Right Center Forward,73.0,Brazil,781.0,"['518a6e8b-de11-4d12-af2a-086f4c475c84', '51cafd59-7228-495b-8127-19b47ccd09e8']",38.0,,,,,,,,,,,,,,Brazil,781.0,00:22:38.868,Pass,True,FIFA World Cup,83dbc363-8aa7-4784-bcf5-002d4b354c23,Set,FIFA World Cup,1962
,,,,,,,,,,,,,,,,0.901185,,,,,,,,,,,,,00c11f38-8f13-4bef-a823-603961dadd49,3038,,"[107.7, 44.5]",3888854,69,,,,,,,,,,,,,,,,,,,,,,,,2,From Free Kick,Édson Arantes do Nascimento,39712.0,Right Center Forward,214,Brazil,781,['445bf6cf-4335-4ef0-b3b7-231760eb9d01'],39,,Left Foot,,"[120.0, 37.3, 0.3]",,"[{'location': [119.2, 40.2], 'player': {'id': 398145, 'name': 'Antonio Félix Carbajal Rodríguez'}, 'position': {'id': 1, 'name': 'Goalkeeper'}, 'teammate': False}, {'location': [104.8, 42.9], 'player': {'id': 397690, 'name': 'Edvaldo Izidio Neto'}, 'position': {'id': 24, 'name': 'Left Center Forward'}, 'teammate': True}, {'location': [107.3, 49.3], 'player': {'id': 398147, 'name': 'José Villegas Tavares'}, 'position': {'id': 6, 'name': 'Left Back'}, 'teammate': False}, {'location': [109.7, 46.4], 'player': {'id': 398146, 'name': 'Guillermo Sepúlveda Rodríguez'}, 'position': {'id': 5, 'name': 'Left Center Back'}, 'teammate': False}, {'location': [108.9, 43.1], 'player': {'id': 398165, 'name': 'José de Jesús Del Muro Lopez'}, 'position': {'id': 2, 'name': 'Right Back'}, 'teammate': False}]",085f7976-9b46-4fb0-b073-35766cf1cf0d,,Goal,0.20290329,Normal,Open Play,,Brazil,781,00:24:39.537,Shot,,FIFA World Cup,Pass,,,,,,,,,,,,,,,,,1.32919,,,,,,,,,,,,,085f7976-9b46-4fb0-b073-35766cf1cf0d,3025.0,,"[66.0, 73.1]",3888854.0,69.0,,,,0.33806613,00c11f38-8f13-4bef-a823-603961dadd49,Right Foot,,,,"[78.8, 77.6]",True,Ground Pass,13.567977,,,,,Édson Arantes do Nascimento,,,,,,2.0,From Free Kick,Dejalma Pereira Dias dos Santos,397692.0,Right Back,214.0,Brazil,781.0,['4cce5faf-a1ce-4551-9841-1172a60c4ef4'],29.0,,,,,,,,,,,,,,Brazil,781.0,00:24:29.596,Pass,,FIFA World Cup,00c11f38-8f13-4bef-a823-603961dadd49,Set,FIFA World Cup,1962
,,,,,,,,,,,,,,,,0.534275,,,,,,,,,,,,,dcf9246c-4aa6-419b-95d8-3504f520ae29,3140,,"[111.4, 38.0]",3888854,72,,,,,,,,,,,,,,,,,,,,,,,,2,From Free Kick,Édson Arantes do Nascimento,39712.0,Right Center Forward,219,Brazil,781,['729dbfd2-2258-418e-a61c-a48488e1a43f'],7,,Head,,"[120.0, 42.3, 3.5]",,"[{'location': [113.8, 45.1], 'player': {'id': 398146, 'name': 'Guillermo Sepúlveda Rodríguez'}, 'position': {'id': 5, 'name': 'Left Center Back'}, 'teammate': False}, {'location': [113.2, 43.5], 'player': {'id': 397690, 'name': 'Edvaldo Izidio Neto'}, 'position': {'id': 24, 'name': 'Left Center Forward'}, 'teammate': True}, {'location': [115.2, 42.1], 'player': {'id': 398166, 'name': 'Raul Cardenas'}, 'position': {'id': 3, 'name': 'Right Center Back'}, 'teammate': False}, {'location': [119.3, 40.2], 'player': {'id': 398145, 'name': 'Antonio Félix Carbajal Rodríguez'}, 'position': {'id': 1, 'name': 'Goalkeeper'}, 'teammate': False}, {'location': [112.8, 35.3], 'player': {'id': 398165, 'name': 'José de Jesús Del Muro Lopez'}, 'position': {'id': 2, 'name': 'Right Back'}, 'teammate': False}]",b0162d21-9437-4bcb-8f0d-1393819dc12e,,Off T,0.15765598,Normal,Open Play,,Brazil,781,00:27:07.799,Shot,,FIFA World Cup,Ball Receipt*,,,,,,,,,,,,,,,,,1.442569,,,,,,,,,,,,,b0162d21-9437-4bcb-8f0d-1393819dc12e,3138.0,,"[117.4, 66.0]",3888854.0,72.0,,,,-1.7818897,dcf9246c-4aa6-419b-95d8-3504f520ae29,Right Foot,True,,,"[111.4, 38.0]",,High Pass,28.635643,,,,,Édson Arantes do Nascimento,True,,,,,2.0,From Free Kick,Manoel Francisco dos Santos,397689.0,Right Midfield,219.0,Brazil,781.0,"['5357cffc-7976-45d1-9b97-16ee6146bb67', '890844da-e7ff-4b17-9457-f87bd282ee20']",6.0,,,,,,,,,,,,,,Brazil,781.0,00:27:06.380,Pass,True,FIFA World Cup,dcf9246c-4aa6-419b-95d8-3504f520ae29,Set,FIFA World Cup,1962
,,,,,,,,,,,,,,,,0.762795,,,,,,,,,,,,,61e55729-551a-4a34-89ba-5e8a67c137e5,1330,,"[108.5, 19.2]",3888854,28,,,,,,,,,,,,,,,,,,,,,,,,1,Regular Play,Mário Jorge Lobo Zagallo,397702.0,Left Midfield,88,Brazil,781,"['1defef4e-bdd1-48f5-aba3-21be6bc32f76', '8a1aaf2e-576b-44a2-bd91-e6e19f34b87d']",0,,Left Foot,,"[119.3, 35.7, 0.3]",,"[{'location': [118.6, 37.4], 'player': {'id': 398145, 'name': 'Antonio Félix Carbajal Rodríguez'}, 'position': {'id': 1, 'name': 'Goalkeeper'}, 'teammate': False}, {'location': [105.1, 41.9], 'player': {'id': 398147, 'name': 'José Villegas Tavares'}, 'position': {'id': 6, 'name': 'Left Back'}, 'teammate': False}, {'location': [108.4, 30.3], 'player': {'id': 398166, 'name': 'Raul Cardenas'}, 'position': {'id': 3, 'name': 'Right Center Back'}, 'teammate': False}, {'location': [108.3, 21.4], 'player': {'id': 398165, 'name': 'José de Jesús Del Muro Lopez'}, 'position': {'id': 2, 'name': 'Right Back'}, 'teammate': False}]",7caccbd1-7cad-4cb7-93ea-5a5ef88c2726,True,Saved,0.008864666,Normal,Open Play,,Brazil,781,00:28:00.989,Shot,True,FIFA World Cup,Pressure,,,,,,,,,,,,,,,,,2.535952,,,,,,,,,,,,,7caccbd1-7cad-4cb7-93ea-5a5ef88c2726,1326.0,,"[61.8, 35.9]",3888854.0,27.0,,,,-0.5323595,61e55729-551a-4a34-89ba-5e8a67c137e5,Right Foot,,,,"[89.3, 19.7]",,Ground Pass,31.916924,,,,,Mário Jorge Lobo Zagallo,True,,,,,1.0,Regular Play,Édson Arantes do Nascimento,39712.0,Right Center Forward,88.0,Brazil,781.0,['e33173b9-298c-4e26-9f3e-d327f9180485'],56.0,,,,,,,,,,,,,,Brazil,781.0,00:27:56.550,Pass,,FIFA World Cup,61e55729-551a-4a34-89ba-5e8a67c137e5,Set,FIFA World Cup,1962
,,,,,,,,,,,,,,,,0.475096,,,,,,,,,,,,,c6e0979d-2417-4b16-9ec3-674dad17efcd,1404,,"[99.0, 45.1]",3888854,29,,,,,,,,,,,,,,,,,,,,,,,,1,Regular Play,Antonio Jasso Alvarez,398153.0,Right Center Midfield,92,Mexico,794,['571fb68b-6e80-4d31-93b3-9b64ee5a65cb'],15,,Right Foot,,"[114.7, 42.3, 0.2]",,"[{'location': [95.3, 58.2], 'player': {'id': 397684, 'name': 'Nilton dos Reis Santos'}, 'position': {'id': 6, 'name': 'Left Back'}, 'teammate': False}, {'location': [101.0, 40.3], 'player': {'id': 397692, 'name': 'Dejalma Pereira Dias dos Santos'}, 'position': {'id': 2, 'name': 'Right Back'}, 'teammate': False}, {'location': [118.5, 40.9], 'player': {'id': 397683, 'name': 'Gylmar dos Santos Neves'}, 'position': {'id': 1, 'name': 'Goalkeeper'}, 'teammate': False}]",bb6c8840-d729-448c-a55e-628254c1ea9e,,Saved,0.10472861,Normal,Open Play,,Mexico,794,00:29:15.941,Shot,,FIFA World Cup,Ball Receipt*,,,,,,,,,,,,,,,,,0.188099,,,,,,,,,,,,,bb6c8840-d729-448c-a55e-628254c1ea9e,1401.0,,"[81.2, 53.5]",3888854.0,29.0,,,,-1.146235,c6e0979d-2417-4b16-9ec3-674dad17efcd,Left Foot,,,,"[84.5, 46.2]",,Ground Pass,8.011242,,,,,Antonio Jasso Alvarez,True,,,,,1.0,Regular Play,Héctor Hernández García,398149.0,Center Forward,92.0,Mexico,794.0,['3d60be3e-d68e-4679-a294-a96ee595e224'],13.0,,,,,,,,,,,,,,Mexico,794.0,00:29:13.667,Pass,,FIFA World Cup,c6e0979d-2417-4b16-9ec3-674dad17efcd,Set,FIFA World Cup,1962
,,,,,,,,,,,,,,,,0.490675,,,,,,,,,,,,,1f29f396-a954-48fb-b727-6419115dae47,1423,,"[113.8, 48.8]",3888854,29,,,,,,,,,,,,,,,,,,,,,,,,1,Regular Play,Manoel Francisco dos Santos,397689.0,Right Midfield,97,Brazil,781,['450646f1-0430-4066-86b1-ab7dfa622afa'],37,,Right Foot,,"[118.3, 42.8, 0.2]",,"[{'location': [112.1, 37.8], 'player': {'id': 398165, 'name': 'José de Jesús Del Muro Lopez'}, 'position': {'id': 2, 'name': 'Right Back'}, 'teammate': False}, {'location': [108.5, 43.0], 'player': {'id': 398152, 'name': 'Salvador Reyes Monteón'}, 'position': {'id': 15, 'name': 'Left Center Midfield'}, 'teammate': False}, {'location': [113.8, 47.8], 'player': {'id': 398166, 'name': 'Raul Cardenas'}, 'position': {'id': 3, 'name': 'Right Center Back'}, 'teammate': False}, {'location': [110.4, 51.5], 'player': {'id': 398147, 'name': 'José Villegas Tavares'}, 'position': {'id': 6, 'name': 'Left Back'}, 'teammate': False}, {'location': [108.3, 47.9], 'player': {'id': 398148, 'name': 'Pedro Nájera Pacheco'}, 'position': {'id': 10, 'name': 'Center Defensive Midfield'}, 'teammate': False}, {'location': [119.0, 42.1], 'player': {'id': 398145, 'name': 'Antonio Félix Carbajal Rodríguez'}, 'position': {'id': 1, 'name': 'Goalkeeper'}, 'teammate': False}]",2f15d180-9ed0-4790-80ce-214af6dd5b90,,Saved,0.20193197,Normal,Open Play,,Brazil,781,00:29:37.228,Shot,,FIFA World Cup,Pressure,,,,,,,,,,,,,,,,,1.639846,,,,,,,,,,,,,2f15d180-9ed0-4790-80ce-214af6dd5b90,1415.0,,"[88.1, 56.1]",3888854.0,29.0,,,,0.7571925,1f29f396-a954-48fb-b727-6419115dae47,Right Foot,,,,"[104.5, 71.6]",,Ground Pass,22.565681,,,,,Manoel Francisco dos Santos,True,,,,,1.0,Regular Play,Edvaldo Izidio Neto,397690.0,Left Center Forward,97.0,Brazil,781.0,['54e07a9c-d882-41dd-9e39-a4f11ba777b2'],29.0,,,,,,,,,,,,,,Brazil,781.0,00:29:29.714,Pass,,FIFA World Cup,1f29f396-a954-48fb-b727-6419115dae47,Set,FIFA World Cup,1962
,,,,,,,,,,,,,,,,0.280433,,,,,,,,,,,,,f12cf1ee-903e-4aea-9782-d1a02986fbfa,3411,,"[97.9, 34.0]",3888854,78,,,,,,,,,,,,,,,,,,,,,,,,2,From Free Kick,Antonio Jasso Alvarez,398153.0,Right Center Midfield,233,Mexico,794,"['88d9ea13-56ea-417b-9443-1e1bb8317c96', 'd3f0609e-4928-4647-be01-425ef881c262']",29,,Right Foot,,"[105.5, 35.8]",True,"[{'location': [105.6, 37.2], 'player': {'id': 397703, 'name': 'Waldyr Pereira'}, 'position': {'id': 11, 'name': 'Left Defensive Midfield'}, 'teammate': False}, {'location': [105.6, 36.4], 'player': {'id': 397688, 'name': 'José Ely de Miranda'}, 'position': {'id': 9, 'name': 'Right Defensive Midfield'}, 'teammate': False}, {'location': [105.6, 35.9], 'player': {'id': 397695, 'name': 'Zózimo Alves Calazães'}, 'position': {'id': 5, 'name': 'Left Center Back'}, 'teammate': False}, {'location': [105.6, 35.3], 'player': {'id': 397697, 'name': 'Mauro Ramos de Oliveira'}, 'position': {'id': 3, 'name': 'Right Center Back'}, 'teammate': False}, {'location': [105.5, 34.5], 'player': {'id': 397692, 'name': 'Dejalma Pereira Dias dos Santos'}, 'position': {'id': 2, 'name': 'Right Back'}, 'teammate': False}, {'location': [101.1, 40.4], 'player': {'id': 39712, 'name': 'Édson Arantes do Nascimento'}, 'position': {'id': 22, 'name': 'Right Center Forward'}, 'teammate': False}, {'location': [102.5, 26.6], 'player': {'id': 397689, 'name': 'Manoel Francisco dos Santos'}, 'position': {'id': 12, 'name': 'Right Midfield'}, 'teammate': False}, {'location': [104.5, 51.6], 'player': {'id': 397684, 'name': 'Nilton dos Reis Santos'}, 'position': {'id': 6, 'name': 'Left Back'}, 'teammate': False}, {'location': [103.9, 54.4], 'player': {'id': 398151, 'name': ""Alfredo Estrella Del'Aguila""}, 'position': {'id': 17, 'name': 'Right Wing'}, 'teammate': True}, {'location': [118.6, 40.2], 'player': {'id': 397683, 'name': 'Gylmar dos Santos Neves'}, 'position': {'id': 1, 'name': 'Goalkeeper'}, 'teammate': False}, {'location': [110.8, 42.0], 'player': {'id': 398149, 'name': 'Héctor Hernández García'}, 'position': {'id': 23, 'name': 'Center Forward'}, 'teammate': True}, {'location': [85.2, 55.0], 'player': {'id': 398165, 'name': 'José de Jesús Del Muro Lopez'}, 'position': {'id': 2, 'name': 'Right Back'}, 'teammate': True}, {'location': [104.3, 28.0], 'player': {'id': 398150, 'name': 'Isidoro Díaz Mejia'}, 'position': {'id': 21, 'name': 'Left Wing'}, 'teammate': True}, {'location': [93.9, 31.7], 'player': {'id': 398152, 'name': 'Salvador Reyes Monteón'}, 'position': {'id': 15, 'name': 'Left Center Midfield'}, 'teammate': True}]",7d08454d-77f8-41ac-a2b7-b53f72b8ec68,,Blocked,0.042537,Normal,Open Play,,Mexico,794,00:33:29.463,Shot,,FIFA World Cup,Ball Receipt*,,,,,,,,,,,,,,,,,1.169282,,,,,,,,,,,,,7d08454d-77f8-41ac-a2b7-b53f72b8ec68,3409.0,,"[90.5, 30.8]",3888854.0,78.0,,,,0.4081491,f12cf1ee-903e-4aea-9782-d1a02986fbfa,Right Foot,,,,"[97.9, 34.0]",,Ground Pass,8.062258,,,,,Antonio Jasso Alvarez,True,,,,Free Kick,2.0,From Free Kick,Salvador Reyes Monteón,398152.0,Left Center Midfield,233.0,Mexico,794.0,['5ef24567-7300-4d79-be88-fbc43618fc79'],28.0,,,,,,,,,,,,,,Mexico,794.0,00:33:28.077,Pass,,FIFA World Cup,f12cf1ee-903e-4aea-9782-d1a02986fbfa,Set,FIFA World Cup,1962
,,,,,,,,,,,,,,,,0.730039,,,,,,,,,,,,,a0d78195-4347-43e7-bdf3-a9bf02d48e44,3432,,"[111.8, 34.0]",3888854,79,,,,,,,,,,,,,,,,,,,,,,,,2,From Corner,Héctor Hernández García,398149.0,Center Forward,234,Mexico,794,"['14602e90-cb61-4e14-b6e1-d20a6f780379', '14ea4b7e-7838-4006-a8c9-aa1c1ede6b8b']",1,True,Head,,"[118.6, 41.0, 0.6]",,"[{'location': [118.9, 39.1], 'player': {'id': 397683, 'name': 'Gylmar dos Santos Neves'}, 'position': {'id': 1, 'name': 'Goalkeeper'}, 'teammate': False}, {'location': [118.9, 45.3], 'player': {'id': 398148, 'name': 'Pedro Nájera Pacheco'}, 'position': {'id': 10, 'name': 'Center Defensive Midfield'}, 'teammate': True}, {'location': [106.4, 36.6], 'player': {'id': 398166, 'name': 'Raul Cardenas'}, 'position': {'id': 3, 'name': 'Right Center Back'}, 'teammate': True}, {'location': [108.2, 38.5], 'player': {'id': 397695, 'name': 'Zózimo Alves Calazães'}, 'position': {'id': 5, 'name': 'Left Center Back'}, 'teammate': False}, {'location': [112.6, 35.9], 'player': {'id': 397697, 'name': 'Mauro Ramos de Oliveira'}, 'position': {'id': 3, 'name': 'Right Center Back'}, 'teammate': False}, {'location': [113.1, 41.1], 'player': {'id': 398153, 'name': 'Antonio Jasso Alvarez'}, 'position': {'id': 13, 'name': 'Right Center Midfield'}, 'teammate': True}, {'location': [110.9, 37.8], 'player': {'id': 398152, 'name': 'Salvador Reyes Monteón'}, 'position': {'id': 15, 'name': 'Left Center Midfield'}, 'teammate': True}, {'location': [112.4, 33.7], 'player': {'id': 397692, 'name': 'Dejalma Pereira Dias dos Santos'}, 'position': {'id': 2, 'name': 'Right Back'}, 'teammate': False}]",c580c6de-5c78-45df-ab3a-2c8f708380b5,,Saved,0.06780817,Normal,Open Play,,Mexico,794,00:34:01.915,Shot,True,FIFA World Cup,Duel,,,,,,,,,,,,,,,,,0.731967,,,,,,,,,,,,,c580c6de-5c78-45df-ab3a-2c8f708380b5,3429.0,,"[108.2, 41.8]",3888854.0,79.0,,,,-1.1383885,a0d78195-4347-43e7-bdf3-a9bf02d48e44,Head,,,,"[111.8, 34.0]",,High Pass,8.5906925,,,,,Héctor Hernández García,True,,,,,2.0,From Corner,Salvador Reyes Monteón,398152.0,Left Center Midfield,234.0,Mexico,794.0,['ea7df42e-762d-49da-a8dc-d8b2c35f3124'],0.0,,,,,,,,,,,,,,Mexico,794.0,00:34:00.989,Pass,,FIFA World Cup,a0d78195-4347-43e7-bdf3-a9bf02d48e44,Set,FIFA World Cup,1962
,,,,,,,,,,,,,,,,1.551752,,,,,,,,,,,,,3c200e92-873e-4960-a8ef-9717e2bcbde2,1656,,"[106.8, 39.6]",3888854,34,,,,,,,,,,,,,,,,,,,,,,,,1,Regular Play,Héctor Hernández García,398149.0,Center Forward,108,Mexico,794,"['4f8514aa-9538-4357-830b-94dc53ee7734', '8cc9b469-4bfb-42a1-bc13-20b4eb1260c8']",24,True,Head,,"[119.1, 41.4, 1.7]",,"[{'location': [107.4, 31.2], 'player': {'id': 397692, 'name': 'Dejalma Pereira Dias dos Santos'}, 'position': {'id': 2, 'name': 'Right Back'}, 'teammate': False}, {'location': [107.2, 38.6], 'player': {'id': 397697, 'name': 'Mauro Ramos de Oliveira'}, 'position': {'id': 3, 'name': 'Right Center Back'}, 'teammate': False}, {'location': [107.2, 45.8], 'player': {'id': 397695, 'name': 'Zózimo Alves Calazães'}, 'position': {'id': 5, 'name': 'Left Center Back'}, 'teammate': False}, {'location': [106.9, 44.3], 'player': {'id': 398151, 'name': ""Alfredo Estrella Del'Aguila""}, 'position': {'id': 17, 'name': 'Right Wing'}, 'teammate': True}, {'location': [118.5, 39.9], 'player': {'id': 397683, 'name': 'Gylmar dos Santos Neves'}, 'position': {'id': 1, 'name': 'Goalkeeper'}, 'teammate': False}]",9023daa2-39fd-46d4-a18c-0ba96e2213a4,,Saved,0.05510855,Normal,Open Play,,Mexico,794,00:34:24.719,Shot,True,FIFA World Cup,Duel,,,,,,,,,,,,,,,,,1.962038,,,,,,,,,,,,,9023daa2-39fd-46d4-a18c-0ba96e2213a4,1653.0,,"[79.7, 75.4]",3888854.0,34.0,,,,-0.9228409,3c200e92-873e-4960-a8ef-9717e2bcbde2,Right Foot,,,,"[106.8, 39.6]",,High Pass,44.900444,,,,,Héctor Hernández García,True,,,,,1.0,Regular Play,Alfredo Estrella Del'Aguila,398151.0,Right Wing,108.0,Mexico,794.0,['614fc17a-5055-4ecd-b943-55d184287965'],22.0,,,,,,,,,,,,,,Mexico,794.0,00:34:22.851,Pass,,FIFA World Cup,3c200e92-873e-4960-a8ef-9717e2bcbde2,Set,FIFA World Cup,1962
,,,,,,,,,,,,,,,,0.500004,,,,,,,,,,,,,22286a4a-03d5-424c-8eae-c04ab87a4750,3466,,"[113.6, 36.8]",3888854,79,,,,,,,,,,,,,,,,,,,,,,,,2,Regular Play,Edvaldo Izidio Neto,397690.0,Left Center Forward,239,Brazil,781,"['483d45ed-b6f0-4a0d-bdbf-2a8b4b30f736', '7dcc0ea3-7784-45d9-ab5f-8c57a26c1e6d']",50,True,Head,,"[120.0, 35.8, 2.0]",,"[{'location': [111.5, 54.0], 'player': {'id': 398151, 'name': ""Alfredo Estrella Del'Aguila""}, 'position': {'id': 17, 'name': 'Right Wing'}, 'teammate': False}, {'location': [112.1, 46.3], 'player': {'id': 398165, 'name': 'José de Jesús Del Muro Lopez'}, 'position': {'id': 2, 'name': 'Right Back'}, 'teammate': False}, {'location': [112.6, 45.8], 'player': {'id': 39712, 'name': 'Édson Arantes do Nascimento'}, 'position': {'id': 22, 'name': 'Right Center Forward'}, 'teammate': True}, {'location': [111.0, 33.1], 'player': {'id': 398166, 'name': 'Raul Cardenas'}, 'position': {'id': 3, 'name': 'Right Center Back'}, 'teammate': False}, {'location': [113.1, 37.4], 'player': {'id': 398146, 'name': 'Guillermo Sepúlveda Rodríguez'}, 'position': {'id': 5, 'name': 'Left Center Back'}, 'teammate': False}, {'location': [119.2, 39.3], 'player': {'id': 398145, 'name': 'Antonio Félix Carbajal Rodríguez'}, 'position': {'id': 1, 'name': 'Goalkeeper'}, 'teammate': False}]",e07e2de5-ff06-46bd-9de8-8793098d3718,True,Off T,0.19501644,Normal,Open Play,,Brazil,781,00:34:50.873,Shot,True,FIFA World Cup,Ball Receipt*,,,,,,,,,,,,,,,,,0.879744,,,,,,,,,,,,,e07e2de5-ff06-46bd-9de8-8793098d3718,3463.0,,"[113.4, 9.0]",3888854.0,79.0,,,,1.5636022,22286a4a-03d5-424c-8eae-c04ab87a4750,Left Foot,True,,,"[113.6, 36.8]",,Low Pass,27.80072,,,,,Edvaldo Izidio Neto,True,,,,,2.0,Regular Play,Mário Jorge Lobo Zagallo,397702.0,Left Midfield,239.0,Brazil,781.0,['4c7c20fc-e164-47fb-927f-2d08c7becadc'],49.0,,,,,,,,,,,,,,Brazil,781.0,00:34:49.935,Pass,,FIFA World Cup,22286a4a-03d5-424c-8eae-c04ab87a4750,Set,FIFA World Cup,1962
,,,,,,,,,,,,,,,,1.571086,,,,,,,,,,,,,6185fcd2-9515-46e5-8eb3-17ba3f7877e2,3515,,"[92.3, 29.0]",3888854,80,,,,,,,,,,,,,,,,,,,,,,,,2,Regular Play,Waldyr Pereira,397703.0,Left Defensive Midfield,241,Brazil,781,['c33a1f40-0c6e-410b-8c0a-b12a28e0103b'],56,,Right Foot,,"[120.0, 46.6, 5.6]",,"[{'location': [118.6, 39.7], 'player': {'id': 398145, 'name': 'Antonio Félix Carbajal Rodríguez'}, 'position': {'id': 1, 'name': 'Goalkeeper'}, 'teammate': False}, {'location': [102.9, 33.9], 'player': {'id': 398166, 'name': 'Raul Cardenas'}, 'position': {'id': 3, 'name': 'Right Center Back'}, 'teammate': False}, {'location': [108.2, 54.9], 'player': {'id': 398147, 'name': 'José Villegas Tavares'}, 'position': {'id': 6, 'name': 'Left Back'}, 'teammate': False}, {'location': [102.8, 57.2], 'player': {'id': 397689, 'name': 'Manoel Francisco dos Santos'}, 'position': {'id': 12, 'name': 'Right Midfield'}, 'teammate': True}, {'location': [88.7, 60.3], 'player': {'id': 398151, 'name': ""Alfredo Estrella Del'Aguila""}, 'position': {'id': 17, 'name': 'Right Wing'}, 'teammate': False}, {'location': [91.9, 42.9], 'player': {'id': 39712, 'name': 'Édson Arantes do Nascimento'}, 'position': {'id': 22, 'name': 'Right Center Forward'}, 'teammate': True}, {'location': [94.4, 48.3], 'player': {'id': 398152, 'name': 'Salvador Reyes Monteón'}, 'position': {'id': 15, 'name': 'Left Center Midfield'}, 'teammate': False}, {'location': [106.5, 29.3], 'player': {'id': 397690, 'name': 'Edvaldo Izidio Neto'}, 'position': {'id': 24, 'name': 'Left Center Forward'}, 'teammate': True}, {'location': [107.3, 27.9], 'player': {'id': 398165, 'name': 'José de Jesús Del Muro Lopez'}, 'position': {'id': 2, 'name': 'Right Back'}, 'teammate': False}, {'location': [93.0, 42.0], 'player': {'id': 398148, 'name': 'Pedro Nájera Pacheco'}, 'position': {'id': 10, 'name': 'Center Defensive Midfield'}, 'teammate': False}, {'location': [97.8, 30.6], 'player': {'id': 398146, 'name': 'Guillermo Sepúlveda Rodríguez'}, 'position': {'id': 5, 'name': 'Left Center Back'}, 'teammate': False}]",3e8191ca-1042-4331-9bbe-6fae2bd45748,,Off T,0.020978607,Normal,Open Play,,Brazil,781,00:35:56.304,Shot,,FIFA World Cup,Ball Receipt*,,,,,,,,,,,,,,,,,1.151385,,,,,,,,,,,,,3e8191ca-1042-4331-9bbe-6fae2bd45748,3512.0,,"[87.6, 35.0]",3888854.0,80.0,,,,-1.1027628,6185fcd2-9515-46e5-8eb3-17ba3f7877e2,Right Foot,,,,"[92.2, 25.9]",,Ground Pass,10.1965685,,,,,Waldyr Pereira,True,,,,,2.0,Regular Play,Édson Arantes do Nascimento,39712.0,Right Center Forward,241.0,Brazil,781.0,['1aba3d63-a882-4454-9dc4-3157c8ae1cbf'],54.0,,,,,,,,,,,,,,Brazil,781.0,00:35:54.346,Pass,,FIFA World Cup,6185fcd2-9515-46e5-8eb3-17ba3f7877e2,Set,FIFA World Cup,1962
,,,,,,,,,,,,,,,,0.226242,,,,,,,,,,,,,efed9943-2441-4ff9-9ad7-8550f2868ccc,1717,,"[91.6, 46.4]",3888854,36,,,,,,,,,,,,,,,,,,,,,,,,1,From Free Kick,Waldyr Pereira,397703.0,Left Defensive Midfield,116,Brazil,781,"['300d2a22-bf12-4c18-b67f-4903a2300699', '32767ac3-0257-46f6-a1f6-2dc14bc5d1d0']",24,,Right Foot,,"[100.1, 42.7]",True,"[{'location': [118.5, 40.3], 'player': {'id': 398145, 'name': 'Antonio Félix Carbajal Rodríguez'}, 'position': {'id': 1, 'name': 'Goalkeeper'}, 'teammate': False}, {'location': [91.0, 54.7], 'player': {'id': 397692, 'name': 'Dejalma Pereira Dias dos Santos'}, 'position': {'id': 2, 'name': 'Right Back'}, 'teammate': True}, {'location': [101.2, 36.7], 'player': {'id': 397690, 'name': 'Edvaldo Izidio Neto'}, 'position': {'id': 24, 'name': 'Left Center Forward'}, 'teammate': True}, {'location': [101.2, 38.3], 'player': {'id': 398165, 'name': 'José de Jesús Del Muro Lopez'}, 'position': {'id': 2, 'name': 'Right Back'}, 'teammate': False}, {'location': [101.8, 34.3], 'player': {'id': 398153, 'name': 'Antonio Jasso Alvarez'}, 'position': {'id': 13, 'name': 'Right Center Midfield'}, 'teammate': False}, {'location': [100.5, 48.2], 'player': {'id': 398150, 'name': 'Isidoro Díaz Mejia'}, 'position': {'id': 21, 'name': 'Left Wing'}, 'teammate': False}, {'location': [99.8, 45.7], 'player': {'id': 398146, 'name': 'Guillermo Sepúlveda Rodríguez'}, 'position': {'id': 5, 'name': 'Left Center Back'}, 'teammate': False}, {'location': [101.3, 45.4], 'player': {'id': 398148, 'name': 'Pedro Nájera Pacheco'}, 'position': {'id': 10, 'name': 'Center Defensive Midfield'}, 'teammate': False}, {'location': [100.8, 42.4], 'player': {'id': 398147, 'name': 'José Villegas Tavares'}, 'position': {'id': 6, 'name': 'Left Back'}, 'teammate': False}, {'location': [99.3, 44.1], 'player': {'id': 398152, 'name': 'Salvador Reyes Monteón'}, 'position': {'id': 15, 'name': 'Left Center Midfield'}, 'teammate': False}, {'location': [101.0, 43.8], 'player': {'id': 398166, 'name': 'Raul Cardenas'}, 'position': {'id': 3, 'name': 'Right Center Back'}, 'teammate': False}, {'location': [94.0, 43.3], 'player': {'id': 39712, 'name': 'Édson Arantes do Nascimento'}, 'position': {'id': 22, 'name': 'Right Center Forward'}, 'teammate': True}, {'location': [88.6, 46.1], 'player': {'id': 398149, 'name': 'Héctor Hernández García'}, 'position': {'id': 23, 'name': 'Center Forward'}, 'teammate': False}]",384134a7-a4dd-40ba-a0b1-30de6acd6100,,Blocked,0.022287263,Normal,Open Play,,Brazil,781,00:36:24.599,Shot,,FIFA World Cup,Ball Receipt*,,,,,,,,,,,,,,,,,0.967626,,,,,,,,,,,,,384134a7-a4dd-40ba-a0b1-30de6acd6100,1715.0,,"[93.3, 45.9]",3888854.0,36.0,,,,2.8555412,efed9943-2441-4ff9-9ad7-8550f2868ccc,Right Foot,,,,"[91.6, 46.4]",,Ground Pass,1.7720045,,,,,Waldyr Pereira,True,,,,Free Kick,1.0,From Free Kick,Édson Arantes do Nascimento,39712.0,Right Center Forward,116.0,Brazil,781.0,['33a61b3d-7112-4c8b-b69a-1205fb6cc197'],23.0,,,,,,,,,,,,,,Brazil,781.0,00:36:23.632,Pass,,FIFA World Cup,efed9943-2441-4ff9-9ad7-8550f2868ccc,Set,FIFA World Cup,1962
,,,,,,,,,,,,,,,,0.518285,,,,,,,,,,,,,bc52367b-c2de-4bb8-8f19-b696c6a8b059,3604,,"[116.3, 29.5]",3888854,83,,,,,,,,,,,,,,,,,,,,,,,,2,Regular Play,Mário Jorge Lobo Zagallo,397702.0,Left Midfield,245,Brazil,781,"['55fb8819-4af7-48b7-bce2-3b763951e9ab', '994a65e7-e63f-47a4-b2a3-5faa8352adc3']",2,,Left Foot,,"[119.0, 35.9, 0.4]",,"[{'location': [114.2, 44.0], 'player': {'id': 398146, 'name': 'Guillermo Sepúlveda Rodríguez'}, 'position': {'id': 5, 'name': 'Left Center Back'}, 'teammate': False}, {'location': [116.3, 46.0], 'player': {'id': 397689, 'name': 'Manoel Francisco dos Santos'}, 'position': {'id': 12, 'name': 'Right Midfield'}, 'teammate': True}, {'location': [119.4, 36.1], 'player': {'id': 398145, 'name': 'Antonio Félix Carbajal Rodríguez'}, 'position': {'id': 1, 'name': 'Goalkeeper'}, 'teammate': False}, {'location': [115.6, 30.7], 'player': {'id': 398165, 'name': 'José de Jesús Del Muro Lopez'}, 'position': {'id': 2, 'name': 'Right Back'}, 'teammate': False}]",97439d71-bb75-4b74-b548-c7f9e12e2b6a,True,Saved,0.074899174,Normal,Open Play,,Brazil,781,00:38:02.458,Shot,True,FIFA World Cup,Pressure,,,,,,,,,,,,,,,,,1.164165,,,,,,,,,,,,,97439d71-bb75-4b74-b548-c7f9e12e2b6a,3600.0,,"[102.9, 47.1]",3888854.0,82.0,,,,-1.0873493,bc52367b-c2de-4bb8-8f19-b696c6a8b059,Right Foot,,,,"[111.3, 31.1]",,Low Pass,18.07097,,,,,Mário Jorge Lobo Zagallo,True,,,,,2.0,Regular Play,Waldyr Pereira,397703.0,Left Defensive Midfield,245.0,Brazil,781.0,['3c78d7de-3f01-4f91-8672-4bdf0699f309'],59.0,,,,,,,,,,,,,,Brazil,781.0,00:37:59.604,Pass,,FIFA World Cup,bc52367b-c2de-4bb8-8f19-b696c6a8b059,Set,FIFA World Cup,1962
,,,,,,,,,,,,,,,,1.349385,,,,,,,,,,,,,1a6dadf1-6683-45ac-a184-ea1804caa79d,3705,,"[88.8, 32.5]",3888854,85,,,,,,,,,,,,,,,,,,,,,,,,2,Regular Play,Waldyr Pereira,397703.0,Left Defensive Midfield,253,Brazil,781,['6945a16f-ee79-4996-802c-a994cd1b66a9'],23,,Right Foot,,"[120.0, 44.4, 3.8]",,"[{'location': [119.3, 40.7], 'player': {'id': 398145, 'name': 'Antonio Félix Carbajal Rodríguez'}, 'position': {'id': 1, 'name': 'Goalkeeper'}, 'teammate': False}, {'location': [104.3, 54.6], 'player': {'id': 397689, 'name': 'Manoel Francisco dos Santos'}, 'position': {'id': 12, 'name': 'Right Midfield'}, 'teammate': True}, {'location': [105.7, 54.2], 'player': {'id': 398147, 'name': 'José Villegas Tavares'}, 'position': {'id': 6, 'name': 'Left Back'}, 'teammate': False}, {'location': [102.9, 28.1], 'player': {'id': 397702, 'name': 'Mário Jorge Lobo Zagallo'}, 'position': {'id': 16, 'name': 'Left Midfield'}, 'teammate': True}, {'location': [103.6, 29.4], 'player': {'id': 398165, 'name': 'José de Jesús Del Muro Lopez'}, 'position': {'id': 2, 'name': 'Right Back'}, 'teammate': False}, {'location': [90.6, 41.8], 'player': {'id': 39712, 'name': 'Édson Arantes do Nascimento'}, 'position': {'id': 22, 'name': 'Right Center Forward'}, 'teammate': True}, {'location': [99.8, 41.8], 'player': {'id': 398146, 'name': 'Guillermo Sepúlveda Rodríguez'}, 'position': {'id': 5, 'name': 'Left Center Back'}, 'teammate': False}, {'location': [98.6, 36.7], 'player': {'id': 398166, 'name': 'Raul Cardenas'}, 'position': {'id': 3, 'name': 'Right Center Back'}, 'teammate': False}, {'location': [94.7, 34.7], 'player': {'id': 398148, 'name': 'Pedro Nájera Pacheco'}, 'position': {'id': 10, 'name': 'Center Defensive Midfield'}, 'teammate': False}]",cc5b7512-3437-4e3e-b6d5-1c3d9e998192,,Off T,0.021743657,Normal,Open Play,,Brazil,781,00:40:23.384,Shot,,FIFA World Cup,Ball Receipt*,,,,,,,,,,,,,,,,,1.392892,,,,,,,,,,,,,cc5b7512-3437-4e3e-b6d5-1c3d9e998192,3702.0,,"[99.9, 24.9]",3888854.0,85.0,,,,2.3152337,1a6dadf1-6683-45ac-a184-ea1804caa79d,Right Foot,,,,"[88.2, 37.6]",,Ground Pass,17.267889,,,,,Waldyr Pereira,True,,,,,2.0,Regular Play,Mário Jorge Lobo Zagallo,397702.0,Left Midfield,253.0,Brazil,781.0,['4a7ce23e-92f3-454b-af36-e58d5525528c'],20.0,,,,,,,,,,,,,,Brazil,781.0,00:40:20.294,Pass,,FIFA World Cup,1a6dadf1-6683-45ac-a184-ea1804caa79d,Set,FIFA World Cup,1962
,,,,,,,,,,,,,,,,0.824336,,,,,,,,,,,,,248a3076-7dfd-4e9b-b89d-415a7ad699e2,1942,,"[99.4, 38.9]",3888854,42,,,,,,,,,,,,,,,,,,,,,,,,1,From Counter,Édson Arantes do Nascimento,39712.0,Right Center Forward,135,Brazil,781,['fc358be0-9246-47cf-bc4a-7872e2c7e40a'],19,,Left Foot,,"[120.0, 33.2, 7.1]",,"[{'location': [118.2, 39.7], 'player': {'id': 398145, 'name': 'Antonio Félix Carbajal Rodríguez'}, 'position': {'id': 1, 'name': 'Goalkeeper'}, 'teammate': False}, {'location': [92.3, 56.9], 'player': {'id': 397689, 'name': 'Manoel Francisco dos Santos'}, 'position': {'id': 12, 'name': 'Right Midfield'}, 'teammate': True}, {'location': [92.8, 42.3], 'player': {'id': 398148, 'name': 'Pedro Nájera Pacheco'}, 'position': {'id': 10, 'name': 'Center Defensive Midfield'}, 'teammate': False}, {'location': [103.9, 45.8], 'player': {'id': 398146, 'name': 'Guillermo Sepúlveda Rodríguez'}, 'position': {'id': 5, 'name': 'Left Center Back'}, 'teammate': False}, {'location': [103.0, 38.5], 'player': {'id': 397690, 'name': 'Edvaldo Izidio Neto'}, 'position': {'id': 24, 'name': 'Left Center Forward'}, 'teammate': True}, {'location': [103.6, 35.2], 'player': {'id': 398147, 'name': 'José Villegas Tavares'}, 'position': {'id': 6, 'name': 'Left Back'}, 'teammate': False}, {'location': [100.3, 40.1], 'player': {'id': 398166, 'name': 'Raul Cardenas'}, 'position': {'id': 3, 'name': 'Right Center Back'}, 'teammate': False}, {'location': [102.0, 33.5], 'player': {'id': 398165, 'name': 'José de Jesús Del Muro Lopez'}, 'position': {'id': 2, 'name': 'Right Back'}, 'teammate': False}]",b6b6f8f0-f3d5-4392-adee-019542e588a0,,Off T,0.10456243,Normal,Open Play,,Brazil,781,00:42:19.482,Shot,,FIFA World Cup,Pressure,,,,,,,,,,,,,,,,,2.546897,,,,,,,,,,,,,b6b6f8f0-f3d5-4392-adee-019542e588a0,1938.0,,"[53.5, 66.3]",3888854.0,42.0,,,,-0.3349823,248a3076-7dfd-4e9b-b89d-415a7ad699e2,Right Foot,,,,"[85.1, 55.3]",,Ground Pass,33.459827,,,,,Édson Arantes do Nascimento,True,,,,,1.0,From Counter,Dejalma Pereira Dias dos Santos,397692.0,Right Back,135.0,Brazil,781.0,['c08bdffa-8f1d-4238-aa9a-68322422abf4'],15.0,,,,,,,,,,,,,,Brazil,781.0,00:42:15.103,Pass,,FIFA World Cup,248a3076-7dfd-4e9b-b89d-415a7ad699e2,Set,FIFA World Cup,1962
