ball_receipt_outcome_shot,ball_recovery_offensive_shot,ball_recovery_recovery_failure_shot,carry_end_location_shot,clearance_aerial_won_shot,clearance_body_part_shot,clearance_head_shot,clearance_left_foot_shot,clearance_right_foot_shot,counterpress_shot,dribble_nutmeg_shot,dribble_outcome_shot,dribble_overrun_shot,duel_outcome_shot,duel_type_shot,duration_shot,foul_committed_advantage_shot,foul_committed_type_shot,foul_won_advantage_shot,foul_won_defensive_shot,goalkeeper_body_part_shot,goalkeeper_end_location_shot,goalkeeper_outcome_shot,goalkeeper_position_shot,goalkeeper_technique_shot,goalkeeper_type_shot,id_shot,index_shot,interception_outcome_shot,location_shot,match_id_shot,minute_shot,off_camera_shot,out_shot,pass_aerial_won_shot,pass_angle_shot,pass_assisted_shot_id_shot,pass_body_part_shot,pass_cross_shot,pass_end_location_shot,pass_goal_assist_shot,pass_height_shot,pass_inswinging_shot,pass_length_shot,pass_miscommunication_shot,pass_outcome_shot,pass_outswinging_shot,pass_recipient_shot,pass_shot_assist_shot,pass_straight_shot,pass_switch_shot,pass_technique_shot,pass_through_ball_shot,pass_type_shot,period_shot,play_pattern_shot,player_shot,player_id_shot,position_shot,possession_shot,possession_team_shot,possession_team_id_shot,related_events_shot,second_shot,shot_aerial_won_shot,shot_body_part_shot,shot_end_location_shot,shot_first_time_shot,shot_freeze_frame_shot,shot_key_pass_id_shot,shot_open_goal_shot,shot_outcome_shot,shot_statsbomb_xg_shot,shot_technique_shot,shot_type_shot,substitution_outcome_shot,substitution_replacement_shot,tactics_shot,team_shot,team_id_shot,timestamp_shot,type_shot,under_pressure_shot,comp_shot,play_before_type,ball_receipt_outcome_pass,ball_recovery_offensive_pass,ball_recovery_recovery_failure_pass,carry_end_location_pass,clearance_aerial_won_pass,clearance_body_part_pass,clearance_head_pass,clearance_left_foot_pass,clearance_right_foot_pass,counterpress_pass,dribble_nutmeg_pass,dribble_outcome_pass,dribble_overrun_pass,duel_outcome_pass,duel_type_pass,duration_pass,foul_committed_advantage_pass,foul_committed_type_pass,foul_won_advantage_pass,foul_won_defensive_pass,goalkeeper_body_part_pass,goalkeeper_end_location_pass,goalkeeper_outcome_pass,goalkeeper_position_pass,goalkeeper_technique_pass,goalkeeper_type_pass,id_pass,index_pass,interception_outcome_pass,location_pass,match_id_pass,minute_pass,off_camera_pass,out_pass,pass_aerial_won_pass,pass_angle_pass,pass_assisted_shot_id_pass,pass_body_part_pass,pass_cross_pass,pass_end_location_pass,pass_goal_assist_pass,pass_height_pass,pass_inswinging_pass,pass_length_pass,pass_miscommunication_pass,pass_outcome_pass,pass_outswinging_pass,pass_recipient_pass,pass_shot_assist_pass,pass_straight_pass,pass_switch_pass,pass_technique_pass,pass_through_ball_pass,pass_type_pass,period_pass,play_pattern_pass,player_pass,player_id_pass,position_pass,possession_pass,possession_team_pass,possession_team_id_pass,related_events_pass,second_pass,shot_aerial_won_pass,shot_body_part_pass,shot_end_location_pass,shot_first_time_pass,shot_freeze_frame_pass,shot_key_pass_id_pass,shot_open_goal_pass,shot_outcome_pass,shot_statsbomb_xg_pass,shot_technique_pass,shot_type_pass,substitution_outcome_pass,substitution_replacement_pass,tactics_pass,team_pass,team_id_pass,timestamp_pass,type_pass,under_pressure_pass,comp_pass,shot_event,goalkeeper_position,league,season
,,,,,,,,,,,,,,,0.249819,,,,,,,,,,,a1257b43-01d8-4b53-bcad-bbd695e38f0b,1508,,"[109.5, 55.6]",3888713,45,,,,,,,,,,,,,,,,,,,,,,,2,From Kick Off,Carlos Alonso González,394422.0,Center Forward,99,Real Madrid,220,"['db8a90b9-c906-4fe5-b5d2-ae0829b1ea4e', 'dec92637-3603-441e-970a-6b71d7efb359']",22,,Right Foot,"[111.2, 54.0]",True,"[{'location': [119.0, 41.7], 'player': {'id': 397767, 'name': 'Pere Valentí Mora Mariné'}, 'position': {'id': 1, 'name': 'Goalkeeper'}, 'teammate': False}, {'location': [101.6, 39.7], 'player': {'id': 397771, 'name': 'Juan Carlos Pérez López'}, 'position': {'id': 10, 'name': 'Center Defensive Midfield'}, 'teammate': False}, {'location': [107.1, 32.6], 'player': {'id': 397770, 'name': 'Joaquim Rifé Climent'}, 'position': {'id': 2, 'name': 'Right Back'}, 'teammate': False}, {'location': [104.0, 54.3], 'player': {'id': 397768, 'name': 'Antonio Torres García'}, 'position': {'id': 3, 'name': 'Right Center Back'}, 'teammate': False}, {'location': [111.2, 54.3], 'player': {'id': 397773, 'name': 'Enrique Álvarez Costas'}, 'position': {'id': 5, 'name': 'Left Center Back'}, 'teammate': False}, {'location': [103.3, 32.3], 'player': {'id': 397763, 'name': 'José Martínez Sánchez'}, 'position': {'id': 10, 'name': 'Center Defensive Midfield'}, 'teammate': True}, {'location': [100.8, 40.4], 'player': {'id': 397762, 'name': 'Manuel Velázquez Villaverde'}, 'position': {'id': 13, 'name': 'Right Center Midfield'}, 'teammate': True}]",6055d84b-5b9c-40ce-b061-9d936eb32e11,,Blocked,0.04142985,Normal,Open Play,,,,Real Madrid,220,00:00:22.612,Shot,,La Liga,Ball Receipt*,,,,,,,,,,,,,,,,1.700387,,,,,,,,,,,6055d84b-5b9c-40ce-b061-9d936eb32e11,1506.0,,"[77.6, 72.0]",3888713.0,45.0,,,,-0.47486907,a1257b43-01d8-4b53-bcad-bbd695e38f0b,Left Foot,,"[109.5, 55.6]",,Ground Pass,,35.86879,,,,Carlos Alonso González,True,,,,,,2.0,From Kick Off,Juan Morgado Dorado,397760.0,Right Back,99.0,Real Madrid,220.0,['a3fefec3-16ca-42b9-9937-93907ea0b15b'],20.0,,,,,,,,,,,,,,,Real Madrid,220.0,00:00:20.871,Pass,,La Liga,a1257b43-01d8-4b53-bcad-bbd695e38f0b,Set,La Liga,1973/1974
,,,,,,,,,,,,,,,0.148277,,,,,,,,,,,878cbb67-6ebd-4cb1-be83-8e1f8de5109f,67,,"[92.6, 48.8]",3888713,1,,,,,,,,,,,,,,,,,,,,,,,1,From Free Kick,Marcial Manuel Pina Morales,397772.0,Left Center Midfield,5,Barcelona,217,"['52e7dd35-84bc-4674-ac63-3a88d4861e86', 'c40aa539-c846-4f7e-8bb6-93d06db89bea']",13,,Left Foot,"[99.2, 46.4]",True,"[{'location': [106.1, 33.4], 'player': {'id': 39713, 'name': 'Johan Cruyff'}, 'position': {'id': 23, 'name': 'Center Forward'}, 'teammate': True}, {'location': [119.5, 40.6], 'player': {'id': 397757, 'name': 'Mariano García Remón'}, 'position': {'id': 1, 'name': 'Goalkeeper'}, 'teammate': False}, {'location': [103.3, 55.4], 'player': {'id': 397766, 'name': 'Amancio Amaro Varela'}, 'position': {'id': 23, 'name': 'Center Forward'}, 'teammate': False}, {'location': [94.0, 54.8], 'player': {'id': 397774, 'name': 'Juan Manuel Asensi Ripoll'}, 'position': {'id': 13, 'name': 'Right Center Midfield'}, 'teammate': True}, {'location': [105.7, 42.7], 'player': {'id': 397775, 'name': 'Carles Rexach i Cerdà'}, 'position': {'id': 17, 'name': 'Right Wing'}, 'teammate': True}, {'location': [107.0, 34.7], 'player': {'id': 397776, 'name': 'Hugo Alejandro Sotil Yerén'}, 'position': {'id': 21, 'name': 'Left Wing'}, 'teammate': True}, {'location': [102.8, 42.7], 'player': {'id': 397771, 'name': 'Juan Carlos Pérez López'}, 'position': {'id': 10, 'name': 'Center Defensive Midfield'}, 'teammate': True}, {'location': [96.2, 31.7], 'player': {'id': 397769, 'name': 'Jesus Antonio de la Cruz Gallego'}, 'position': {'id': 6, 'name': 'Left Back'}, 'teammate': True}, {'location': [104.3, 52.9], 'player': {'id': 397764, 'name': 'José Macanás Pérez'}, 'position': {'id': 21, 'name': 'Left Wing'}, 'teammate': False}, {'location': [106.7, 46.7], 'player': {'id': 397758, 'name': 'Benito Rubiñán Soutullo'}, 'position': {'id': 6, 'name': 'Left Back'}, 'teammate': False}, {'location': [103.4, 49.2], 'player': {'id': 397762, 'name': 'Manuel Velázquez Villaverde'}, 'position': {'id': 13, 'name': 'Right Center Midfield'}, 'teammate': False}, {'location': [104.4, 51.0], 'player': {'id': 38624, 'name': 'Günter Netzer'}, 'position': {'id': 15, 'name': 'Left Center Midfield'}, 'teammate': False}, {'location': [102.8, 35.5], 'player': {'id': 397759, 'name': 'Gregorio Benito Rubio'}, 'position': {'id': 3, 'name': 'Right Center Back'}, 'teammate': False}, {'location': [103.7, 41.3], 'player': {'id': 397761, 'name': 'Ignacio Zoco Esparza'}, 'position': {'id': 5, 'name': 'Left Center Back'}, 'teammate': False}, {'location': [103.6, 36.9], 'player': {'id': 397760, 'name': 'Juan Morgado Dorado'}, 'position': {'id': 2, 'name': 'Right Back'}, 'teammate': False}, {'location': [98.8, 46.5], 'player': {'id': 397763, 'name': 'José Martínez Sánchez'}, 'position': {'id': 10, 'name': 'Center Defensive Midfield'}, 'teammate': False}, {'location': [102.5, 34.6], 'player': {'id': 397765, 'name': 'Francisco Javier Aguilar García'}, 'position': {'id': 17, 'name': 'Right Wing'}, 'teammate': False}]",2667361e-f377-48b8-a3f1-7c91a18dacbb,,Blocked,0.023486136,Normal,Open Play,,,,Barcelona,217,00:01:13.997,Shot,,La Liga,Ball Receipt*,,,,,,,,,,,,,,,,1.397861,,,,,,,,,,,2667361e-f377-48b8-a3f1-7c91a18dacbb,65.0,,"[96.5, 57.2]",3888713.0,1.0,,,,-2.0054665,878cbb67-6ebd-4cb1-be83-8e1f8de5109f,Right Foot,,"[92.6, 48.8]",,Ground Pass,,9.2612095,,,,Marcial Manuel Pina Morales,True,,,,,Free Kick,1.0,From Free Kick,Juan Carlos Pérez López,397771.0,Center Defensive Midfield,5.0,Barcelona,217.0,['1d6943ae-c2bc-4af9-8a59-bef900b6d382'],12.0,,,,,,,,,,,,,,,Barcelona,217.0,00:01:12.509,Pass,,La Liga,878cbb67-6ebd-4cb1-be83-8e1f8de5109f,Set,La Liga,1973/1974
,,,,,,,,,,,,,,,1.552128,,,,,,,,,,,ed79a7c1-17b1-4991-b584-a404f8521c75,166,,"[97.6, 32.4]",3888713,4,,,,,,,,,,,,,,,,,,,,,,,1,From Free Kick,Jesus Antonio de la Cruz Gallego,397769.0,Left Back,12,Barcelona,217,['3300cc07-b013-44cd-af24-6989ab85eb10'],41,,Left Foot,"[120.0, 44.4, 5.8]",,"[{'location': [106.2, 35.8], 'player': {'id': 39713, 'name': 'Johan Cruyff'}, 'position': {'id': 23, 'name': 'Center Forward'}, 'teammate': True}, {'location': [107.1, 16.6], 'player': {'id': 397775, 'name': 'Carles Rexach i Cerdà'}, 'position': {'id': 17, 'name': 'Right Wing'}, 'teammate': True}, {'location': [102.8, 48.2], 'player': {'id': 397770, 'name': 'Joaquim Rifé Climent'}, 'position': {'id': 2, 'name': 'Right Back'}, 'teammate': True}, {'location': [100.4, 42.4], 'player': {'id': 397772, 'name': 'Marcial Manuel Pina Morales'}, 'position': {'id': 15, 'name': 'Left Center Midfield'}, 'teammate': True}, {'location': [104.5, 42.0], 'player': {'id': 397776, 'name': 'Hugo Alejandro Sotil Yerén'}, 'position': {'id': 21, 'name': 'Left Wing'}, 'teammate': True}, {'location': [117.8, 39.3], 'player': {'id': 397757, 'name': 'Mariano García Remón'}, 'position': {'id': 1, 'name': 'Goalkeeper'}, 'teammate': False}, {'location': [98.6, 43.7], 'player': {'id': 38624, 'name': 'Günter Netzer'}, 'position': {'id': 15, 'name': 'Left Center Midfield'}, 'teammate': False}, {'location': [104.6, 46.5], 'player': {'id': 397758, 'name': 'Benito Rubiñán Soutullo'}, 'position': {'id': 6, 'name': 'Left Back'}, 'teammate': False}, {'location': [101.7, 40.5], 'player': {'id': 397762, 'name': 'Manuel Velázquez Villaverde'}, 'position': {'id': 13, 'name': 'Right Center Midfield'}, 'teammate': False}, {'location': [103.7, 37.0], 'player': {'id': 397761, 'name': 'Ignacio Zoco Esparza'}, 'position': {'id': 5, 'name': 'Left Center Back'}, 'teammate': False}, {'location': [103.7, 35.5], 'player': {'id': 397759, 'name': 'Gregorio Benito Rubio'}, 'position': {'id': 3, 'name': 'Right Center Back'}, 'teammate': False}, {'location': [101.6, 33.3], 'player': {'id': 397763, 'name': 'José Martínez Sánchez'}, 'position': {'id': 10, 'name': 'Center Defensive Midfield'}, 'teammate': False}, {'location': [93.8, 36.0], 'player': {'id': 397766, 'name': 'Amancio Amaro Varela'}, 'position': {'id': 23, 'name': 'Center Forward'}, 'teammate': False}, {'location': [104.9, 24.5], 'player': {'id': 397765, 'name': 'Francisco Javier Aguilar García'}, 'position': {'id': 17, 'name': 'Right Wing'}, 'teammate': False}, {'location': [104.0, 22.4], 'player': {'id': 397760, 'name': 'Juan Morgado Dorado'}, 'position': {'id': 2, 'name': 'Right Back'}, 'teammate': False}]",,,Off T,0.0352293,Normal,Open Play,,,,Barcelona,217,00:04:41.465,Shot,,La Liga,Pass,,,,,,,,,,,,,,,,,,,,,,,,,,,,,,,,,,,,,,,,,,,,,,,,,,,,,,,,,,,,,,,,,,,,,,,,,,,,,,,,,,,,,ed79a7c1-17b1-4991-b584-a404f8521c75,Set,La Liga,1973/1974
,,,,,,,,,,,,,,,0.974361,,,,,,,,,,,3946b661-3029-4076-acbd-716fbed4d611,1732,,"[103.0, 49.7]",3888713,52,,,,,,,,,,,,,,,,,,,,,,,2,Regular Play,Carles Rexach i Cerdà,397775.0,Right Wing,115,Barcelona,217,['ba6f1bc9-0eb7-436c-8cff-b3cd9b804ea0'],8,,Right Foot,"[120.0, 37.3, 5.9]",True,"[{'location': [96.4, 58.0], 'player': {'id': 397758, 'name': 'Benito Rubiñán Soutullo'}, 'position': {'id': 6, 'name': 'Left Back'}, 'teammate': False}, {'location': [104.1, 43.4], 'player': {'id': 397759, 'name': 'Gregorio Benito Rubio'}, 'position': {'id': 3, 'name': 'Right Center Back'}, 'teammate': False}, {'location': [118.8, 39.6], 'player': {'id': 397757, 'name': 'Mariano García Remón'}, 'position': {'id': 1, 'name': 'Goalkeeper'}, 'teammate': False}]",c74d9d5d-301c-48be-9959-6f8f1355c347,,Off T,0.09125636,Half Volley,Open Play,,,,Barcelona,217,00:07:08.393,Shot,,La Liga,Ball Receipt*,,,,,,,,,,,,,,,,1.656783,,,,,,,,,,,c74d9d5d-301c-48be-9959-6f8f1355c347,1730.0,,"[99.5, 32.8]",3888713.0,52.0,,,,1.3665826,3946b661-3029-4076-acbd-716fbed4d611,Head,,"[103.0, 49.7]",,Low Pass,,17.258621,,,,Carles Rexach i Cerdà,True,,,,,,2.0,Regular Play,Hugo Alejandro Sotil Yerén,397776.0,Left Wing,115.0,Barcelona,217.0,['b5140b8c-b274-469e-b1a7-ca244027d30b'],6.0,,,,,,,,,,,,,,,Barcelona,217.0,00:07:06.774,Pass,,La Liga,3946b661-3029-4076-acbd-716fbed4d611,Set,La Liga,1973/1974
,,,,,,,,,,,,,,,1.391505,,,,,,,,,,,e6f794d1-abf4-486a-9f1d-a37de80180ba,1745,,"[98.3, 30.9]",3888713,52,,,,,,,,,,,,,,,,,,,,,,,2,From Counter,Johan Cruyff,39713.0,Center Forward,117,Barcelona,217,['080b9d27-71e2-45d2-8c9e-8ef350f9ab0b'],33,,Right Foot,"[120.0, 45.2, 6.7]",,"[{'location': [97.6, 29.0], 'player': {'id': 397761, 'name': 'Ignacio Zoco Esparza'}, 'position': {'id': 5, 'name': 'Left Center Back'}, 'teammate': False}, {'location': [102.5, 32.9], 'player': {'id': 397759, 'name': 'Gregorio Benito Rubio'}, 'position': {'id': 3, 'name': 'Right Center Back'}, 'teammate': False}, {'location': [102.1, 45.9], 'player': {'id': 397760, 'name': 'Juan Morgado Dorado'}, 'position': {'id': 2, 'name': 'Right Back'}, 'teammate': False}, {'location': [100.9, 49.8], 'player': {'id': 397775, 'name': 'Carles Rexach i Cerdà'}, 'position': {'id': 17, 'name': 'Right Wing'}, 'teammate': True}, {'location': [118.5, 39.3], 'player': {'id': 397757, 'name': 'Mariano García Remón'}, 'position': {'id': 1, 'name': 'Goalkeeper'}, 'teammate': False}]",9727e723-b1ec-4446-bdea-9bea4d07935c,,Off T,0.053106993,Normal,Open Play,,,,Barcelona,217,00:07:33.818,Shot,,La Liga,Carry,,,,,,,,,,,,,,,,1.359698,,,,,,,,,,,9727e723-b1ec-4446-bdea-9bea4d07935c,1738.0,,"[78.2, 19.4]",3888713.0,52.0,,,,0.6679919,e6f794d1-abf4-486a-9f1d-a37de80180ba,Right Foot,,"[89.1, 28.0]",,Ground Pass,,13.884164,,,,Johan Cruyff,True,,,,,,2.0,From Counter,Hugo Alejandro Sotil Yerén,397776.0,Left Wing,117.0,Barcelona,217.0,['9cfafbeb-7fde-4b04-9be5-de7449511258'],29.0,,,,,,,,,,,,,,,Barcelona,217.0,00:07:29.368,Pass,,La Liga,e6f794d1-abf4-486a-9f1d-a37de80180ba,Set,La Liga,1973/1974
,,,,,,,,,,,,,,,1.143027,,,,,,,,,,,e3e1400c-26f7-465c-b977-63a8513040b5,1769,,"[108.1, 26.1]",3888713,53,,,,,,,,,,,,,,,,,,,,,,,2,Regular Play,Juan Manuel Asensi Ripoll,397774.0,Right Center Midfield,119,Barcelona,217,"['243f72ac-901d-453f-b402-fc25c5988f53', '566a7ba6-64ed-48cc-993d-86c9256334a8']",9,,Left Foot,"[120.0, 43.2, 0.0]",,"[{'location': [106.2, 29.3], 'player': {'id': 397759, 'name': 'Gregorio Benito Rubio'}, 'position': {'id': 3, 'name': 'Right Center Back'}, 'teammate': False}, {'location': [108.5, 25.3], 'player': {'id': 397760, 'name': 'Juan Morgado Dorado'}, 'position': {'id': 2, 'name': 'Right Back'}, 'teammate': False}, {'location': [107.6, 27.2], 'player': {'id': 397761, 'name': 'Ignacio Zoco Esparza'}, 'position': {'id': 5, 'name': 'Left Center Back'}, 'teammate': False}, {'location': [118.6, 37.1], 'player': {'id': 397757, 'name': 'Mariano García Remón'}, 'position': {'id': 1, 'name': 'Goalkeeper'}, 'teammate': False}, {'location': [107.8, 40.4], 'player': {'id': 397758, 'name': 'Benito Rubiñán Soutullo'}, 'position': {'id': 6, 'name': 'Left Back'}, 'teammate': False}, {'location': [104.0, 45.2], 'player': {'id': 397775, 'name': 'Carles Rexach i Cerdà'}, 'position': {'id': 17, 'name': 'Right Wing'}, 'teammate': True}]",,,Goal,0.07628359,Normal,Open Play,,,,Barcelona,217,00:08:09.803,Shot,True,La Liga,Pressure,,,,,,,,,,,,,,,,,,,,,,,,,,,,,,,,,,,,,,,,,,,,,,,,,,,,,,,,,,,,,,,,,,,,,,,,,,,,,,,,,,,,,e3e1400c-26f7-465c-b977-63a8513040b5,Set,La Liga,1973/1974
,,,,,,,,,,,,,,,1.028138,,,,,,,,,,,03c72070-de64-4165-927b-115c85566fd7,310,,"[110.7, 32.5]",3888713,8,,,,,,,,,,,,,,,,,,,,,,,1,Regular Play,José Martínez Sánchez,397763.0,Center Defensive Midfield,20,Real Madrid,220,"['300b2d2e-5a3d-4fcd-813c-dc29b348e9c6', 'b1d7588c-1fdd-4f11-9456-5498986a6097']",28,True,Head,"[120.0, 35.2, 1.6]",,"[{'location': [105.6, 45.0], 'player': {'id': 397766, 'name': 'Amancio Amaro Varela'}, 'position': {'id': 23, 'name': 'Center Forward'}, 'teammate': True}, {'location': [107.3, 55.5], 'player': {'id': 397769, 'name': 'Jesus Antonio de la Cruz Gallego'}, 'position': {'id': 6, 'name': 'Left Back'}, 'teammate': False}, {'location': [107.6, 40.6], 'player': {'id': 397773, 'name': 'Enrique Álvarez Costas'}, 'position': {'id': 5, 'name': 'Left Center Back'}, 'teammate': False}, {'location': [119.1, 37.9], 'player': {'id': 397767, 'name': 'Pere Valentí Mora Mariné'}, 'position': {'id': 1, 'name': 'Goalkeeper'}, 'teammate': False}, {'location': [111.5, 32.3], 'player': {'id': 397768, 'name': 'Antonio Torres García'}, 'position': {'id': 3, 'name': 'Right Center Back'}, 'teammate': False}]",37c4ee69-5fb8-4f2c-8049-e32c1934d724,,Off T,0.05836842,Normal,Open Play,,,,Real Madrid,220,00:08:28.882,Shot,True,La Liga,Ball Receipt*,,,,,,,,,,,,,,,,1.430894,,,,,,,,,,,37c4ee69-5fb8-4f2c-8049-e32c1934d724,307.0,,"[91.7, 4.8]",3888713.0,8.0,,,,0.96958226,03c72070-de64-4165-927b-115c85566fd7,Right Foot,True,"[110.7, 32.5]",,High Pass,,33.590027,,,,José Martínez Sánchez,True,,,,,,1.0,Regular Play,Günter Netzer,38624.0,Left Center Midfield,20.0,Real Madrid,220.0,['552c620f-792a-4f80-9e99-2a8468c21761'],27.0,,,,,,,,,,,,,,,Real Madrid,220.0,00:08:27.452,Pass,,La Liga,03c72070-de64-4165-927b-115c85566fd7,Set,La Liga,1973/1974
,,,,,,,,,,,,,,,2.020851,,,,,,,,,,,a108b878-e278-4fea-8164-2fefe361f801,1901,,"[98.3, 23.8]",3888713,57,,,,,,,,,,,,,,,,,,,,,,,2,From Throw In,Johan Cruyff,39713.0,Center Forward,129,Barcelona,217,['54e998f0-e240-4728-adae-8d2442adf320'],14,,Right Foot,"[120.0, 52.9, 0.0]",,"[{'location': [95.2, 40.2], 'player': {'id': 397774, 'name': 'Juan Manuel Asensi Ripoll'}, 'position': {'id': 13, 'name': 'Right Center Midfield'}, 'teammate': True}, {'location': [99.2, 48.4], 'player': {'id': 397764, 'name': 'José Macanás Pérez'}, 'position': {'id': 21, 'name': 'Left Wing'}, 'teammate': False}, {'location': [102.6, 45.8], 'player': {'id': 397758, 'name': 'Benito Rubiñán Soutullo'}, 'position': {'id': 6, 'name': 'Left Back'}, 'teammate': False}, {'location': [92.2, 29.2], 'player': {'id': 38624, 'name': 'Günter Netzer'}, 'position': {'id': 15, 'name': 'Left Center Midfield'}, 'teammate': False}, {'location': [107.3, 11.5], 'player': {'id': 397760, 'name': 'Juan Morgado Dorado'}, 'position': {'id': 2, 'name': 'Right Back'}, 'teammate': False}, {'location': [102.3, 12.5], 'player': {'id': 397763, 'name': 'José Martínez Sánchez'}, 'position': {'id': 10, 'name': 'Center Defensive Midfield'}, 'teammate': False}, {'location': [101.2, 35.4], 'player': {'id': 397761, 'name': 'Ignacio Zoco Esparza'}, 'position': {'id': 5, 'name': 'Left Center Back'}, 'teammate': False}, {'location': [104.0, 29.5], 'player': {'id': 397759, 'name': 'Gregorio Benito Rubio'}, 'position': {'id': 3, 'name': 'Right Center Back'}, 'teammate': False}, {'location': [118.7, 38.2], 'player': {'id': 397757, 'name': 'Mariano García Remón'}, 'position': {'id': 1, 'name': 'Goalkeeper'}, 'teammate': False}]",7ac1cda7-c766-4276-b59b-0ff191df70f4,,Off T,0.021480916,Half Volley,Open Play,,,,Barcelona,217,00:12:14.042,Shot,,La Liga,Ball Receipt*,,,,,,,,,,,,,,,,2.263427,,,,,,,,,,,7ac1cda7-c766-4276-b59b-0ff191df70f4,1898.0,,"[87.9, 0.1]",3888713.0,57.0,,,,1.6966105,a108b878-e278-4fea-8164-2fefe361f801,,,"[84.7, 25.4]",,Low Pass,,25.501568,,,,Johan Cruyff,True,,,,,Throw-in,2.0,From Throw In,Hugo Alejandro Sotil Yerén,397776.0,Left Wing,129.0,Barcelona,217.0,['f3a6f1e4-1150-44f6-b2c8-859fd7713e51'],11.0,,,,,,,,,,,,,,,Barcelona,217.0,00:12:11.055,Pass,,La Liga,a108b878-e278-4fea-8164-2fefe361f801,Set,La Liga,1973/1974
,,,,,,,,,,,,,,,0.702804,,,,,,,,,,,269fe4c7-13f2-475c-989a-80411a86a517,454,,"[99.2, 40.0]",3888713,12,,,,,,,,,,,,,,,,,,,,,,,1,Regular Play,José Martínez Sánchez,397763.0,Center Defensive Midfield,29,Real Madrid,220,"['21c8bc6d-fc05-41bd-8a83-3d95129f5744', '7180d389-2868-400c-8bc1-2c6172f571f9']",37,,Right Foot,"[117.9, 39.9, 2.0]",,"[{'location': [118.8, 39.7], 'player': {'id': 397767, 'name': 'Pere Valentí Mora Mariné'}, 'position': {'id': 1, 'name': 'Goalkeeper'}, 'teammate': False}, {'location': [102.9, 39.1], 'player': {'id': 397770, 'name': 'Joaquim Rifé Climent'}, 'position': {'id': 2, 'name': 'Right Back'}, 'teammate': False}, {'location': [103.4, 46.5], 'player': {'id': 397769, 'name': 'Jesus Antonio de la Cruz Gallego'}, 'position': {'id': 6, 'name': 'Left Back'}, 'teammate': False}, {'location': [103.2, 43.6], 'player': {'id': 397773, 'name': 'Enrique Álvarez Costas'}, 'position': {'id': 5, 'name': 'Left Center Back'}, 'teammate': False}, {'location': [100.4, 39.9], 'player': {'id': 397768, 'name': 'Antonio Torres García'}, 'position': {'id': 3, 'name': 'Right Center Back'}, 'teammate': False}, {'location': [103.1, 47.6], 'player': {'id': 397766, 'name': 'Amancio Amaro Varela'}, 'position': {'id': 23, 'name': 'Center Forward'}, 'teammate': True}]",84a8703a-967c-4f37-a31d-3a88d6d673a6,,Saved,0.02677801,Normal,Open Play,,,,Real Madrid,220,00:12:37.148,Shot,True,La Liga,Pressure,,,,,,,,,,,,,,,,1.231629,,,,,,,,,,,84a8703a-967c-4f37-a31d-3a88d6d673a6,446.0,,"[75.6, 36.3]",3888713.0,12.0,,,,-0.52903044,269fe4c7-13f2-475c-989a-80411a86a517,Right Foot,,"[95.1, 24.9]",,Ground Pass,,22.587828,,,,José Martínez Sánchez,True,,,,,,1.0,Regular Play,Manuel Velázquez Villaverde,397762.0,Right Center Midfield,29.0,Real Madrid,220.0,['eb5533b3-151d-433e-b705-0aff38bdd22b'],33.0,,,,,,,,,,,,,,,Real Madrid,220.0,00:12:33.037,Pass,,La Liga,269fe4c7-13f2-475c-989a-80411a86a517,Set,La Liga,1973/1974
,,,,,,,,,,,,,,,0.277758,,,,,,,,,,,13856902-cd8a-4f83-8785-3944bc73c334,1916,,"[98.2, 42.2]",3888713,57,,,,,,,,,,,,,,,,,,,,,,,2,Regular Play,Johan Cruyff,39713.0,Center Forward,131,Barcelona,217,"['4aa0e06d-be09-4038-b637-b7b31ae717b5', '8bc53d51-000f-4dbc-8a45-f3ac7097ff2e']",38,,Right Foot,"[101.7, 42.6]",,"[{'location': [118.7, 40.6], 'player': {'id': 397757, 'name': 'Mariano García Remón'}, 'position': {'id': 1, 'name': 'Goalkeeper'}, 'teammate': False}, {'location': [101.8, 49.7], 'player': {'id': 397758, 'name': 'Benito Rubiñán Soutullo'}, 'position': {'id': 6, 'name': 'Left Back'}, 'teammate': False}, {'location': [102.3, 42.9], 'player': {'id': 397759, 'name': 'Gregorio Benito Rubio'}, 'position': {'id': 3, 'name': 'Right Center Back'}, 'teammate': False}, {'location': [101.4, 34.6], 'player': {'id': 397760, 'name': 'Juan Morgado Dorado'}, 'position': {'id': 2, 'name': 'Right Back'}, 'teammate': False}, {'location': [98.6, 38.2], 'player': {'id': 397761, 'name': 'Ignacio Zoco Esparza'}, 'position': {'id': 5, 'name': 'Left Center Back'}, 'teammate': False}, {'location': [90.3, 47.3], 'player': {'id': 397762, 'name': 'Manuel Velázquez Villaverde'}, 'position': {'id': 13, 'name': 'Right Center Midfield'}, 'teammate': False}, {'location': [103.3, 51.9], 'player': {'id': 397775, 'name': 'Carles Rexach i Cerdà'}, 'position': {'id': 17, 'name': 'Right Wing'}, 'teammate': True}, {'location': [92.8, 55.3], 'player': {'id': 397774, 'name': 'Juan Manuel Asensi Ripoll'}, 'position': {'id': 13, 'name': 'Right Center Midfield'}, 'teammate': True}]",87042215-457c-4e8c-b059-a6ddaa2ff776,,Blocked,0.074924916,Normal,Open Play,,,,Barcelona,217,00:12:38.507,Shot,,La Liga,Goal Keeper,,,,,,,,,,,,,,,,1.191943,,,,,,,,,,,87042215-457c-4e8c-b059-a6ddaa2ff776,1909.0,,"[69.7, 55.2]",3888713.0,57.0,,,,-1.0707276,13856902-cd8a-4f83-8785-3944bc73c334,Right Foot,,"[80.3, 35.8]",,Ground Pass,,22.107012,,,,Johan Cruyff,True,,,,,,2.0,Regular Play,Juan Manuel Asensi Ripoll,397774.0,Right Center Midfield,131.0,Barcelona,217.0,['f136614a-7839-41f5-8461-00d21d4cdbb4'],32.0,,,,,,,,,,,,,,,Barcelona,217.0,00:12:32.497,Pass,,La Liga,13856902-cd8a-4f83-8785-3944bc73c334,Set,La Liga,1973/1974
,,,,,,,,,,,,,,,0.509713,,,,,,,,,,,70b9c1e2-540f-4ed5-8ce0-dec1e1142bd7,530,,"[112.4, 37.3]",3888713,14,,,,,,,,,,,,,,,,,,,,,,,1,From Free Kick,Manuel Velázquez Villaverde,397762.0,Right Center Midfield,31,Real Madrid,220,"['27b1c872-8aea-4963-95b0-2cc3ff771600', '3eb0d8d7-c847-43d9-8321-a919966836a5']",10,,Left Foot,"[120.0, 42.9, 3.5]",True,"[{'location': [115.0, 34.3], 'player': {'id': 397768, 'name': 'Antonio Torres García'}, 'position': {'id': 3, 'name': 'Right Center Back'}, 'teammate': False}, {'location': [113.1, 38.4], 'player': {'id': 397769, 'name': 'Jesus Antonio de la Cruz Gallego'}, 'position': {'id': 6, 'name': 'Left Back'}, 'teammate': False}, {'location': [106.8, 36.1], 'player': {'id': 397773, 'name': 'Enrique Álvarez Costas'}, 'position': {'id': 5, 'name': 'Left Center Back'}, 'teammate': False}, {'location': [113.1, 28.5], 'player': {'id': 38624, 'name': 'Günter Netzer'}, 'position': {'id': 15, 'name': 'Left Center Midfield'}, 'teammate': True}, {'location': [109.8, 34.9], 'player': {'id': 397766, 'name': 'Amancio Amaro Varela'}, 'position': {'id': 23, 'name': 'Center Forward'}, 'teammate': True}, {'location': [111.0, 59.4], 'player': {'id': 397765, 'name': 'Francisco Javier Aguilar García'}, 'position': {'id': 17, 'name': 'Right Wing'}, 'teammate': True}, {'location': [119.1, 37.3], 'player': {'id': 397767, 'name': 'Pere Valentí Mora Mariné'}, 'position': {'id': 1, 'name': 'Goalkeeper'}, 'teammate': False}]",16c2572e-bbcb-4f1f-8f54-57be11cb0dfb,,Off T,0.34172043,Normal,Open Play,,,,Real Madrid,220,00:14:10.324,Shot,True,La Liga,Pressure,,,,,,,,,,,,,,,,0.65135,,,,,,,,,,,16c2572e-bbcb-4f1f-8f54-57be11cb0dfb,527.0,,"[114.7, 37.1]",3888713.0,14.0,,,,3.0548544,70b9c1e2-540f-4ed5-8ce0-dec1e1142bd7,Right Foot,,"[112.4, 37.3]",,Ground Pass,,2.3086793,,,,Manuel Velázquez Villaverde,True,,,,,,1.0,From Free Kick,Amancio Amaro Varela,397766.0,Center Forward,31.0,Real Madrid,220.0,['edc8bb10-adae-435a-a9f6-23e918be7e48'],9.0,,,,,,,,,,,,,,,Real Madrid,220.0,00:14:09.672,Pass,,La Liga,70b9c1e2-540f-4ed5-8ce0-dec1e1142bd7,Set,La Liga,1973/1974
,,,,,,,,,,,,,,,1.251395,,,,,,,,,,,c975d137-d7b0-41da-b472-1327bdc9ee5c,543,,"[105.4, 57.1]",3888713,14,,,,,,,,,,,,,,,,,,,,,,,1,From Goal Kick,Carles Rexach i Cerdà,397775.0,Right Wing,32,Barcelona,217,['652ab8b5-2467-42b2-b8ad-a006f245923d'],52,,Right Foot,"[120.0, 41.7, 7.1]",True,"[{'location': [101.7, 13.5], 'player': {'id': 39713, 'name': 'Johan Cruyff'}, 'position': {'id': 23, 'name': 'Center Forward'}, 'teammate': True}, {'location': [111.1, 34.4], 'player': {'id': 397776, 'name': 'Hugo Alejandro Sotil Yerén'}, 'position': {'id': 21, 'name': 'Left Wing'}, 'teammate': True}, {'location': [103.6, 25.0], 'player': {'id': 397760, 'name': 'Juan Morgado Dorado'}, 'position': {'id': 2, 'name': 'Right Back'}, 'teammate': False}, {'location': [107.6, 29.4], 'player': {'id': 397759, 'name': 'Gregorio Benito Rubio'}, 'position': {'id': 3, 'name': 'Right Center Back'}, 'teammate': False}, {'location': [119.3, 41.6], 'player': {'id': 397757, 'name': 'Mariano García Remón'}, 'position': {'id': 1, 'name': 'Goalkeeper'}, 'teammate': False}, {'location': [98.5, 42.9], 'player': {'id': 397774, 'name': 'Juan Manuel Asensi Ripoll'}, 'position': {'id': 13, 'name': 'Right Center Midfield'}, 'teammate': True}, {'location': [109.2, 43.5], 'player': {'id': 397772, 'name': 'Marcial Manuel Pina Morales'}, 'position': {'id': 15, 'name': 'Left Center Midfield'}, 'teammate': True}, {'location': [110.3, 39.8], 'player': {'id': 397761, 'name': 'Ignacio Zoco Esparza'}, 'position': {'id': 5, 'name': 'Left Center Back'}, 'teammate': False}, {'location': [108.9, 51.3], 'player': {'id': 397758, 'name': 'Benito Rubiñán Soutullo'}, 'position': {'id': 6, 'name': 'Left Back'}, 'teammate': False}, {'location': [94.2, 28.7], 'player': {'id': 397763, 'name': 'José Martínez Sánchez'}, 'position': {'id': 10, 'name': 'Center Defensive Midfield'}, 'teammate': False}]",ad808979-8926-4f1a-9e82-4551e0575eb3,,Off T,0.026012098,Half Volley,Open Play,,,,Barcelona,217,00:14:52.878,Shot,,La Liga,Ball Receipt*,,,,,,,,,,,,,,,,2.897917,,,,,,,,,,,ad808979-8926-4f1a-9e82-4551e0575eb3,541.0,,"[95.4, 19.2]",3888713.0,14.0,,,,1.3128233,c975d137-d7b0-41da-b472-1327bdc9ee5c,Left Foot,,"[105.4, 57.1]",,High Pass,,39.197067,,,,Carles Rexach i Cerdà,True,,,,,,1.0,From Goal Kick,Johan Cruyff,39713.0,Center Forward,32.0,Barcelona,217.0,['ec6d0346-dff5-4525-8a60-25eeb34024c8'],49.0,,,,,,,,,,,,,,,Barcelona,217.0,00:14:49.807,Pass,,La Liga,c975d137-d7b0-41da-b472-1327bdc9ee5c,Set,La Liga,1973/1974
,,,,,,,,,,,,,,,0.974312,,,,,,,,,,,262d1981-fc69-4856-802c-ead4aa836dca,602,,"[93.3, 46.8]",3888713,16,,,,,,,,,,,,,,,,,,,,,,,1,Regular Play,Marcial Manuel Pina Morales,397772.0,Left Center Midfield,34,Barcelona,217,['5a22b16c-2291-4712-9180-ebc8f2de74dc'],10,,Left Foot,"[118.2, 40.4, 0.0]",,"[{'location': [99.5, 40.6], 'player': {'id': 39713, 'name': 'Johan Cruyff'}, 'position': {'id': 23, 'name': 'Center Forward'}, 'teammate': True}, {'location': [99.1, 29.7], 'player': {'id': 397765, 'name': 'Francisco Javier Aguilar García'}, 'position': {'id': 17, 'name': 'Right Wing'}, 'teammate': False}, {'location': [118.6, 40.2], 'player': {'id': 397757, 'name': 'Mariano García Remón'}, 'position': {'id': 1, 'name': 'Goalkeeper'}, 'teammate': False}, {'location': [99.1, 54.4], 'player': {'id': 397775, 'name': 'Carles Rexach i Cerdà'}, 'position': {'id': 17, 'name': 'Right Wing'}, 'teammate': True}, {'location': [99.0, 42.8], 'player': {'id': 397774, 'name': 'Juan Manuel Asensi Ripoll'}, 'position': {'id': 13, 'name': 'Right Center Midfield'}, 'teammate': True}, {'location': [100.8, 24.5], 'player': {'id': 397776, 'name': 'Hugo Alejandro Sotil Yerén'}, 'position': {'id': 21, 'name': 'Left Wing'}, 'teammate': True}, {'location': [89.9, 56.5], 'player': {'id': 397763, 'name': 'José Martínez Sánchez'}, 'position': {'id': 10, 'name': 'Center Defensive Midfield'}, 'teammate': False}, {'location': [100.5, 54.5], 'player': {'id': 397758, 'name': 'Benito Rubiñán Soutullo'}, 'position': {'id': 6, 'name': 'Left Back'}, 'teammate': False}, {'location': [96.2, 49.8], 'player': {'id': 397759, 'name': 'Gregorio Benito Rubio'}, 'position': {'id': 3, 'name': 'Right Center Back'}, 'teammate': False}, {'location': [102.2, 47.4], 'player': {'id': 397760, 'name': 'Juan Morgado Dorado'}, 'position': {'id': 2, 'name': 'Right Back'}, 'teammate': False}, {'location': [96.2, 47.1], 'player': {'id': 397761, 'name': 'Ignacio Zoco Esparza'}, 'position': {'id': 5, 'name': 'Left Center Back'}, 'teammate': False}]",01bd6b62-f451-4ee4-bfdf-d8d42b520220,,Saved,0.031862512,Normal,Open Play,,,,Barcelona,217,00:16:10.242,Shot,,La Liga,Ball Receipt*,,,,,,,,,,,,,,,,1.173701,,,,,,,,,,,01bd6b62-f451-4ee4-bfdf-d8d42b520220,599.0,,"[90.4, 77.3]",3888713.0,16.0,,,,-1.5817848,262d1981-fc69-4856-802c-ead4aa836dca,Right Foot,,"[90.2, 59.1]",,Ground Pass,,18.2011,,,,Marcial Manuel Pina Morales,True,,,,,,1.0,Regular Play,Carles Rexach i Cerdà,397775.0,Right Wing,34.0,Barcelona,217.0,['e45a50ba-c2f5-4c08-ab30-10319505e97f'],7.0,,,,,,,,,,,,,,,Barcelona,217.0,00:16:07.781,Pass,,La Liga,262d1981-fc69-4856-802c-ead4aa836dca,Set,La Liga,1973/1974
,,,,,,,,,,,,,,,1.59554,,,,,,,,,,,296d9d2c-dc3d-4bcb-b84b-69c789e7a124,2160,,"[104.0, 52.5]",3888713,63,,,,,,,,,,,,,,,,,,,,,,,2,Regular Play,Juan Carlos Pérez López,397771.0,Center Defensive Midfield,152,Barcelona,217,['91852003-b83c-402f-9a68-c26a450b2fbd'],40,,Right Foot,"[120.0, 37.5, 2.1]",,"[{'location': [103.1, 49.7], 'player': {'id': 397758, 'name': 'Benito Rubiñán Soutullo'}, 'position': {'id': 6, 'name': 'Left Back'}, 'teammate': False}]",6f806f62-7ea0-4a40-a64b-63dfc93d6aca,,Goal,0.29043093,Lob,Open Play,,,,Barcelona,217,00:18:40.078,Shot,,La Liga,Carry,,,,,,,,,,,,,,,,3.676388,,,,,,,,,,,6f806f62-7ea0-4a40-a64b-63dfc93d6aca,2157.0,,"[36.0, 22.2]",3888713.0,63.0,,,,0.71432424,296d9d2c-dc3d-4bcb-b84b-69c789e7a124,Right Foot,,"[84.9, 64.6]",True,Low Pass,,64.72225,,,,Juan Carlos Pérez López,,,True,,,,2.0,Regular Play,Johan Cruyff,39713.0,Center Forward,152.0,Barcelona,217.0,['3a8cb52a-1e93-44f1-8213-53984c5575a3'],34.0,,,,,,,,,,,,,,,Barcelona,217.0,00:18:34.191,Pass,,La Liga,296d9d2c-dc3d-4bcb-b84b-69c789e7a124,Set,La Liga,1973/1974
,,,,,,,,,,,,,,,0.764733,,,,,,,,,,,1e708122-1bf3-4904-9c3d-3008ed552d1c,2244,,"[101.1, 53.7]",3888713,66,,,,,,,,,,,,,,,,,,,,,,,2,From Throw In,Marcial Manuel Pina Morales,397772.0,Left Center Midfield,159,Barcelona,217,['18fe5787-8e9c-4c4c-b2f9-af5d17a6ae68'],19,,Right Foot,"[119.4, 37.0, 0.2]",,"[{'location': [119.0, 39.9], 'player': {'id': 397757, 'name': 'Mariano García Remón'}, 'position': {'id': 1, 'name': 'Goalkeeper'}, 'teammate': False}, {'location': [103.2, 50.3], 'player': {'id': 397763, 'name': 'José Martínez Sánchez'}, 'position': {'id': 10, 'name': 'Center Defensive Midfield'}, 'teammate': False}]",8892ad60-8e06-4c16-9e1f-62dd29f41494,,Saved,0.05502605,Normal,Open Play,,,,Barcelona,217,00:21:19.190,Shot,,La Liga,Miscontrol,,,,,,,,,,,,,,,,2.739841,,,,,,,,,,,8892ad60-8e06-4c16-9e1f-62dd29f41494,2241.0,,"[70.6, 17.1]",3888713.0,66.0,,,,1.1887164,1e708122-1bf3-4904-9c3d-3008ed552d1c,Right Foot,,"[88.2, 60.9]",,Ground Pass,,47.20381,,,,Marcial Manuel Pina Morales,True,,True,,,,2.0,From Throw In,Johan Cruyff,39713.0,Center Forward,159.0,Barcelona,217.0,['2d6ab092-bf9d-4e96-8798-28a336501f9a'],15.0,,,,,,,,,,,,,,,Barcelona,217.0,00:21:15.329,Pass,,La Liga,1e708122-1bf3-4904-9c3d-3008ed552d1c,Set,La Liga,1973/1974
,,,,,,,,,,,,,,,0.804167,,,,,,,,,,,9e308da1-41c5-4bad-980a-3423a5704c92,2292,,"[116.2, 36.5]",3888713,68,,,,,,,,,,,,,,,,,,,,,,,2,From Free Kick,Hugo Alejandro Sotil Yerén,397776.0,Left Wing,164,Barcelona,217,['7445277f-1965-41e8-a879-80b106270f47'],14,,Head,"[120.0, 42.6, 0.8]",,"[{'location': [114.8, 33.5], 'player': {'id': 397759, 'name': 'Gregorio Benito Rubio'}, 'position': {'id': 3, 'name': 'Right Center Back'}, 'teammate': False}, {'location': [113.8, 36.2], 'player': {'id': 397763, 'name': 'José Martínez Sánchez'}, 'position': {'id': 10, 'name': 'Center Defensive Midfield'}, 'teammate': False}, {'location': [115.0, 55.7], 'player': {'id': 397758, 'name': 'Benito Rubiñán Soutullo'}, 'position': {'id': 6, 'name': 'Left Back'}, 'teammate': False}, {'location': [117.5, 50.9], 'player': {'id': 397766, 'name': 'Amancio Amaro Varela'}, 'position': {'id': 17, 'name': 'Right Wing'}, 'teammate': False}, {'location': [115.3, 48.2], 'player': {'id': 397762, 'name': 'Manuel Velázquez Villaverde'}, 'position': {'id': 13, 'name': 'Right Center Midfield'}, 'teammate': False}, {'location': [119.5, 40.1], 'player': {'id': 397757, 'name': 'Mariano García Remón'}, 'position': {'id': 1, 'name': 'Goalkeeper'}, 'teammate': False}, {'location': [111.8, 45.0], 'player': {'id': 397774, 'name': 'Juan Manuel Asensi Ripoll'}, 'position': {'id': 13, 'name': 'Right Center Midfield'}, 'teammate': True}]",8b0555b5-0780-499a-ad5f-8eb779e25ac3,True,Goal,0.41498032,Normal,Open Play,,,,Barcelona,217,00:23:14.423,Shot,,La Liga,Ball Receipt*,,,,,,,,,,,,,,,,1.202407,,,,,,,,,,,8b0555b5-0780-499a-ad5f-8eb779e25ac3,2290.0,,"[114.2, 70.3]",3888713.0,68.0,,,,-1.5116936,9e308da1-41c5-4bad-980a-3423a5704c92,Right Foot,True,"[116.2, 36.5]",True,High Pass,,33.85912,,,,Hugo Alejandro Sotil Yerén,,,,,,Free Kick,2.0,From Free Kick,Johan Cruyff,39713.0,Center Forward,164.0,Barcelona,217.0,['285b2ce1-4718-4a54-8f36-854a49ee6e41'],13.0,,,,,,,,,,,,,,,Barcelona,217.0,00:23:13.084,Pass,,La Liga,9e308da1-41c5-4bad-980a-3423a5704c92,Set,La Liga,1973/1974
,,,,,,,,,,,,,,,0.759788,,,,,,,,,,,d918412b-c59d-42d1-ab52-a196ff8dc399,981,,"[115.4, 43.5]",3888713,27,,,,,,,,,,,,,,,,,,,,,,,1,From Throw In,Juan Manuel Asensi Ripoll,397774.0,Right Center Midfield,64,Barcelona,217,['af175e79-b069-49f8-a844-ae7b3961884f'],1,,Right Foot,"[120.0, 43.5, 0.0]",True,"[{'location': [114.9, 37.2], 'player': {'id': 39713, 'name': 'Johan Cruyff'}, 'position': {'id': 23, 'name': 'Center Forward'}, 'teammate': True}, {'location': [119.0, 43.1], 'player': {'id': 397757, 'name': 'Mariano García Remón'}, 'position': {'id': 1, 'name': 'Goalkeeper'}, 'teammate': False}, {'location': [109.6, 49.2], 'player': {'id': 397763, 'name': 'José Martínez Sánchez'}, 'position': {'id': 10, 'name': 'Center Defensive Midfield'}, 'teammate': False}, {'location': [113.5, 38.8], 'player': {'id': 397760, 'name': 'Juan Morgado Dorado'}, 'position': {'id': 2, 'name': 'Right Back'}, 'teammate': False}, {'location': [116.7, 41.8], 'player': {'id': 397759, 'name': 'Gregorio Benito Rubio'}, 'position': {'id': 3, 'name': 'Right Center Back'}, 'teammate': False}, {'location': [118.1, 60.0], 'player': {'id': 397761, 'name': 'Ignacio Zoco Esparza'}, 'position': {'id': 5, 'name': 'Left Center Back'}, 'teammate': False}, {'location': [119.8, 60.9], 'player': {'id': 397775, 'name': 'Carles Rexach i Cerdà'}, 'position': {'id': 17, 'name': 'Right Wing'}, 'teammate': True}, {'location': [112.0, 40.4], 'player': {'id': 397776, 'name': 'Hugo Alejandro Sotil Yerén'}, 'position': {'id': 21, 'name': 'Left Wing'}, 'teammate': True}]",27631ad9-b901-43e5-8b14-961e497f81e1,,Goal,0.22975346,Volley,Open Play,,,,Barcelona,217,00:27:01.817,Shot,,La Liga,Ball Receipt*,,,,,,,,,,,,,,,,0.484668,,,,,,,,,,,27631ad9-b901-43e5-8b14-961e497f81e1,979.0,,"[116.9, 59.4]",3888713.0,27.0,,,,-1.6648575,d918412b-c59d-42d1-ab52-a196ff8dc399,Right Foot,True,"[115.4, 43.5]",True,Low Pass,,15.970598,,,,Juan Manuel Asensi Ripoll,,,,,,,1.0,From Throw In,Marcial Manuel Pina Morales,397772.0,Left Center Midfield,64.0,Barcelona,217.0,['71efb4d4-2c74-4675-bed0-ce5941a722eb'],1.0,,,,,,,,,,,,,,,Barcelona,217.0,00:27:01.246,Pass,,La Liga,d918412b-c59d-42d1-ab52-a196ff8dc399,Set,La Liga,1973/1974
,,,,,,,,,,,,,,,0.986038,,,,,,,,,,,f9cd79c6-383d-41ac-9756-66f7a807f189,1046,,"[95.0, 39.3]",3888713,28,,,,,,,,,,,,,,,,,,,,,,,1,Regular Play,Carles Rexach i Cerdà,397775.0,Right Wing,66,Barcelona,217,['d4baa81a-ef21-4c8e-aad4-2cb819f1ab20'],33,,Right Foot,"[119.0, 36.6, 0.0]",,"[{'location': [105.7, 32.8], 'player': {'id': 39713, 'name': 'Johan Cruyff'}, 'position': {'id': 23, 'name': 'Center Forward'}, 'teammate': True}, {'location': [119.0, 40.0], 'player': {'id': 397757, 'name': 'Mariano García Remón'}, 'position': {'id': 1, 'name': 'Goalkeeper'}, 'teammate': False}, {'location': [96.4, 41.2], 'player': {'id': 397758, 'name': 'Benito Rubiñán Soutullo'}, 'position': {'id': 6, 'name': 'Left Back'}, 'teammate': False}, {'location': [96.9, 38.8], 'player': {'id': 397761, 'name': 'Ignacio Zoco Esparza'}, 'position': {'id': 5, 'name': 'Left Center Back'}, 'teammate': False}, {'location': [104.2, 36.8], 'player': {'id': 397759, 'name': 'Gregorio Benito Rubio'}, 'position': {'id': 3, 'name': 'Right Center Back'}, 'teammate': False}, {'location': [103.4, 31.8], 'player': {'id': 397760, 'name': 'Juan Morgado Dorado'}, 'position': {'id': 2, 'name': 'Right Back'}, 'teammate': False}, {'location': [96.3, 25.7], 'player': {'id': 397776, 'name': 'Hugo Alejandro Sotil Yerén'}, 'position': {'id': 21, 'name': 'Left Wing'}, 'teammate': True}]",75f1ea36-3067-4d5d-be3c-69dc299db415,,Saved,0.028095677,Normal,Open Play,,,,Barcelona,217,00:28:33.200,Shot,,La Liga,Ball Receipt*,,,,,,,,,,,,,,,,2.783495,,,,,,,,,,,75f1ea36-3067-4d5d-be3c-69dc299db415,1043.0,,"[62.3, 48.5]",3888713.0,28.0,,,,-0.45215386,f9cd79c6-383d-41ac-9756-66f7a807f189,Left Foot,,"[79.8, 40.0]",,Low Pass,,19.455076,,,,Carles Rexach i Cerdà,True,,,,,,1.0,Regular Play,Johan Cruyff,39713.0,Center Forward,66.0,Barcelona,217.0,['fa274f85-9790-46db-83e6-5cefe5cd3851'],26.0,,,,,,,,,,,,,,,Barcelona,217.0,00:28:26.047,Pass,,La Liga,f9cd79c6-383d-41ac-9756-66f7a807f189,Set,La Liga,1973/1974
,,,,,,,,,,,,,,,0.250905,,,,,,,,,,,5fa17856-9fcc-484e-9b2c-a5a87f475c73,2544,,"[106.1, 51.5]",3888713,75,,,,,,,,,,,,,,,,,,,,,,,2,Regular Play,Carles Rexach i Cerdà,397775.0,Right Wing,180,Barcelona,217,"['4b6b17f6-8dda-413b-a07b-21ea425acae9', '5826f9f4-742a-4386-bc5f-bf0f951b4fbd']",17,,Right Foot,"[109.6, 49.0]",,"[{'location': [100.4, 51.3], 'player': {'id': 39713, 'name': 'Johan Cruyff'}, 'position': {'id': 23, 'name': 'Center Forward'}, 'teammate': True}, {'location': [109.8, 48.9], 'player': {'id': 397759, 'name': 'Gregorio Benito Rubio'}, 'position': {'id': 3, 'name': 'Right Center Back'}, 'teammate': False}, {'location': [118.9, 40.1], 'player': {'id': 397757, 'name': 'Mariano García Remón'}, 'position': {'id': 1, 'name': 'Goalkeeper'}, 'teammate': False}]",6c421284-586a-4d16-9be3-117357ba8066,,Blocked,0.0921344,Normal,Open Play,,,,Barcelona,217,00:30:17.258,Shot,,La Liga,Ball Receipt*,,,,,,,,,,,,,,,,1.800254,,,,,,,,,,,6c421284-586a-4d16-9be3-117357ba8066,2541.0,,"[77.1, 35.3]",3888713.0,75.0,,,,0.7939817,5fa17856-9fcc-484e-9b2c-a5a87f475c73,Right Foot,,"[100.2, 58.8]",,Ground Pass,,32.95239,,,,Carles Rexach i Cerdà,True,,,,,,2.0,Regular Play,Manuel Tomé Portela,397777.0,Left Center Midfield,180.0,Barcelona,217.0,['5194e7c5-0af2-49df-bcb2-7c7718514b5e'],13.0,,,,,,,,,,,,,,,Barcelona,217.0,00:30:13.762,Pass,,La Liga,5fa17856-9fcc-484e-9b2c-a5a87f475c73,Set,La Liga,1973/1974
,,,,,,,,,,,,,,,0.944358,,,,,,,,,,,6af58f7e-48b4-4d53-acc8-2109146ca66e,2557,,"[109.9, 38.5]",3888713,75,,,,,,,,,,,,,,,,,,,,,,,2,From Throw In,Hugo Alejandro Sotil Yerén,397776.0,Left Wing,181,Barcelona,217,"['1f5380c0-dc5b-4043-a74b-6d17cb2de560', 'd6ea767a-8035-43ec-874d-6dc141a6263a']",32,True,Head,"[120.0, 42.7, 3.3]",,"[{'location': [118.8, 38.8], 'player': {'id': 397757, 'name': 'Mariano García Remón'}, 'position': {'id': 1, 'name': 'Goalkeeper'}, 'teammate': False}, {'location': [100.6, 57.8], 'player': {'id': 397771, 'name': 'Juan Carlos Pérez López'}, 'position': {'id': 10, 'name': 'Center Defensive Midfield'}, 'teammate': True}, {'location': [104.0, 48.9], 'player': {'id': 397763, 'name': 'José Martínez Sánchez'}, 'position': {'id': 10, 'name': 'Center Defensive Midfield'}, 'teammate': False}, {'location': [110.7, 37.9], 'player': {'id': 397760, 'name': 'Juan Morgado Dorado'}, 'position': {'id': 2, 'name': 'Right Back'}, 'teammate': False}, {'location': [112.7, 51.7], 'player': {'id': 397759, 'name': 'Gregorio Benito Rubio'}, 'position': {'id': 3, 'name': 'Right Center Back'}, 'teammate': False}]",c5eab3c1-6163-4957-a292-e22fb1acaa5a,,Off T,0.10868369,Normal,Open Play,,,,Barcelona,217,00:30:32.013,Shot,True,La Liga,Duel,,,,,,,,,,,,,,,,1.478225,,,,,,,,,,,c5eab3c1-6163-4957-a292-e22fb1acaa5a,2554.0,,"[109.0, 69.7]",3888713.0,75.0,,,,-1.5419582,6af58f7e-48b4-4d53-acc8-2109146ca66e,Right Foot,True,"[109.9, 38.5]",,High Pass,,31.212978,,,,Hugo Alejandro Sotil Yerén,True,,,,,,2.0,From Throw In,Johan Cruyff,39713.0,Center Forward,181.0,Barcelona,217.0,['2e8b7966-d937-419d-a3b2-29af9cab56c6'],30.0,,,,,,,,,,,,,,,Barcelona,217.0,00:30:30.535,Pass,,La Liga,6af58f7e-48b4-4d53-acc8-2109146ca66e,Set,La Liga,1973/1974
,,,,,,,,,,,,,,,1.398122,,,,,,,,,,,df1ab8fe-ee57-4d40-8503-643762285469,2670,,"[105.8, 59.9]",3888713,78,,,,,,,,,,,,,,,,,,,,,,,2,From Counter,Carles Rexach i Cerdà,397775.0,Right Wing,191,Barcelona,217,['b252bd5b-1aca-418f-8b0d-189cd62ef922'],55,,Left Foot,"[115.0, 40.3]",,"[{'location': [118.5, 40.2], 'player': {'id': 397757, 'name': 'Mariano García Remón'}, 'position': {'id': 1, 'name': 'Goalkeeper'}, 'teammate': False}, {'location': [106.3, 57.5], 'player': {'id': 397759, 'name': 'Gregorio Benito Rubio'}, 'position': {'id': 3, 'name': 'Right Center Back'}, 'teammate': False}, {'location': [100.3, 48.4], 'player': {'id': 397758, 'name': 'Benito Rubiñán Soutullo'}, 'position': {'id': 6, 'name': 'Left Back'}, 'teammate': False}]",c202a8d9-3269-4de8-982d-73b2101ecefc,,Wayward,0.011344512,Normal,Open Play,,,,Barcelona,217,00:33:55.517,Shot,,La Liga,Ball Receipt*,,,,,,,,,,,,,,,,2.052545,,,,,,,,,,,c202a8d9-3269-4de8-982d-73b2101ecefc,2667.0,,"[82.0, 69.0]",3888713.0,78.0,,,,-0.43140072,df1ab8fe-ee57-4d40-8503-643762285469,Right Foot,,"[94.6, 63.2]",,Ground Pass,,13.870832,,,,Carles Rexach i Cerdà,True,,,,,,2.0,From Counter,Manuel Tomé Portela,397777.0,Left Center Midfield,191.0,Barcelona,217.0,['26ce5e63-8e4a-4a0c-b9ae-0de25bcb42fd'],51.0,,,,,,,,,,,,,,,Barcelona,217.0,00:33:51.516,Pass,,La Liga,df1ab8fe-ee57-4d40-8503-643762285469,Set,La Liga,1973/1974
,,,,,,,,,,,,,,,2.194301,,,,,,,,,,,985e92a3-af65-46e2-8ada-9fbc8a987f83,1217,,"[90.1, 45.2]",3888713,34,,,,,,,,,,,,,,,,,,,,,,,1,Regular Play,Juan Carlos Pérez López,397771.0,Center Defensive Midfield,76,Barcelona,217,['6f130727-c76b-4a3b-af0a-c6601c9d28a1'],16,,Head,"[120.0, 34.6, 6.1]",,"[{'location': [104.7, 28.1], 'player': {'id': 39713, 'name': 'Johan Cruyff'}, 'position': {'id': 23, 'name': 'Center Forward'}, 'teammate': True}, {'location': [104.9, 25.6], 'player': {'id': 397760, 'name': 'Juan Morgado Dorado'}, 'position': {'id': 2, 'name': 'Right Back'}, 'teammate': False}, {'location': [93.0, 46.4], 'player': {'id': 397763, 'name': 'José Martínez Sánchez'}, 'position': {'id': 10, 'name': 'Center Defensive Midfield'}, 'teammate': False}, {'location': [86.6, 12.3], 'player': {'id': 397766, 'name': 'Amancio Amaro Varela'}, 'position': {'id': 23, 'name': 'Center Forward'}, 'teammate': False}, {'location': [88.4, 18.4], 'player': {'id': 397772, 'name': 'Marcial Manuel Pina Morales'}, 'position': {'id': 15, 'name': 'Left Center Midfield'}, 'teammate': True}, {'location': [87.1, 46.2], 'player': {'id': 397762, 'name': 'Manuel Velázquez Villaverde'}, 'position': {'id': 13, 'name': 'Right Center Midfield'}, 'teammate': False}, {'location': [108.4, 34.0], 'player': {'id': 397759, 'name': 'Gregorio Benito Rubio'}, 'position': {'id': 3, 'name': 'Right Center Back'}, 'teammate': False}, {'location': [108.4, 42.0], 'player': {'id': 397758, 'name': 'Benito Rubiñán Soutullo'}, 'position': {'id': 6, 'name': 'Left Back'}, 'teammate': False}, {'location': [105.1, 47.5], 'player': {'id': 397761, 'name': 'Ignacio Zoco Esparza'}, 'position': {'id': 5, 'name': 'Left Center Back'}, 'teammate': False}, {'location': [90.5, 31.1], 'player': {'id': 38624, 'name': 'Günter Netzer'}, 'position': {'id': 15, 'name': 'Left Center Midfield'}, 'teammate': False}, {'location': [106.5, 42.0], 'player': {'id': 397775, 'name': 'Carles Rexach i Cerdà'}, 'position': {'id': 17, 'name': 'Right Wing'}, 'teammate': True}, {'location': [106.9, 35.3], 'player': {'id': 397776, 'name': 'Hugo Alejandro Sotil Yerén'}, 'position': {'id': 21, 'name': 'Left Wing'}, 'teammate': True}, {'location': [106.5, 16.1], 'player': {'id': 397769, 'name': 'Jesus Antonio de la Cruz Gallego'}, 'position': {'id': 6, 'name': 'Left Back'}, 'teammate': True}, {'location': [104.3, 39.4], 'player': {'id': 397757, 'name': 'Mariano García Remón'}, 'position': {'id': 1, 'name': 'Goalkeeper'}, 'teammate': False}]",,,Off T,0.046619367,Normal,Open Play,,,,Barcelona,217,00:34:16.963,Shot,,La Liga,Ball Recovery,,,,,,,,,,,,,,,,,,,,,,,,,,,,,,,,,,,,,,,,,,,,,,,,,,,,,,,,,,,,,,,,,,,,,,,,,,,,,,,,,,,,,985e92a3-af65-46e2-8ada-9fbc8a987f83,Prone,La Liga,1973/1974
,,,,,,,,,,,,,,,0.872205,,,,,,,,,,,7454f8ab-eeea-489d-91fc-202484337888,1242,,"[108.0, 43.2]",3888713,34,,,,,,,,,,,,,,,,,,,,,,,1,Regular Play,Johan Cruyff,39713.0,Center Forward,78,Barcelona,217,['81cd4cdc-c0b4-4417-b089-a41af3de0083'],57,,Left Foot,"[120.0, 40.5, 0.0]",,"[{'location': [109.7, 38.6], 'player': {'id': 397776, 'name': 'Hugo Alejandro Sotil Yerén'}, 'position': {'id': 21, 'name': 'Left Wing'}, 'teammate': True}, {'location': [105.8, 44.3], 'player': {'id': 397758, 'name': 'Benito Rubiñán Soutullo'}, 'position': {'id': 6, 'name': 'Left Back'}, 'teammate': False}, {'location': [106.4, 41.1], 'player': {'id': 397761, 'name': 'Ignacio Zoco Esparza'}, 'position': {'id': 5, 'name': 'Left Center Back'}, 'teammate': False}, {'location': [108.2, 41.0], 'player': {'id': 397759, 'name': 'Gregorio Benito Rubio'}, 'position': {'id': 3, 'name': 'Right Center Back'}, 'teammate': False}, {'location': [108.4, 37.3], 'player': {'id': 397760, 'name': 'Juan Morgado Dorado'}, 'position': {'id': 2, 'name': 'Right Back'}, 'teammate': False}, {'location': [97.7, 30.3], 'player': {'id': 397763, 'name': 'José Martínez Sánchez'}, 'position': {'id': 10, 'name': 'Center Defensive Midfield'}, 'teammate': False}, {'location': [114.2, 40.2], 'player': {'id': 397757, 'name': 'Mariano García Remón'}, 'position': {'id': 1, 'name': 'Goalkeeper'}, 'teammate': False}]",1938a0f9-131f-41fb-a1d8-0ac195a181ce,,Goal,0.57870555,Normal,Open Play,,,,Barcelona,217,00:34:57.214,Shot,,La Liga,Dribble,,,,,,,,,,,,,,,,0.896586,,,,,,,,,,,1938a0f9-131f-41fb-a1d8-0ac195a181ce,1231.0,,"[90.6, 35.1]",3888713.0,34.0,,,,0.5743048,7454f8ab-eeea-489d-91fc-202484337888,Right Foot,,"[97.4, 39.5]",True,Ground Pass,,8.099382,,,,Johan Cruyff,,,,,,,1.0,Regular Play,Hugo Alejandro Sotil Yerén,397776.0,Left Wing,78.0,Barcelona,217.0,['f1d74f7b-3874-4026-b8fa-0b2051779a2a'],53.0,,,,,,,,,,,,,,,Barcelona,217.0,00:34:53.118,Pass,,La Liga,7454f8ab-eeea-489d-91fc-202484337888,Set,La Liga,1973/1974
,,,,,,,,,,,,,,,0.357364,,,,,,,,,,,666844bc-21dd-4b4c-958b-2feed9bb4077,1315,,"[106.9, 40.5]",3888713,37,,,,,,,,,,,,,,,,,,,,,,,1,From Throw In,Manuel Velázquez Villaverde,397762.0,Right Center Midfield,82,Real Madrid,220,"['18ea92d9-678d-492c-a7cc-232f3558f616', '424ce25f-f4a3-4497-97b4-6caf73054d50', '855157e9-ed8b-46f4-95d7-8d930a101030']",19,,Left Foot,"[110.1, 40.1]",,"[{'location': [108.1, 33.1], 'player': {'id': 397770, 'name': 'Joaquim Rifé Climent'}, 'position': {'id': 2, 'name': 'Right Back'}, 'teammate': False}, {'location': [106.9, 38.1], 'player': {'id': 397771, 'name': 'Juan Carlos Pérez López'}, 'position': {'id': 10, 'name': 'Center Defensive Midfield'}, 'teammate': False}, {'location': [112.1, 37.8], 'player': {'id': 397768, 'name': 'Antonio Torres García'}, 'position': {'id': 3, 'name': 'Right Center Back'}, 'teammate': False}, {'location': [109.3, 40.3], 'player': {'id': 397772, 'name': 'Marcial Manuel Pina Morales'}, 'position': {'id': 15, 'name': 'Left Center Midfield'}, 'teammate': False}, {'location': [107.8, 42.2], 'player': {'id': 397769, 'name': 'Jesus Antonio de la Cruz Gallego'}, 'position': {'id': 6, 'name': 'Left Back'}, 'teammate': False}, {'location': [100.9, 49.4], 'player': {'id': 397774, 'name': 'Juan Manuel Asensi Ripoll'}, 'position': {'id': 13, 'name': 'Right Center Midfield'}, 'teammate': False}, {'location': [101.3, 39.5], 'player': {'id': 397773, 'name': 'Enrique Álvarez Costas'}, 'position': {'id': 5, 'name': 'Left Center Back'}, 'teammate': False}, {'location': [119.0, 39.3], 'player': {'id': 397767, 'name': 'Pere Valentí Mora Mariné'}, 'position': {'id': 1, 'name': 'Goalkeeper'}, 'teammate': False}, {'location': [111.2, 31.1], 'player': {'id': 397764, 'name': 'José Macanás Pérez'}, 'position': {'id': 21, 'name': 'Left Wing'}, 'teammate': True}, {'location': [104.7, 57.3], 'player': {'id': 397765, 'name': 'Francisco Javier Aguilar García'}, 'position': {'id': 17, 'name': 'Right Wing'}, 'teammate': True}, {'location': [112.6, 39.4], 'player': {'id': 397766, 'name': 'Amancio Amaro Varela'}, 'position': {'id': 23, 'name': 'Center Forward'}, 'teammate': True}]",,,Blocked,0.09167299,Normal,Open Play,,,,Real Madrid,220,00:37:19.863,Shot,True,La Liga,Pressure,,,,,,,,,,,,,,,,,,,,,,,,,,,,,,,,,,,,,,,,,,,,,,,,,,,,,,,,,,,,,,,,,,,,,,,,,,,,,,,,,,,,,666844bc-21dd-4b4c-958b-2feed9bb4077,Set,La Liga,1973/1974
,,,,,,,,,,,,,,,0.219542,,,,,,,,,,,f088448a-d036-4443-b78b-d6672a09797e,1319,,"[104.6, 33.5]",3888713,37,,,,,,,,,,,,,,,,,,,,,,,1,From Throw In,José Martínez Sánchez,397763.0,Center Defensive Midfield,82,Real Madrid,220,"['18c191cb-943e-42cb-aaf1-5afeffa2b60c', '67cc49aa-69cf-43eb-92bb-ad2df73d98f0']",22,,Right Foot,"[107.0, 34.2]",True,"[{'location': [106.7, 28.4], 'player': {'id': 397770, 'name': 'Joaquim Rifé Climent'}, 'position': {'id': 2, 'name': 'Right Back'}, 'teammate': False}, {'location': [110.5, 33.6], 'player': {'id': 397772, 'name': 'Marcial Manuel Pina Morales'}, 'position': {'id': 15, 'name': 'Left Center Midfield'}, 'teammate': False}, {'location': [112.9, 40.6], 'player': {'id': 397769, 'name': 'Jesus Antonio de la Cruz Gallego'}, 'position': {'id': 6, 'name': 'Left Back'}, 'teammate': False}, {'location': [109.9, 35.7], 'player': {'id': 397768, 'name': 'Antonio Torres García'}, 'position': {'id': 3, 'name': 'Right Center Back'}, 'teammate': False}, {'location': [106.9, 38.7], 'player': {'id': 397773, 'name': 'Enrique Álvarez Costas'}, 'position': {'id': 5, 'name': 'Left Center Back'}, 'teammate': False}, {'location': [119.0, 39.6], 'player': {'id': 397767, 'name': 'Pere Valentí Mora Mariné'}, 'position': {'id': 1, 'name': 'Goalkeeper'}, 'teammate': False}, {'location': [100.7, 48.5], 'player': {'id': 397774, 'name': 'Juan Manuel Asensi Ripoll'}, 'position': {'id': 13, 'name': 'Right Center Midfield'}, 'teammate': False}, {'location': [107.1, 34.4], 'player': {'id': 397771, 'name': 'Juan Carlos Pérez López'}, 'position': {'id': 10, 'name': 'Center Defensive Midfield'}, 'teammate': False}, {'location': [109.6, 28.2], 'player': {'id': 397764, 'name': 'José Macanás Pérez'}, 'position': {'id': 21, 'name': 'Left Wing'}, 'teammate': True}, {'location': [109.5, 48.7], 'player': {'id': 38624, 'name': 'Günter Netzer'}, 'position': {'id': 15, 'name': 'Left Center Midfield'}, 'teammate': True}, {'location': [104.6, 51.8], 'player': {'id': 397765, 'name': 'Francisco Javier Aguilar García'}, 'position': {'id': 17, 'name': 'Right Wing'}, 'teammate': True}, {'location': [113.1, 38.9], 'player': {'id': 397766, 'name': 'Amancio Amaro Varela'}, 'position': {'id': 23, 'name': 'Center Forward'}, 'teammate': True}, {'location': [104.9, 35.8], 'player': {'id': 397762, 'name': 'Manuel Velázquez Villaverde'}, 'position': {'id': 13, 'name': 'Right Center Midfield'}, 'teammate': True}]",,,Blocked,0.07310458,Normal,Open Play,,,,Real Madrid,220,00:37:22.280,Shot,,La Liga,Ball Recovery,,,,,,,,,,,,,,,,,,,,,,,,,,,,,,,,,,,,,,,,,,,,,,,,,,,,,,,,,,,,,,,,,,,,,,,,,,,,,,,,,,,,,f088448a-d036-4443-b78b-d6672a09797e,Set,La Liga,1973/1974
,,,,,,,,,,,,,,,1.314978,,,,,,,,,,,2d92d29a-1c42-4819-8620-d2c3b819e8fc,1428,,"[109.4, 19.6]",3888713,40,,,,,,,,,,,,,,,,,,,,,,,1,From Throw In,José Martínez Sánchez,397763.0,Center Defensive Midfield,92,Real Madrid,220,['fef90aff-8ffa-4413-a324-4d32a493ad20'],17,,Right Foot,"[119.5, 36.6, 1.1]",True,"[{'location': [100.3, 60.5], 'player': {'id': 397766, 'name': 'Amancio Amaro Varela'}, 'position': {'id': 23, 'name': 'Center Forward'}, 'teammate': True}, {'location': [105.2, 55.2], 'player': {'id': 397769, 'name': 'Jesus Antonio de la Cruz Gallego'}, 'position': {'id': 6, 'name': 'Left Back'}, 'teammate': False}, {'location': [119.0, 37.8], 'player': {'id': 397767, 'name': 'Pere Valentí Mora Mariné'}, 'position': {'id': 1, 'name': 'Goalkeeper'}, 'teammate': False}, {'location': [110.8, 38.5], 'player': {'id': 397768, 'name': 'Antonio Torres García'}, 'position': {'id': 3, 'name': 'Right Center Back'}, 'teammate': False}, {'location': [101.8, 47.0], 'player': {'id': 397773, 'name': 'Enrique Álvarez Costas'}, 'position': {'id': 5, 'name': 'Left Center Back'}, 'teammate': False}, {'location': [105.6, 23.3], 'player': {'id': 397774, 'name': 'Juan Manuel Asensi Ripoll'}, 'position': {'id': 13, 'name': 'Right Center Midfield'}, 'teammate': False}, {'location': [107.0, 20.0], 'player': {'id': 397770, 'name': 'Joaquim Rifé Climent'}, 'position': {'id': 2, 'name': 'Right Back'}, 'teammate': False}, {'location': [101.6, 39.2], 'player': {'id': 397762, 'name': 'Manuel Velázquez Villaverde'}, 'position': {'id': 13, 'name': 'Right Center Midfield'}, 'teammate': True}]",ed41b646-364f-43fb-af37-b2c9b9a96375,,Saved,0.00907803,Half Volley,Open Play,,,,Real Madrid,220,00:40:17.440,Shot,,La Liga,Pressure,,,,,,,,,,,,,,,,2.891596,,,,,,,,,,,ed41b646-364f-43fb-af37-b2c9b9a96375,1425.0,,"[66.0, 37.9]",3888713.0,40.0,,,,-0.3990374,2d92d29a-1c42-4819-8620-d2c3b819e8fc,Right Foot,,"[109.4, 19.6]",,High Pass,,47.100426,,,,José Martínez Sánchez,True,,,,,,1.0,From Throw In,Günter Netzer,38624.0,Left Center Midfield,92.0,Real Madrid,220.0,['c4e1c4be-37ff-4edd-aa44-50ebad4a5b18'],14.0,,,,,,,,,,,,,,,Real Madrid,220.0,00:40:14.548,Pass,,La Liga,2d92d29a-1c42-4819-8620-d2c3b819e8fc,Set,La Liga,1973/1974
,,,,,,,,,,,,,,,0.361332,,,,,,,,,,,d3c824f4-c9fc-40fb-8997-9377a8407ad2,2894,,"[106.9, 29.2]",3888713,86,,,,,,,,,,,,,,,,,,,,,,,2,From Throw In,Juan Manuel Asensi Ripoll,397774.0,Right Center Midfield,204,Barcelona,217,"['8265cb1e-9429-4e47-9152-0625455535b9', 'd05a1233-2d99-4189-a109-9f9fe8ac9c7f']",6,,Left Foot,"[111.4, 33.0]",True,"[{'location': [109.1, 44.1], 'player': {'id': 39713, 'name': 'Johan Cruyff'}, 'position': {'id': 23, 'name': 'Center Forward'}, 'teammate': True}, {'location': [119.0, 39.6], 'player': {'id': 397757, 'name': 'Mariano García Remón'}, 'position': {'id': 1, 'name': 'Goalkeeper'}, 'teammate': False}, {'location': [111.2, 32.7], 'player': {'id': 397759, 'name': 'Gregorio Benito Rubio'}, 'position': {'id': 3, 'name': 'Right Center Back'}, 'teammate': False}, {'location': [107.1, 22.8], 'player': {'id': 397758, 'name': 'Benito Rubiñán Soutullo'}, 'position': {'id': 6, 'name': 'Left Back'}, 'teammate': False}, {'location': [113.0, 20.8], 'player': {'id': 397760, 'name': 'Juan Morgado Dorado'}, 'position': {'id': 2, 'name': 'Right Back'}, 'teammate': False}, {'location': [116.3, 28.7], 'player': {'id': 397763, 'name': 'José Martínez Sánchez'}, 'position': {'id': 10, 'name': 'Center Defensive Midfield'}, 'teammate': False}, {'location': [118.3, 20.1], 'player': {'id': 397776, 'name': 'Hugo Alejandro Sotil Yerén'}, 'position': {'id': 21, 'name': 'Left Wing'}, 'teammate': True}, {'location': [103.9, 40.2], 'player': {'id': 397761, 'name': 'Ignacio Zoco Esparza'}, 'position': {'id': 5, 'name': 'Left Center Back'}, 'teammate': False}]",a14162e7-22f2-4ef5-9431-58e17fa52ee7,,Blocked,0.10613913,Normal,Open Play,,,,Barcelona,217,00:41:06.560,Shot,,La Liga,Foul Won,,,,,,,,,,,,,,,,1.015956,,,,,,,,,,,a14162e7-22f2-4ef5-9431-58e17fa52ee7,2892.0,,"[112.3, 17.9]",3888713.0,86.0,,,,2.0165887,d3c824f4-c9fc-40fb-8997-9377a8407ad2,Left Foot,,"[106.9, 29.2]",,Ground Pass,,12.523977,,,,Juan Manuel Asensi Ripoll,True,,,,,,2.0,From Throw In,Manuel Tomé Portela,397777.0,Left Center Midfield,204.0,Barcelona,217.0,['7ccb225c-160b-44e6-b548-fa175a064461'],5.0,,,,,,,,,,,,,,,Barcelona,217.0,00:41:05.544,Pass,,La Liga,d3c824f4-c9fc-40fb-8997-9377a8407ad2,Set,La Liga,1973/1974
,,,,,,,,,,,,,,,0.202476,,,,,,,,,,,7b3a4d12-08f6-4337-9000-a4303d9525cb,2911,,"[100.2, 49.9]",3888713,86,,,,,,,,,,,,,,,,,,,,,,,2,From Throw In,Johan Cruyff,39713.0,Center Forward,205,Barcelona,217,"['787bfa09-70f2-4030-a904-a8dcd7a95125', '9d78675e-2834-4a8a-b53d-78926520b53e']",34,,Right Foot,"[103.1, 47.9]",,"[{'location': [88.5, 63.6], 'player': {'id': 397774, 'name': 'Juan Manuel Asensi Ripoll'}, 'position': {'id': 13, 'name': 'Right Center Midfield'}, 'teammate': True}, {'location': [88.4, 54.3], 'player': {'id': 397764, 'name': 'José Macanás Pérez'}, 'position': {'id': 21, 'name': 'Left Wing'}, 'teammate': False}, {'location': [106.6, 53.6], 'player': {'id': 397761, 'name': 'Ignacio Zoco Esparza'}, 'position': {'id': 5, 'name': 'Left Center Back'}, 'teammate': False}, {'location': [103.2, 47.9], 'player': {'id': 397759, 'name': 'Gregorio Benito Rubio'}, 'position': {'id': 3, 'name': 'Right Center Back'}, 'teammate': False}, {'location': [102.8, 45.9], 'player': {'id': 397758, 'name': 'Benito Rubiñán Soutullo'}, 'position': {'id': 6, 'name': 'Left Back'}, 'teammate': False}, {'location': [103.2, 31.3], 'player': {'id': 397760, 'name': 'Juan Morgado Dorado'}, 'position': {'id': 2, 'name': 'Right Back'}, 'teammate': False}, {'location': [98.7, 48.5], 'player': {'id': 397763, 'name': 'José Martínez Sánchez'}, 'position': {'id': 10, 'name': 'Center Defensive Midfield'}, 'teammate': False}, {'location': [118.6, 39.9], 'player': {'id': 397757, 'name': 'Mariano García Remón'}, 'position': {'id': 1, 'name': 'Goalkeeper'}, 'teammate': False}, {'location': [106.6, 35.4], 'player': {'id': 397777, 'name': 'Manuel Tomé Portela'}, 'position': {'id': 15, 'name': 'Left Center Midfield'}, 'teammate': True}, {'location': [102.8, 30.0], 'player': {'id': 397776, 'name': 'Hugo Alejandro Sotil Yerén'}, 'position': {'id': 21, 'name': 'Left Wing'}, 'teammate': True}, {'location': [108.1, 51.1], 'player': {'id': 397775, 'name': 'Carles Rexach i Cerdà'}, 'position': {'id': 17, 'name': 'Right Wing'}, 'teammate': True}]",97e217bd-a841-4c6a-bf1c-951ba01f1a19,,Blocked,0.044296782,Half Volley,Open Play,,,,Barcelona,217,00:41:34.666,Shot,,La Liga,Ball Receipt*,,,,,,,,,,,,,,,,1.21497,,,,,,,,,,,97e217bd-a841-4c6a-bf1c-951ba01f1a19,2908.0,,"[97.9, 62.3]",3888713.0,86.0,,,,-2.070143,7b3a4d12-08f6-4337-9000-a4303d9525cb,Right Foot,,"[93.1, 53.5]",,Ground Pass,,10.023972,,,,Johan Cruyff,True,,,,,,2.0,From Throw In,Carles Rexach i Cerdà,397775.0,Right Wing,205.0,Barcelona,217.0,['8d9f9590-47bd-4751-b298-d4e1d428f93b'],32.0,,,,,,,,,,,,,,,Barcelona,217.0,00:41:32.715,Pass,,La Liga,7b3a4d12-08f6-4337-9000-a4303d9525cb,Set,La Liga,1973/1974
