50_50_shot,bad_behaviour_card_shot,ball_receipt_outcome_shot,ball_recovery_offensive_shot,ball_recovery_recovery_failure_shot,block_deflection_shot,block_offensive_shot,carry_end_location_shot,clearance_aerial_won_shot,clearance_body_part_shot,clearance_head_shot,clearance_left_foot_shot,clearance_right_foot_shot,counterpress_shot,dribble_nutmeg_shot,dribble_outcome_shot,dribble_overrun_shot,duel_outcome_shot,duel_type_shot,duration_shot,foul_committed_advantage_shot,foul_committed_card_shot,foul_committed_offensive_shot,foul_committed_type_shot,foul_won_advantage_shot,foul_won_defensive_shot,goalkeeper_body_part_shot,goalkeeper_end_location_shot,goalkeeper_outcome_shot,goalkeeper_position_shot,goalkeeper_technique_shot,goalkeeper_type_shot,half_start_late_video_start_shot,id_shot,index_shot,injury_stoppage_in_chain_shot,interception_outcome_shot,location_shot,match_id_shot,minute_shot,off_camera_shot,out_shot,pass_aerial_won_shot,pass_angle_shot,pass_assisted_shot_id_shot,pass_body_part_shot,pass_cross_shot,pass_end_location_shot,pass_goal_assist_shot,pass_height_shot,pass_inswinging_shot,pass_length_shot,pass_outcome_shot,pass_outswinging_shot,pass_recipient_shot,pass_shot_assist_shot,pass_straight_shot,pass_switch_shot,pass_technique_shot,pass_through_ball_shot,pass_type_shot,period_shot,play_pattern_shot,player_shot,player_id_shot,position_shot,possession_shot,possession_team_shot,possession_team_id_shot,related_events_shot,second_shot,shot_aerial_won_shot,shot_body_part_shot,shot_end_location_shot,shot_first_time_shot,shot_freeze_frame_shot,shot_key_pass_id_shot,shot_one_on_one_shot,shot_outcome_shot,shot_redirect_shot,shot_statsbomb_xg_shot,shot_technique_shot,shot_type_shot,substitution_outcome_shot,substitution_replacement_shot,tactics_shot,team_shot,team_id_shot,timestamp_shot,type_shot,under_pressure_shot,comp_shot,play_before_type,50_50_pass,bad_behaviour_card_pass,ball_receipt_outcome_pass,ball_recovery_offensive_pass,ball_recovery_recovery_failure_pass,block_deflection_pass,block_offensive_pass,carry_end_location_pass,clearance_aerial_won_pass,clearance_body_part_pass,clearance_head_pass,clearance_left_foot_pass,clearance_right_foot_pass,counterpress_pass,dribble_nutmeg_pass,dribble_outcome_pass,dribble_overrun_pass,duel_outcome_pass,duel_type_pass,duration_pass,foul_committed_advantage_pass,foul_committed_card_pass,foul_committed_offensive_pass,foul_committed_type_pass,foul_won_advantage_pass,foul_won_defensive_pass,goalkeeper_body_part_pass,goalkeeper_end_location_pass,goalkeeper_outcome_pass,goalkeeper_position_pass,goalkeeper_technique_pass,goalkeeper_type_pass,half_start_late_video_start_pass,id_pass,index_pass,injury_stoppage_in_chain_pass,interception_outcome_pass,location_pass,match_id_pass,minute_pass,off_camera_pass,out_pass,pass_aerial_won_pass,pass_angle_pass,pass_assisted_shot_id_pass,pass_body_part_pass,pass_cross_pass,pass_end_location_pass,pass_goal_assist_pass,pass_height_pass,pass_inswinging_pass,pass_length_pass,pass_outcome_pass,pass_outswinging_pass,pass_recipient_pass,pass_shot_assist_pass,pass_straight_pass,pass_switch_pass,pass_technique_pass,pass_through_ball_pass,pass_type_pass,period_pass,play_pattern_pass,player_pass,player_id_pass,position_pass,possession_pass,possession_team_pass,possession_team_id_pass,related_events_pass,second_pass,shot_aerial_won_pass,shot_body_part_pass,shot_end_location_pass,shot_first_time_pass,shot_freeze_frame_pass,shot_key_pass_id_pass,shot_one_on_one_pass,shot_outcome_pass,shot_redirect_pass,shot_statsbomb_xg_pass,shot_technique_pass,shot_type_pass,substitution_outcome_pass,substitution_replacement_pass,tactics_pass,team_pass,team_id_pass,timestamp_pass,type_pass,under_pressure_pass,comp_pass,shot_event,goalkeeper_position,league,season
,,,,,,,,,,,,,,,,,,,0.689424,,,,,,,,,,,,,,721ca8f7-31ae-4623-ba91-8c3611d9c7ee,37,,,"[107.1, 50.4]",3889182,0,,,,,,,,,,,,,,,,,,,,,,1,From Corner,Nicola Caricola,398843.0,Center Back,5,Juventus,224,"['6aabf429-9dd7-4d28-8f41-02e3a848231f', 'dbbfcd22-9daf-4152-92e9-b2765926de04']",57,,Head,"[114.7, 39.6]",,"[{'location': [99.1, 31.7], 'player': {'id': 39953, 'name': 'Bruno Giordano'}, 'position': {'id': 23, 'name': 'Center Forward'}, 'teammate': False}, {'location': [115.6, 34.6], 'player': {'id': 15008, 'name': 'Michael Laudrup'}, 'position': {'id': 24, 'name': 'Left Center Forward'}, 'teammate': True}, {'location': [114.7, 38.8], 'player': {'id': 398845, 'name': 'Lionello Manfredonia'}, 'position': {'id': 15, 'name': 'Left Center Midfield'}, 'teammate': True}, {'location': [114.8, 36.9], 'player': {'id': 398844, 'name': 'Antonio Cabrini'}, 'position': {'id': 8, 'name': 'Left Wing Back'}, 'teammate': True}, {'location': [115.9, 45.7], 'player': {'id': 398842, 'name': 'Aldo Serena'}, 'position': {'id': 22, 'name': 'Right Center Forward'}, 'teammate': True}, {'location': [119.2, 42.8], 'player': {'id': 398849, 'name': 'Luciano Sola'}, 'position': {'id': 8, 'name': 'Left Wing Back'}, 'teammate': False}, {'location': [119.1, 38.7], 'player': {'id': 39954, 'name': 'Francesco Romano'}, 'position': {'id': 15, 'name': 'Left Center Midfield'}, 'teammate': False}, {'location': [108.1, 37.1], 'player': {'id': 38641, 'name': 'Diego Armando Maradona'}, 'position': {'id': 19, 'name': 'Center Attacking Midfield'}, 'teammate': False}, {'location': [108.6, 38.5], 'player': {'id': 398841, 'name': 'Massimo Bonini'}, 'position': {'id': 10, 'name': 'Center Defensive Midfield'}, 'teammate': True}, {'location': [116.3, 49.4], 'player': {'id': 39947, 'name': 'Giuseppe Bruscolotti'}, 'position': {'id': 5, 'name': 'Left Center Back'}, 'teammate': False}, {'location': [113.3, 42.3], 'player': {'id': 39944, 'name': 'Moreno Ferrario'}, 'position': {'id': 10, 'name': 'Center Defensive Midfield'}, 'teammate': False}, {'location': [114.8, 42.5], 'player': {'id': 39943, 'name': 'Claudio Garella'}, 'position': {'id': 1, 'name': 'Goalkeeper'}, 'teammate': False}, {'location': [114.7, 44.9], 'player': {'id': 39952, 'name': 'Salvatore Bagni'}, 'position': {'id': 13, 'name': 'Right Center Midfield'}, 'teammate': False}, {'location': [111.7, 49.7], 'player': {'id': 19624, 'name': 'Ciro Ferrara'}, 'position': {'id': 3, 'name': 'Right Center Back'}, 'teammate': False}, {'location': [113.5, 36.5], 'player': {'id': 39846, 'name': 'Fernando De Napoli'}, 'position': {'id': 7, 'name': 'Right Wing Back'}, 'teammate': False}]",,,Blocked,,0.037944492,Normal,Open Play,,,,Juventus,224,00:00:57.378,Shot,,Serie A,Ball Recovery,,,,,,,,,,,,,,,,,,,,,,,,,,,,,,,,,,,,,,,,,,,,,,,,,,,,,,,,,,,,,,,,,,,,,,,,,,,,,,,,,,,,,,,,,,,,,721ca8f7-31ae-4623-ba91-8c3611d9c7ee,Moving,Serie A,1986/1987
,,,,,,,,,,,,,,,,,,,1.040884,,,,,,,,,,,,,,12394917-dff6-404c-852b-9dae7fdd47cb,40,,,"[115.0, 39.8]",3889182,0,,,,,,,,,,,,,,,,,,,,,,1,From Corner,Lionello Manfredonia,398845.0,Left Center Midfield,5,Juventus,224,['5a6ddc9d-1762-41f6-a6d5-f054acbf8025'],58,,Head,"[120.0, 44.2, 1.9]",,"[{'location': [117.5, 43.3], 'player': {'id': 398842, 'name': 'Aldo Serena'}, 'position': {'id': 22, 'name': 'Right Center Forward'}, 'teammate': True}, {'location': [107.2, 52.1], 'player': {'id': 398843, 'name': 'Nicola Caricola'}, 'position': {'id': 4, 'name': 'Center Back'}, 'teammate': True}, {'location': [110.7, 54.0], 'player': {'id': 19624, 'name': 'Ciro Ferrara'}, 'position': {'id': 3, 'name': 'Right Center Back'}, 'teammate': False}, {'location': [115.4, 49.2], 'player': {'id': 39947, 'name': 'Giuseppe Bruscolotti'}, 'position': {'id': 5, 'name': 'Left Center Back'}, 'teammate': False}, {'location': [107.0, 39.9], 'player': {'id': 398841, 'name': 'Massimo Bonini'}, 'position': {'id': 10, 'name': 'Center Defensive Midfield'}, 'teammate': True}, {'location': [106.3, 36.9], 'player': {'id': 38641, 'name': 'Diego Armando Maradona'}, 'position': {'id': 19, 'name': 'Center Attacking Midfield'}, 'teammate': False}, {'location': [114.5, 46.0], 'player': {'id': 39817, 'name': 'Alessandro Renica'}, 'position': {'id': 4, 'name': 'Center Back'}, 'teammate': False}, {'location': [118.9, 43.7], 'player': {'id': 398849, 'name': 'Luciano Sola'}, 'position': {'id': 8, 'name': 'Left Wing Back'}, 'teammate': False}, {'location': [115.2, 35.8], 'player': {'id': 15008, 'name': 'Michael Laudrup'}, 'position': {'id': 24, 'name': 'Left Center Forward'}, 'teammate': True}, {'location': [115.0, 37.7], 'player': {'id': 398844, 'name': 'Antonio Cabrini'}, 'position': {'id': 8, 'name': 'Left Wing Back'}, 'teammate': True}, {'location': [114.6, 42.4], 'player': {'id': 39943, 'name': 'Claudio Garella'}, 'position': {'id': 1, 'name': 'Goalkeeper'}, 'teammate': False}, {'location': [112.1, 50.3], 'player': {'id': 39952, 'name': 'Salvatore Bagni'}, 'position': {'id': 13, 'name': 'Right Center Midfield'}, 'teammate': False}, {'location': [113.6, 36.5], 'player': {'id': 39846, 'name': 'Fernando De Napoli'}, 'position': {'id': 7, 'name': 'Right Wing Back'}, 'teammate': False}, {'location': [119.2, 38.5], 'player': {'id': 39954, 'name': 'Francesco Romano'}, 'position': {'id': 15, 'name': 'Left Center Midfield'}, 'teammate': False}, {'location': [113.4, 40.6], 'player': {'id': 39944, 'name': 'Moreno Ferrario'}, 'position': {'id': 10, 'name': 'Center Defensive Midfield'}, 'teammate': False}]",,,Post,True,0.5074084,Normal,Open Play,,,,Juventus,224,00:00:58.119,Shot,,Serie A,Block,,,,,,,,,,,,,,,,,,,,,,,,,,,,,,,,,,,,,,,,,,,,,,,,,,,,,,,,,,,,,,,,,,,,,,,,,,,,,,,,,,,,,,,,,,,,,12394917-dff6-404c-852b-9dae7fdd47cb,Moving,Serie A,1986/1987
,,,,,,,,,,,,,,,,,,,0.727491,,,,,,,,,,,,,,0441213d-7914-4d36-b9a5-2320fa5af92b,1592,,,"[108.8, 33.6]",3889182,46,,,,,,,,,,,,,,,,,,,,,,2,From Free Kick,Antonio Cabrini,398844.0,Left Wing Back,110,Juventus,224,"['0fb6778b-641f-428d-a6e9-2acb442a8572', '114ebd74-1a81-4774-862e-a4dafa945b9c']",27,True,Head,"[117.9, 37.4, 1.3]",,"[{'location': [99.8, 53.8], 'player': {'id': 39846, 'name': 'Fernando De Napoli'}, 'position': {'id': 8, 'name': 'Left Wing Back'}, 'teammate': False}, {'location': [107.6, 33.7], 'player': {'id': 39952, 'name': 'Salvatore Bagni'}, 'position': {'id': 13, 'name': 'Right Center Midfield'}, 'teammate': False}, {'location': [100.7, 61.6], 'player': {'id': 39832, 'name': 'Massimo Mauro'}, 'position': {'id': 7, 'name': 'Right Wing Back'}, 'teammate': True}, {'location': [106.8, 42.9], 'player': {'id': 15008, 'name': 'Michael Laudrup'}, 'position': {'id': 24, 'name': 'Left Center Forward'}, 'teammate': True}, {'location': [108.7, 36.0], 'player': {'id': 398842, 'name': 'Aldo Serena'}, 'position': {'id': 22, 'name': 'Right Center Forward'}, 'teammate': True}, {'location': [108.1, 38.9], 'player': {'id': 19624, 'name': 'Ciro Ferrara'}, 'position': {'id': 3, 'name': 'Right Center Back'}, 'teammate': False}, {'location': [109.9, 36.1], 'player': {'id': 39817, 'name': 'Alessandro Renica'}, 'position': {'id': 4, 'name': 'Center Back'}, 'teammate': False}, {'location': [104.7, 56.0], 'player': {'id': 39954, 'name': 'Francesco Romano'}, 'position': {'id': 15, 'name': 'Left Center Midfield'}, 'teammate': False}, {'location': [107.2, 44.2], 'player': {'id': 398849, 'name': 'Luciano Sola'}, 'position': {'id': 7, 'name': 'Right Wing Back'}, 'teammate': False}, {'location': [107.6, 40.5], 'player': {'id': 39947, 'name': 'Giuseppe Bruscolotti'}, 'position': {'id': 5, 'name': 'Left Center Back'}, 'teammate': False}, {'location': [97.5, 59.8], 'player': {'id': 38641, 'name': 'Diego Armando Maradona'}, 'position': {'id': 19, 'name': 'Center Attacking Midfield'}, 'teammate': False}, {'location': [118.8, 37.0], 'player': {'id': 39943, 'name': 'Claudio Garella'}, 'position': {'id': 1, 'name': 'Goalkeeper'}, 'teammate': False}, {'location': [106.8, 32.1], 'player': {'id': 39944, 'name': 'Moreno Ferrario'}, 'position': {'id': 10, 'name': 'Center Defensive Midfield'}, 'teammate': False}]",42bf27c1-f12c-40f5-9930-761e45d89c61,,Saved,,0.060990527,Normal,Open Play,,,,Juventus,224,00:01:27.948,Shot,True,Serie A,Duel,,,,,,,,,,,,,,,,,,,,1.953467,,,,,,,,,,,,,,42bf27c1-f12c-40f5-9930-761e45d89c61,1589.0,,,"[91.9, 69.6]",3889182.0,46.0,,,,-1.1318905,0441213d-7914-4d36-b9a5-2320fa5af92b,Right Foot,True,"[108.8, 33.6]",,High Pass,,39.76946,,,Antonio Cabrini,True,,,,,Free Kick,2.0,From Free Kick,Michel Platini,398840.0,Right Center Midfield,110.0,Juventus,224.0,['3c700e0f-08b8-4f58-adcc-9158feb6932a'],25.0,,,,,,,,,,,,,,,,Juventus,224.0,00:01:25.963,Pass,,Serie A,0441213d-7914-4d36-b9a5-2320fa5af92b,Set,Serie A,1986/1987
,,,,,,,,,,,,,,,,,,,0.575172,,,,,,,,,,,,,,67c68c0a-ab00-4e15-a906-090a01d39d0b,1609,,,"[112.3, 56.9]",3889182,46,,,,,,,,,,,,,,,,,,,,,,2,Regular Play,Bruno Giordano,39953.0,Center Forward,113,Napoli,227,['6c040288-25fb-4f59-b11b-2d9a96f55ba6'],59,,Right Foot,"[120.0, 34.1, 6.7]",True,"[{'location': [118.1, 42.0], 'player': {'id': 39825, 'name': 'Stefano Tacconi'}, 'position': {'id': 1, 'name': 'Goalkeeper'}, 'teammate': False}, {'location': [111.9, 54.5], 'player': {'id': 39823, 'name': 'Sergio Brio'}, 'position': {'id': 5, 'name': 'Left Center Back'}, 'teammate': False}, {'location': [96.1, 29.0], 'player': {'id': 40028, 'name': 'Luciano Favero'}, 'position': {'id': 3, 'name': 'Right Center Back'}, 'teammate': False}, {'location': [109.7, 41.9], 'player': {'id': 398843, 'name': 'Nicola Caricola'}, 'position': {'id': 4, 'name': 'Center Back'}, 'teammate': False}]",524ad968-363a-49df-90b2-ab98b1328585,,Off T,,0.014790597,Half Volley,Open Play,,,,Napoli,227,00:01:59.386,Shot,,Serie A,Ball Receipt*,,,,,,,,,,,,,,,,,,,,3.315721,,,,,,,,,,,,,,524ad968-363a-49df-90b2-ab98b1328585,1607.0,,,"[68.4, 8.5]",3889182.0,46.0,,,,0.83411366,67c68c0a-ab00-4e15-a906-090a01d39d0b,Left Foot,,"[112.3, 56.9]",,High Pass,,65.343475,,,Bruno Giordano,True,,True,,,,2.0,Regular Play,Diego Armando Maradona,38641.0,Center Attacking Midfield,113.0,Napoli,227.0,['d67efc72-79ce-4d53-a354-addce0745a19'],55.0,,,,,,,,,,,,,,,,Napoli,227.0,00:01:55.984,Pass,,Serie A,67c68c0a-ab00-4e15-a906-090a01d39d0b,Set,Serie A,1986/1987
,,,,,,,,,,,,,,,,,,,0.529932,,,,,,,,,,,,,,85982cbf-ee0a-4812-8fa6-570c3284f5c6,1766,,,"[114.3, 39.3]",3889182,49,,,,,,,,,,,,,,,,,,,,,,2,Regular Play,Michael Laudrup,15008.0,Left Center Forward,123,Juventus,224,['d09c4bba-f716-4f39-ab78-e0c926aba737'],58,,Right Foot,"[120.0, 39.6, 1.1]",True,"[{'location': [117.3, 44.0], 'player': {'id': 398842, 'name': 'Aldo Serena'}, 'position': {'id': 22, 'name': 'Right Center Forward'}, 'teammate': True}, {'location': [116.3, 42.5], 'player': {'id': 19624, 'name': 'Ciro Ferrara'}, 'position': {'id': 3, 'name': 'Right Center Back'}, 'teammate': False}, {'location': [116.2, 39.1], 'player': {'id': 39943, 'name': 'Claudio Garella'}, 'position': {'id': 1, 'name': 'Goalkeeper'}, 'teammate': False}, {'location': [112.9, 43.0], 'player': {'id': 398849, 'name': 'Luciano Sola'}, 'position': {'id': 7, 'name': 'Right Wing Back'}, 'teammate': False}, {'location': [110.2, 38.3], 'player': {'id': 39947, 'name': 'Giuseppe Bruscolotti'}, 'position': {'id': 5, 'name': 'Left Center Back'}, 'teammate': False}, {'location': [115.1, 36.8], 'player': {'id': 39817, 'name': 'Alessandro Renica'}, 'position': {'id': 4, 'name': 'Center Back'}, 'teammate': False}, {'location': [112.0, 31.2], 'player': {'id': 39944, 'name': 'Moreno Ferrario'}, 'position': {'id': 10, 'name': 'Center Defensive Midfield'}, 'teammate': False}]",,,Goal,,0.3444291,Volley,Open Play,,,,Juventus,224,00:04:58.654,Shot,,Serie A,Ball Recovery,,,,,,,,,,,,,,,,,,,,,,,,,,,,,,,,,,,,,,,,,,,,,,,,,,,,,,,,,,,,,,,,,,,,,,,,,,,,,,,,,,,,,,,,,,,,,85982cbf-ee0a-4812-8fa6-570c3284f5c6,Prone,Serie A,1986/1987
,,,,,,,,,,,,,,,,,,,0.406826,,,,,,,,,,,,,,dec1458f-2a89-42a9-8b73-dcfaf588e6f3,1826,,,"[106.9, 39.2]",3889182,51,,,,,,,,,,,,,,,,,,,,,,2,From Throw In,Alessandro Renica,39817.0,Center Back,129,Napoli,227,['7faff9c7-5bb2-41e1-9e4f-04081398bffd'],57,,Left Foot,"[112.5, 39.5, 0.5]",,"[{'location': [102.6, 37.7], 'player': {'id': 398843, 'name': 'Nicola Caricola'}, 'position': {'id': 4, 'name': 'Center Back'}, 'teammate': False}, {'location': [105.9, 42.8], 'player': {'id': 40028, 'name': 'Luciano Favero'}, 'position': {'id': 3, 'name': 'Right Center Back'}, 'teammate': False}, {'location': [103.6, 37.1], 'player': {'id': 398841, 'name': 'Massimo Bonini'}, 'position': {'id': 10, 'name': 'Center Defensive Midfield'}, 'teammate': False}, {'location': [107.3, 48.1], 'player': {'id': 39952, 'name': 'Salvatore Bagni'}, 'position': {'id': 13, 'name': 'Right Center Midfield'}, 'teammate': True}, {'location': [107.8, 35.2], 'player': {'id': 39953, 'name': 'Bruno Giordano'}, 'position': {'id': 23, 'name': 'Center Forward'}, 'teammate': True}, {'location': [112.8, 39.0], 'player': {'id': 39825, 'name': 'Stefano Tacconi'}, 'position': {'id': 1, 'name': 'Goalkeeper'}, 'teammate': False}]",,True,Saved,,0.5499916,Normal,Open Play,,,,Napoli,227,00:06:57.101,Shot,,Serie A,Dribbled Past,,,,,,,,,,,,,,,,,,,,,,,,,,,,,,,,,,,,,,,,,,,,,,,,,,,,,,,,,,,,,,,,,,,,,,,,,,,,,,,,,,,,,,,,,,,,,dec1458f-2a89-42a9-8b73-dcfaf588e6f3,Set,Serie A,1986/1987
,,,,,,,,,,,,,,,,,,,1.427187,,,,,,,,,,,,,,18a74cd4-ad46-40f3-9691-257a6d126164,350,,,"[95.5, 38.3]",3889182,8,,,,,,,,,,,,,,,,,,,,,,1,From Free Kick,Michael Laudrup,15008.0,Left Center Forward,21,Juventus,224,['fb1fe63f-790d-48ce-8ea2-35f668810a84'],28,,Right Foot,"[120.0, 35.7, 4.4]",True,"[{'location': [103.1, 29.5], 'player': {'id': 398845, 'name': 'Lionello Manfredonia'}, 'position': {'id': 15, 'name': 'Left Center Midfield'}, 'teammate': True}, {'location': [104.2, 46.9], 'player': {'id': 398841, 'name': 'Massimo Bonini'}, 'position': {'id': 10, 'name': 'Center Defensive Midfield'}, 'teammate': True}, {'location': [108.6, 37.1], 'player': {'id': 398843, 'name': 'Nicola Caricola'}, 'position': {'id': 4, 'name': 'Center Back'}, 'teammate': True}, {'location': [107.4, 33.7], 'player': {'id': 398844, 'name': 'Antonio Cabrini'}, 'position': {'id': 8, 'name': 'Left Wing Back'}, 'teammate': True}, {'location': [108.4, 45.1], 'player': {'id': 398842, 'name': 'Aldo Serena'}, 'position': {'id': 22, 'name': 'Right Center Forward'}, 'teammate': True}, {'location': [101.5, 55.4], 'player': {'id': 39952, 'name': 'Salvatore Bagni'}, 'position': {'id': 13, 'name': 'Right Center Midfield'}, 'teammate': False}, {'location': [104.1, 41.1], 'player': {'id': 38641, 'name': 'Diego Armando Maradona'}, 'position': {'id': 19, 'name': 'Center Attacking Midfield'}, 'teammate': False}, {'location': [106.0, 36.6], 'player': {'id': 39846, 'name': 'Fernando De Napoli'}, 'position': {'id': 7, 'name': 'Right Wing Back'}, 'teammate': False}, {'location': [102.9, 46.7], 'player': {'id': 39947, 'name': 'Giuseppe Bruscolotti'}, 'position': {'id': 5, 'name': 'Left Center Back'}, 'teammate': False}, {'location': [95.1, 49.6], 'player': {'id': 39954, 'name': 'Francesco Romano'}, 'position': {'id': 15, 'name': 'Left Center Midfield'}, 'teammate': False}, {'location': [99.8, 44.0], 'player': {'id': 398849, 'name': 'Luciano Sola'}, 'position': {'id': 8, 'name': 'Left Wing Back'}, 'teammate': False}, {'location': [104.9, 33.9], 'player': {'id': 19624, 'name': 'Ciro Ferrara'}, 'position': {'id': 3, 'name': 'Right Center Back'}, 'teammate': False}, {'location': [103.2, 39.6], 'player': {'id': 39944, 'name': 'Moreno Ferrario'}, 'position': {'id': 10, 'name': 'Center Defensive Midfield'}, 'teammate': False}, {'location': [108.8, 40.7], 'player': {'id': 39817, 'name': 'Alessandro Renica'}, 'position': {'id': 4, 'name': 'Center Back'}, 'teammate': False}, {'location': [118.9, 39.6], 'player': {'id': 39943, 'name': 'Claudio Garella'}, 'position': {'id': 1, 'name': 'Goalkeeper'}, 'teammate': False}]",,,Off T,,0.02394552,Half Volley,Open Play,,,,Juventus,224,00:08:28.788,Shot,,Serie A,Ball Recovery,,,,,,,,,,,,,,,,,,,,,,,,,,,,,,,,,,,,,,,,,,,,,,,,,,,,,,,,,,,,,,,,,,,,,,,,,,,,,,,,,,,,,,,,,,,,,18a74cd4-ad46-40f3-9691-257a6d126164,Set,Serie A,1986/1987
,,,,,,,,,,,,,,,,,,,1.092606,,,,,,,,,,,,,,742cca82-204c-467e-b01a-1c14f87100af,1875,,,"[101.5, 19.2]",3889182,55,,,,,,,,,,,,,,,,,,,,,,2,Regular Play,Lionello Manfredonia,398845.0,Left Center Midfield,135,Juventus,224,['c1c2c2c6-4a65-4d55-bb0c-96635aa04568'],15,,Left Foot,"[117.5, 34.4, 0.5]",,"[{'location': [91.4, 31.7], 'player': {'id': 39944, 'name': 'Moreno Ferrario'}, 'position': {'id': 11, 'name': 'Left Defensive Midfield'}, 'teammate': False}, {'location': [104.3, 42.8], 'player': {'id': 39817, 'name': 'Alessandro Renica'}, 'position': {'id': 4, 'name': 'Center Back'}, 'teammate': False}, {'location': [100.9, 48.3], 'player': {'id': 39952, 'name': 'Salvatore Bagni'}, 'position': {'id': 9, 'name': 'Right Defensive Midfield'}, 'teammate': False}, {'location': [103.0, 22.6], 'player': {'id': 39947, 'name': 'Giuseppe Bruscolotti'}, 'position': {'id': 5, 'name': 'Left Center Back'}, 'teammate': False}, {'location': [97.0, 35.9], 'player': {'id': 19624, 'name': 'Ciro Ferrara'}, 'position': {'id': 3, 'name': 'Right Center Back'}, 'teammate': False}, {'location': [117.6, 34.9], 'player': {'id': 39943, 'name': 'Claudio Garella'}, 'position': {'id': 1, 'name': 'Goalkeeper'}, 'teammate': False}, {'location': [102.5, 43.0], 'player': {'id': 15008, 'name': 'Michael Laudrup'}, 'position': {'id': 24, 'name': 'Left Center Forward'}, 'teammate': True}, {'location': [81.5, 57.5], 'player': {'id': 39832, 'name': 'Massimo Mauro'}, 'position': {'id': 7, 'name': 'Right Wing Back'}, 'teammate': True}, {'location': [104.7, 53.0], 'player': {'id': 398842, 'name': 'Aldo Serena'}, 'position': {'id': 22, 'name': 'Right Center Forward'}, 'teammate': True}]",d31620fe-9455-4727-ab95-76ba3c2e7eae,,Saved,,0.010374528,Half Volley,Open Play,,,,Juventus,224,00:10:15.126,Shot,,Serie A,Ball Receipt*,,,,,,,,,,,,,,,,,,,,2.98143,,,,,,,,,,,,,,d31620fe-9455-4727-ab95-76ba3c2e7eae,1872.0,,,"[68.5, 67.1]",3889182.0,55.0,,,,-1.1899962,742cca82-204c-467e-b01a-1c14f87100af,Right Foot,,"[92.0, 8.4]",,Ground Pass,,63.229267,,,Lionello Manfredonia,True,,True,,,,2.0,Regular Play,Massimo Bonini,398841.0,Center Defensive Midfield,135.0,Juventus,224.0,"['0f540b51-ce2b-4b84-bfc3-13528421f253', '3b7d9d61-2c7b-4ee2-9cbc-2a62c1395f4c']",11.0,,,,,,,,,,,,,,,,Juventus,224.0,00:10:11.043,Pass,True,Serie A,742cca82-204c-467e-b01a-1c14f87100af,Set,Serie A,1986/1987
,,,,,,,,,,,,,,,,,,,0.198581,,,,,,,,,,,,,,725da5c6-da50-4773-a1b2-52e4f7c84878,1883,,,"[114.9, 47.9]",3889182,55,,,,,,,,,,,,,,,,,,,,,,2,Regular Play,Diego Armando Maradona,38641.0,Right Attacking Midfield,139,Napoli,227,['74ef54bf-1a7b-416f-9022-b778625f9915'],33,,Left Foot,"[117.1, 45.2, 1.8]",True,"[{'location': [110.1, 48.3], 'player': {'id': 398844, 'name': 'Antonio Cabrini'}, 'position': {'id': 8, 'name': 'Left Wing Back'}, 'teammate': False}, {'location': [110.1, 44.8], 'player': {'id': 39823, 'name': 'Sergio Brio'}, 'position': {'id': 5, 'name': 'Left Center Back'}, 'teammate': False}, {'location': [95.3, 29.8], 'player': {'id': 40028, 'name': 'Luciano Favero'}, 'position': {'id': 3, 'name': 'Right Center Back'}, 'teammate': False}, {'location': [102.5, 38.8], 'player': {'id': 398843, 'name': 'Nicola Caricola'}, 'position': {'id': 4, 'name': 'Center Back'}, 'teammate': False}, {'location': [97.1, 28.4], 'player': {'id': 39832, 'name': 'Massimo Mauro'}, 'position': {'id': 7, 'name': 'Right Wing Back'}, 'teammate': False}, {'location': [117.2, 44.8], 'player': {'id': 39825, 'name': 'Stefano Tacconi'}, 'position': {'id': 1, 'name': 'Goalkeeper'}, 'teammate': False}, {'location': [111.2, 51.1], 'player': {'id': 39953, 'name': 'Bruno Giordano'}, 'position': {'id': 23, 'name': 'Center Forward'}, 'teammate': True}]",95d9faac-72d6-468c-97f5-c8004964046f,,Saved,,0.18468274,Half Volley,Open Play,,,,Napoli,227,00:10:33.449,Shot,,Serie A,Pass,,,,,,,,,,,,,,,,,,,,2.303566,,,,,,,,,,,,,,95d9faac-72d6-468c-97f5-c8004964046f,1881.0,,,"[86.7, 10.9]",3889182.0,55.0,,,,0.91955674,725da5c6-da50-4773-a1b2-52e4f7c84878,Right Foot,True,"[114.9, 47.9]",,High Pass,,46.521393,,,Diego Armando Maradona,True,,,,,,2.0,Regular Play,Fernando De Napoli,39846.0,Right Wing Back,139.0,Napoli,227.0,['ee9275ee-c5e4-4f80-9dcb-5b3aa3f8ef73'],31.0,,,,,,,,,,,,,,,,Napoli,227.0,00:10:31.146,Pass,,Serie A,725da5c6-da50-4773-a1b2-52e4f7c84878,Set,Serie A,1986/1987
,,,,,,,,,,,,,,,,,,,0.698712,,,,,,,,,,,,,,51a6c0ab-9fda-424b-9ff0-b2fcad416471,414,,,"[113.9, 37.6]",3889182,10,,,,,,,,,,,,,,,,,,,,,,1,From Corner,Antonio Cabrini,398844.0,Left Wing Back,25,Juventus,224,"['39bc738d-f50b-4512-a19f-4195f51adc12', '4794a859-0e75-4db6-898f-1247304bdf8f']",37,True,Head,"[120.0, 49.4, 0.3]",,"[{'location': [100.7, 31.4], 'player': {'id': 39953, 'name': 'Bruno Giordano'}, 'position': {'id': 23, 'name': 'Center Forward'}, 'teammate': False}, {'location': [113.9, 43.4], 'player': {'id': 19624, 'name': 'Ciro Ferrara'}, 'position': {'id': 3, 'name': 'Right Center Back'}, 'teammate': False}, {'location': [115.1, 43.3], 'player': {'id': 39947, 'name': 'Giuseppe Bruscolotti'}, 'position': {'id': 5, 'name': 'Left Center Back'}, 'teammate': False}, {'location': [114.9, 38.1], 'player': {'id': 39817, 'name': 'Alessandro Renica'}, 'position': {'id': 4, 'name': 'Center Back'}, 'teammate': False}, {'location': [113.4, 33.5], 'player': {'id': 39952, 'name': 'Salvatore Bagni'}, 'position': {'id': 13, 'name': 'Right Center Midfield'}, 'teammate': False}, {'location': [109.0, 46.2], 'player': {'id': 39944, 'name': 'Moreno Ferrario'}, 'position': {'id': 10, 'name': 'Center Defensive Midfield'}, 'teammate': False}, {'location': [113.8, 49.3], 'player': {'id': 398840, 'name': 'Michel Platini'}, 'position': {'id': 13, 'name': 'Right Center Midfield'}, 'teammate': True}, {'location': [112.9, 42.4], 'player': {'id': 398845, 'name': 'Lionello Manfredonia'}, 'position': {'id': 15, 'name': 'Left Center Midfield'}, 'teammate': True}, {'location': [118.0, 42.9], 'player': {'id': 398842, 'name': 'Aldo Serena'}, 'position': {'id': 22, 'name': 'Right Center Forward'}, 'teammate': True}, {'location': [105.1, 48.2], 'player': {'id': 398843, 'name': 'Nicola Caricola'}, 'position': {'id': 4, 'name': 'Center Back'}, 'teammate': True}, {'location': [106.1, 36.2], 'player': {'id': 38641, 'name': 'Diego Armando Maradona'}, 'position': {'id': 19, 'name': 'Center Attacking Midfield'}, 'teammate': False}, {'location': [119.1, 43.7], 'player': {'id': 398849, 'name': 'Luciano Sola'}, 'position': {'id': 8, 'name': 'Left Wing Back'}, 'teammate': False}, {'location': [119.2, 40.6], 'player': {'id': 39943, 'name': 'Claudio Garella'}, 'position': {'id': 1, 'name': 'Goalkeeper'}, 'teammate': False}, {'location': [119.4, 37.4], 'player': {'id': 39954, 'name': 'Francesco Romano'}, 'position': {'id': 15, 'name': 'Left Center Midfield'}, 'teammate': False}]",c0046663-2be6-44ad-80a9-7db8f5a1cb7c,,Off T,,0.121846765,Normal,Open Play,,,,Juventus,224,00:10:37.614,Shot,True,Serie A,Ball Receipt*,,,,,,,,,,,,,,,,,,,,1.855181,,,,,,,,,,,,,,c0046663-2be6-44ad-80a9-7db8f5a1cb7c,411.0,,,"[120.0, 0.1]",3889182.0,10.0,,,,1.7320507,51a6c0ab-9fda-424b-9ff0-b2fcad416471,Right Foot,,"[113.9, 37.6]",,High Pass,True,37.992893,,,Antonio Cabrini,True,,,Inswinging,,Corner,1.0,From Corner,Massimo Mauro,39832.0,Right Wing Back,25.0,Juventus,224.0,['5f243f2c-8048-46fd-86ed-7217b1254281'],35.0,,,,,,,,,,,,,,,,Juventus,224.0,00:10:35.719,Pass,,Serie A,51a6c0ab-9fda-424b-9ff0-b2fcad416471,Set,Serie A,1986/1987
,,,,,,,,,,,,,,,,,,,0.730035,,,,,,,,,,,,,,3b837e7a-03ed-49be-b923-43ee3d138523,520,,,"[113.3, 42.1]",3889182,14,,,,,,,,,,,,,,,,,,,,,,1,From Free Kick,Lionello Manfredonia,398845.0,Left Center Midfield,36,Juventus,224,['d3e8bdef-b60b-405d-abb3-6094a7f08383'],39,,Head,"[117.2, 37.9]",,"[{'location': [119.8, 60.1], 'player': {'id': 39832, 'name': 'Massimo Mauro'}, 'position': {'id': 7, 'name': 'Right Wing Back'}, 'teammate': True}, {'location': [110.6, 49.1], 'player': {'id': 398840, 'name': 'Michel Platini'}, 'position': {'id': 13, 'name': 'Right Center Midfield'}, 'teammate': True}, {'location': [111.9, 40.0], 'player': {'id': 398842, 'name': 'Aldo Serena'}, 'position': {'id': 22, 'name': 'Right Center Forward'}, 'teammate': True}, {'location': [113.8, 49.1], 'player': {'id': 39944, 'name': 'Moreno Ferrario'}, 'position': {'id': 10, 'name': 'Center Defensive Midfield'}, 'teammate': False}, {'location': [119.1, 57.7], 'player': {'id': 19624, 'name': 'Ciro Ferrara'}, 'position': {'id': 3, 'name': 'Right Center Back'}, 'teammate': False}, {'location': [113.5, 43.5], 'player': {'id': 39947, 'name': 'Giuseppe Bruscolotti'}, 'position': {'id': 5, 'name': 'Left Center Back'}, 'teammate': False}, {'location': [113.2, 39.5], 'player': {'id': 39817, 'name': 'Alessandro Renica'}, 'position': {'id': 4, 'name': 'Center Back'}, 'teammate': False}, {'location': [108.6, 34.2], 'player': {'id': 398849, 'name': 'Luciano Sola'}, 'position': {'id': 8, 'name': 'Left Wing Back'}, 'teammate': False}, {'location': [119.2, 41.0], 'player': {'id': 39943, 'name': 'Claudio Garella'}, 'position': {'id': 1, 'name': 'Goalkeeper'}, 'teammate': False}]",99d15e27-28bd-47eb-bfed-d176421a9617,,Wayward,,0.2395488,Normal,Open Play,,,,Juventus,224,00:14:39.365,Shot,,Serie A,Ball Receipt*,,,,,,,,,,,,,,,,,,,,1.215018,,,,,,,,,,,,,,99d15e27-28bd-47eb-bfed-d176421a9617,518.0,,,"[115.8, 60.6]",3889182.0,14.0,,,,-1.7051178,3b837e7a-03ed-49be-b923-43ee3d138523,Right Foot,True,"[113.3, 42.1]",,High Pass,,18.668154,,,Lionello Manfredonia,True,,,,,,1.0,From Free Kick,Massimo Bonini,398841.0,Center Defensive Midfield,36.0,Juventus,224.0,['a2318a39-e061-4b7a-9018-cd334895ebc5'],38.0,,,,,,,,,,,,,,,,Juventus,224.0,00:14:38.033,Pass,,Serie A,3b837e7a-03ed-49be-b923-43ee3d138523,Set,Serie A,1986/1987
,,,,,,,,,,,,,,,,,,,0.897116,,,,,,,,,,,,,,2183f0de-66c6-483e-aaf8-f85a2a969d72,2154,,,"[96.8, 25.7]",3889182,61,,,,,,,,,,,,,,,,,,,,,,2,Regular Play,Bruno Giordano,39953.0,Center Forward,156,Napoli,227,"['13508d9e-913e-446b-a114-f47f7917b836', '669b09aa-64d2-4ace-9051-af351adbd02d']",39,,Right Foot,"[118.1, 38.3, 2.3]",,"[{'location': [92.2, 31.1], 'player': {'id': 398840, 'name': 'Michel Platini'}, 'position': {'id': 13, 'name': 'Right Center Midfield'}, 'teammate': False}, {'location': [107.6, 45.3], 'player': {'id': 398844, 'name': 'Antonio Cabrini'}, 'position': {'id': 8, 'name': 'Left Wing Back'}, 'teammate': False}, {'location': [96.3, 28.2], 'player': {'id': 39823, 'name': 'Sergio Brio'}, 'position': {'id': 5, 'name': 'Left Center Back'}, 'teammate': False}, {'location': [98.5, 25.8], 'player': {'id': 398846, 'name': 'Stefano Pioli'}, 'position': {'id': 7, 'name': 'Right Wing Back'}, 'teammate': False}, {'location': [103.7, 32.2], 'player': {'id': 398843, 'name': 'Nicola Caricola'}, 'position': {'id': 4, 'name': 'Center Back'}, 'teammate': False}, {'location': [107.4, 31.5], 'player': {'id': 40028, 'name': 'Luciano Favero'}, 'position': {'id': 3, 'name': 'Right Center Back'}, 'teammate': False}, {'location': [102.8, 23.0], 'player': {'id': 398841, 'name': 'Massimo Bonini'}, 'position': {'id': 10, 'name': 'Center Defensive Midfield'}, 'teammate': False}, {'location': [104.4, 33.6], 'player': {'id': 39822, 'name': 'Andrea Carnevale'}, 'position': {'id': 20, 'name': 'Left Attacking Midfield'}, 'teammate': True}, {'location': [94.1, 35.2], 'player': {'id': 39954, 'name': 'Francesco Romano'}, 'position': {'id': 8, 'name': 'Left Wing Back'}, 'teammate': True}, {'location': [103.3, 45.9], 'player': {'id': 39952, 'name': 'Salvatore Bagni'}, 'position': {'id': 9, 'name': 'Right Defensive Midfield'}, 'teammate': True}, {'location': [118.4, 38.9], 'player': {'id': 39825, 'name': 'Stefano Tacconi'}, 'position': {'id': 1, 'name': 'Goalkeeper'}, 'teammate': False}, {'location': [101.2, 20.4], 'player': {'id': 38641, 'name': 'Diego Armando Maradona'}, 'position': {'id': 18, 'name': 'Right Attacking Midfield'}, 'teammate': True}]",a9db0e34-4dc7-48f0-bff3-330519ec862f,,Saved,,0.024871456,Normal,Open Play,,,,Napoli,227,00:16:39.193,Shot,True,Serie A,Pressure,,,,,,,,,,,,,,,,,,,,0.831949,,,,,,,,,,,,,,a9db0e34-4dc7-48f0-bff3-330519ec862f,2150.0,,,"[64.7, 10.3]",3889182.0,61.0,,,,0.1260881,2183f0de-66c6-483e-aaf8-f85a2a969d72,Left Foot,,"[86.0, 13.0]",,Ground Pass,,21.470446,,,Bruno Giordano,True,,,,,,2.0,Regular Play,Giuseppe Bruscolotti,39947.0,Left Center Back,156.0,Napoli,227.0,['ab4a1847-4647-4726-9360-583d48bdf3b3'],32.0,,,,,,,,,,,,,,,,Napoli,227.0,00:16:32.639,Pass,,Serie A,2183f0de-66c6-483e-aaf8-f85a2a969d72,Set,Serie A,1986/1987
,,,,,,,,,,,,,,,,,,,0.873464,,,,,,,,,,,,,,3eb26dc2-7858-4309-b121-0cbe49c35b0c,569,,,"[98.9, 39.8]",3889182,16,,,,,,,,,,,,,,,,,,,,,,1,From Free Kick,Diego Armando Maradona,38641.0,Center Attacking Midfield,41,Napoli,227,['7ea57b19-8c97-4164-90d1-756c4aeda978'],39,,Left Foot,"[117.9, 41.3, 2.0]",True,"[{'location': [106.4, 32.5], 'player': {'id': 398844, 'name': 'Antonio Cabrini'}, 'position': {'id': 8, 'name': 'Left Wing Back'}, 'teammate': False}, {'location': [104.1, 42.9], 'player': {'id': 398843, 'name': 'Nicola Caricola'}, 'position': {'id': 4, 'name': 'Center Back'}, 'teammate': False}, {'location': [110.0, 31.2], 'player': {'id': 398849, 'name': 'Luciano Sola'}, 'position': {'id': 7, 'name': 'Right Wing Back'}, 'teammate': True}, {'location': [104.5, 37.2], 'player': {'id': 39832, 'name': 'Massimo Mauro'}, 'position': {'id': 7, 'name': 'Right Wing Back'}, 'teammate': False}, {'location': [104.8, 38.3], 'player': {'id': 15008, 'name': 'Michael Laudrup'}, 'position': {'id': 24, 'name': 'Left Center Forward'}, 'teammate': False}, {'location': [105.6, 40.2], 'player': {'id': 398842, 'name': 'Aldo Serena'}, 'position': {'id': 22, 'name': 'Right Center Forward'}, 'teammate': False}, {'location': [105.3, 41.4], 'player': {'id': 398841, 'name': 'Massimo Bonini'}, 'position': {'id': 10, 'name': 'Center Defensive Midfield'}, 'teammate': False}, {'location': [103.4, 39.6], 'player': {'id': 39952, 'name': 'Salvatore Bagni'}, 'position': {'id': 13, 'name': 'Right Center Midfield'}, 'teammate': True}, {'location': [102.1, 44.9], 'player': {'id': 39954, 'name': 'Francesco Romano'}, 'position': {'id': 15, 'name': 'Left Center Midfield'}, 'teammate': True}, {'location': [111.8, 32.3], 'player': {'id': 39823, 'name': 'Sergio Brio'}, 'position': {'id': 5, 'name': 'Left Center Back'}, 'teammate': False}, {'location': [105.1, 51.1], 'player': {'id': 40028, 'name': 'Luciano Favero'}, 'position': {'id': 3, 'name': 'Right Center Back'}, 'teammate': False}, {'location': [109.2, 41.2], 'player': {'id': 398840, 'name': 'Michel Platini'}, 'position': {'id': 13, 'name': 'Right Center Midfield'}, 'teammate': False}, {'location': [118.3, 40.2], 'player': {'id': 39825, 'name': 'Stefano Tacconi'}, 'position': {'id': 1, 'name': 'Goalkeeper'}, 'teammate': False}, {'location': [103.8, 49.6], 'player': {'id': 39953, 'name': 'Bruno Giordano'}, 'position': {'id': 23, 'name': 'Center Forward'}, 'teammate': True}, {'location': [102.2, 40.6], 'player': {'id': 398845, 'name': 'Lionello Manfredonia'}, 'position': {'id': 15, 'name': 'Left Center Midfield'}, 'teammate': False}]",,,Saved,,0.04096137,Half Volley,Open Play,,,,Napoli,227,00:16:39.652,Shot,,Serie A,Ball Recovery,,,,,,,,,,,,,,,,,,,,,,,,,,,,,,,,,,,,,,,,,,,,,,,,,,,,,,,,,,,,,,,,,,,,,,,,,,,,,,,,,,,,,,,,,,,,,3eb26dc2-7858-4309-b121-0cbe49c35b0c,Set,Serie A,1986/1987
,,,,,,,,,,,,,,,,,,,1.020049,,,,,,,,,,,,,,572ca30b-b860-435e-b8f0-00de65ddc874,602,,,"[112.2, 47.4]",3889182,17,,,,,,,,,,,,,,,,,,,,,,1,From Corner,Sergio Brio,39823.0,Left Center Back,44,Juventus,224,"['29431649-7215-4cc9-826d-8630233c45c4', '2a768446-6d93-4063-a949-de7fb53c8960']",57,True,Head,"[120.0, 50.4, 1.3]",,"[{'location': [118.8, 43.5], 'player': {'id': 38641, 'name': 'Diego Armando Maradona'}, 'position': {'id': 19, 'name': 'Center Attacking Midfield'}, 'teammate': False}, {'location': [111.7, 48.6], 'player': {'id': 39952, 'name': 'Salvatore Bagni'}, 'position': {'id': 13, 'name': 'Right Center Midfield'}, 'teammate': False}, {'location': [103.1, 38.4], 'player': {'id': 39846, 'name': 'Fernando De Napoli'}, 'position': {'id': 8, 'name': 'Left Wing Back'}, 'teammate': False}, {'location': [113.4, 40.3], 'player': {'id': 39944, 'name': 'Moreno Ferrario'}, 'position': {'id': 10, 'name': 'Center Defensive Midfield'}, 'teammate': False}, {'location': [109.5, 48.7], 'player': {'id': 398843, 'name': 'Nicola Caricola'}, 'position': {'id': 4, 'name': 'Center Back'}, 'teammate': True}, {'location': [106.1, 38.1], 'player': {'id': 398841, 'name': 'Massimo Bonini'}, 'position': {'id': 10, 'name': 'Center Defensive Midfield'}, 'teammate': True}, {'location': [113.3, 37.6], 'player': {'id': 398842, 'name': 'Aldo Serena'}, 'position': {'id': 22, 'name': 'Right Center Forward'}, 'teammate': True}, {'location': [116.3, 37.2], 'player': {'id': 15008, 'name': 'Michael Laudrup'}, 'position': {'id': 24, 'name': 'Left Center Forward'}, 'teammate': True}, {'location': [108.2, 36.6], 'player': {'id': 398845, 'name': 'Lionello Manfredonia'}, 'position': {'id': 15, 'name': 'Left Center Midfield'}, 'teammate': True}, {'location': [113.2, 46.4], 'player': {'id': 39817, 'name': 'Alessandro Renica'}, 'position': {'id': 4, 'name': 'Center Back'}, 'teammate': False}, {'location': [98.8, 35.1], 'player': {'id': 398840, 'name': 'Michel Platini'}, 'position': {'id': 13, 'name': 'Right Center Midfield'}, 'teammate': True}, {'location': [119.0, 37.0], 'player': {'id': 39947, 'name': 'Giuseppe Bruscolotti'}, 'position': {'id': 5, 'name': 'Left Center Back'}, 'teammate': False}, {'location': [119.3, 40.2], 'player': {'id': 39943, 'name': 'Claudio Garella'}, 'position': {'id': 1, 'name': 'Goalkeeper'}, 'teammate': False}, {'location': [117.2, 38.3], 'player': {'id': 398849, 'name': 'Luciano Sola'}, 'position': {'id': 7, 'name': 'Right Wing Back'}, 'teammate': False}, {'location': [115.1, 39.1], 'player': {'id': 19624, 'name': 'Ciro Ferrara'}, 'position': {'id': 3, 'name': 'Right Center Back'}, 'teammate': False}, {'location': [114.4, 35.3], 'player': {'id': 39954, 'name': 'Francesco Romano'}, 'position': {'id': 15, 'name': 'Left Center Midfield'}, 'teammate': False}]",cfcacb02-418d-4729-96eb-35aea5b2e1d3,,Off T,,0.037744734,Normal,Open Play,,,,Juventus,224,00:17:57.936,Shot,True,Serie A,Ball Receipt*,,,,,,,,,,,,,,,,,,,,1.939396,,,,,,,,,,,,,,cfcacb02-418d-4729-96eb-35aea5b2e1d3,599.0,,,"[120.0, 0.1]",3889182.0,17.0,,,,1.7342303,572ca30b-b860-435e-b8f0-00de65ddc874,Right Foot,,"[112.2, 47.4]",,High Pass,True,47.938816,,,Sergio Brio,True,,True,Inswinging,,Corner,1.0,From Corner,Massimo Mauro,39832.0,Right Wing Back,44.0,Juventus,224.0,['9222e66e-dfe6-46b8-806c-2ba3a46e7334'],55.0,,,,,,,,,,,,,,,,Juventus,224.0,00:17:55.956,Pass,,Serie A,572ca30b-b860-435e-b8f0-00de65ddc874,Set,Serie A,1986/1987
,,,,,,,,,,,,,,,,,,,0.751614,,,,,,,,,,,,,,99e9eb18-557a-4939-8cd0-b4f146d8da37,645,,,"[100.9, 56.0]",3889182,19,,,,,,,,,,,,,,,,,,,,,,1,From Free Kick,Bruno Giordano,39953.0,Center Forward,49,Napoli,227,['b0921118-026e-431e-9230-0e5cacb26ea7'],13,,Right Foot,"[120.0, 40.6, 4.6]",,"[{'location': [98.0, 44.2], 'player': {'id': 39832, 'name': 'Massimo Mauro'}, 'position': {'id': 7, 'name': 'Right Wing Back'}, 'teammate': False}, {'location': [105.3, 52.6], 'player': {'id': 398844, 'name': 'Antonio Cabrini'}, 'position': {'id': 8, 'name': 'Left Wing Back'}, 'teammate': False}, {'location': [103.9, 49.8], 'player': {'id': 39823, 'name': 'Sergio Brio'}, 'position': {'id': 5, 'name': 'Left Center Back'}, 'teammate': False}, {'location': [102.1, 47.8], 'player': {'id': 398843, 'name': 'Nicola Caricola'}, 'position': {'id': 4, 'name': 'Center Back'}, 'teammate': False}, {'location': [106.5, 38.3], 'player': {'id': 40028, 'name': 'Luciano Favero'}, 'position': {'id': 3, 'name': 'Right Center Back'}, 'teammate': False}, {'location': [101.5, 39.9], 'player': {'id': 398841, 'name': 'Massimo Bonini'}, 'position': {'id': 10, 'name': 'Center Defensive Midfield'}, 'teammate': False}, {'location': [102.8, 30.9], 'player': {'id': 39954, 'name': 'Francesco Romano'}, 'position': {'id': 15, 'name': 'Left Center Midfield'}, 'teammate': True}, {'location': [117.7, 41.6], 'player': {'id': 39825, 'name': 'Stefano Tacconi'}, 'position': {'id': 1, 'name': 'Goalkeeper'}, 'teammate': False}, {'location': [98.7, 60.9], 'player': {'id': 39952, 'name': 'Salvatore Bagni'}, 'position': {'id': 13, 'name': 'Right Center Midfield'}, 'teammate': True}, {'location': [99.3, 47.1], 'player': {'id': 38641, 'name': 'Diego Armando Maradona'}, 'position': {'id': 19, 'name': 'Center Attacking Midfield'}, 'teammate': True}]",92c13f6a-e20d-4c12-bcbb-0736b6a885d3,,Off T,,0.029085742,Normal,Open Play,,,,Napoli,227,00:19:13.503,Shot,,Serie A,Ball Receipt*,,,,,,,,,,,,,,,,,,,,1.231437,,,,,,,,,,,,,,92c13f6a-e20d-4c12-bcbb-0736b6a885d3,643.0,,,"[98.6, 37.5]",3889182.0,19.0,,,,1.4100336,99e9eb18-557a-4939-8cd0-b4f146d8da37,Left Foot,,"[101.0, 52.3]",,Ground Pass,,14.993332,,,Bruno Giordano,True,,,,,,1.0,From Free Kick,Diego Armando Maradona,38641.0,Center Attacking Midfield,49.0,Napoli,227.0,['d45e6049-7750-4245-9da0-2cfbe61def3c'],12.0,,,,,,,,,,,,,,,,Napoli,227.0,00:19:12.271,Pass,,Serie A,99e9eb18-557a-4939-8cd0-b4f146d8da37,Set,Serie A,1986/1987
,,,,,,,,,,,,,,,,,,,0.724654,,,,,,,,,,,,,,90473d4b-5e1b-4de8-960c-645af25d92e8,2249,,,"[93.4, 26.2]",3889182,64,,,,,,,,,,,,,,,,,,,,,,2,From Free Kick,Bruno Giordano,39953.0,Center Forward,161,Napoli,227,"['f8a50a4d-a1fb-4ec7-8702-93a370557b2e', 'fcd8a4cf-7869-440e-bf5d-fcffd39b017c']",39,,Left Foot,"[120.0, 34.2, 6.2]",,"[{'location': [101.3, 51.7], 'player': {'id': 39823, 'name': 'Sergio Brio'}, 'position': {'id': 5, 'name': 'Left Center Back'}, 'teammate': False}, {'location': [97.5, 37.8], 'player': {'id': 398845, 'name': 'Lionello Manfredonia'}, 'position': {'id': 15, 'name': 'Left Center Midfield'}, 'teammate': False}, {'location': [95.3, 25.4], 'player': {'id': 398840, 'name': 'Michel Platini'}, 'position': {'id': 13, 'name': 'Right Center Midfield'}, 'teammate': False}, {'location': [103.9, 39.4], 'player': {'id': 398843, 'name': 'Nicola Caricola'}, 'position': {'id': 4, 'name': 'Center Back'}, 'teammate': False}, {'location': [100.4, 31.0], 'player': {'id': 40028, 'name': 'Luciano Favero'}, 'position': {'id': 3, 'name': 'Right Center Back'}, 'teammate': False}, {'location': [94.7, 28.9], 'player': {'id': 398841, 'name': 'Massimo Bonini'}, 'position': {'id': 10, 'name': 'Center Defensive Midfield'}, 'teammate': False}, {'location': [104.1, 23.7], 'player': {'id': 398846, 'name': 'Stefano Pioli'}, 'position': {'id': 7, 'name': 'Right Wing Back'}, 'teammate': False}, {'location': [118.3, 39.4], 'player': {'id': 39825, 'name': 'Stefano Tacconi'}, 'position': {'id': 1, 'name': 'Goalkeeper'}, 'teammate': False}, {'location': [104.6, 19.2], 'player': {'id': 39817, 'name': 'Alessandro Renica'}, 'position': {'id': 4, 'name': 'Center Back'}, 'teammate': True}, {'location': [102.0, 42.8], 'player': {'id': 38641, 'name': 'Diego Armando Maradona'}, 'position': {'id': 18, 'name': 'Right Attacking Midfield'}, 'teammate': True}, {'location': [89.3, 18.5], 'player': {'id': 39947, 'name': 'Giuseppe Bruscolotti'}, 'position': {'id': 5, 'name': 'Left Center Back'}, 'teammate': True}]",d7d8e5f0-3107-416c-83ce-a046ed47c1c1,,Off T,,0.023263965,Normal,Open Play,,,,Napoli,227,00:19:39.155,Shot,True,Serie A,Pressure,,,,,,,,,,,,,,,,,,,,0.533204,,,,,,,,,,,,,,d7d8e5f0-3107-416c-83ce-a046ed47c1c1,2245.0,,,"[86.0, 26.8]",3889182.0,64.0,,,,-2.020556,90473d4b-5e1b-4de8-960c-645af25d92e8,Right Foot,,"[83.2, 21.0]",,Ground Pass,,6.440497,,,Bruno Giordano,True,,,,,,2.0,From Free Kick,Francesco Romano,39954.0,Left Wing Back,161.0,Napoli,227.0,['659b29e7-62c1-43b7-a6e0-36bf0750f732'],33.0,,,,,,,,,,,,,,,,Napoli,227.0,00:19:33.034,Pass,,Serie A,90473d4b-5e1b-4de8-960c-645af25d92e8,Set,Serie A,1986/1987
,,,,,,,,,,,,,,,,,,,0.673934,,,,,,,,,,,,,,a2acd585-e47a-49c5-bb66-c69f636b14d9,2266,,,"[87.1, 24.4]",3889182,65,,,,,,,,,,,,,,,,,,,,,,2,From Free Kick,Alessandro Renica,39817.0,Center Back,164,Napoli,227,['5a4cea1b-14f5-412f-b7ea-5b2f3cb277b8'],25,,Left Foot,"[120.0, 33.9, 6.3]",,"[{'location': [101.7, 8.2], 'player': {'id': 39944, 'name': 'Moreno Ferrario'}, 'position': {'id': 11, 'name': 'Left Defensive Midfield'}, 'teammate': True}, {'location': [101.8, 19.5], 'player': {'id': 398845, 'name': 'Lionello Manfredonia'}, 'position': {'id': 15, 'name': 'Left Center Midfield'}, 'teammate': False}, {'location': [117.5, 41.1], 'player': {'id': 39825, 'name': 'Stefano Tacconi'}, 'position': {'id': 1, 'name': 'Goalkeeper'}, 'teammate': False}, {'location': [91.3, 48.8], 'player': {'id': 398844, 'name': 'Antonio Cabrini'}, 'position': {'id': 8, 'name': 'Left Wing Back'}, 'teammate': False}, {'location': [101.3, 48.2], 'player': {'id': 39823, 'name': 'Sergio Brio'}, 'position': {'id': 5, 'name': 'Left Center Back'}, 'teammate': False}, {'location': [94.8, 30.5], 'player': {'id': 398846, 'name': 'Stefano Pioli'}, 'position': {'id': 7, 'name': 'Right Wing Back'}, 'teammate': False}, {'location': [101.8, 34.9], 'player': {'id': 40028, 'name': 'Luciano Favero'}, 'position': {'id': 3, 'name': 'Right Center Back'}, 'teammate': False}, {'location': [87.0, 25.3], 'player': {'id': 398841, 'name': 'Massimo Bonini'}, 'position': {'id': 10, 'name': 'Center Defensive Midfield'}, 'teammate': False}, {'location': [104.9, 39.5], 'player': {'id': 398843, 'name': 'Nicola Caricola'}, 'position': {'id': 4, 'name': 'Center Back'}, 'teammate': False}, {'location': [98.8, 48.9], 'player': {'id': 38641, 'name': 'Diego Armando Maradona'}, 'position': {'id': 18, 'name': 'Right Attacking Midfield'}, 'teammate': True}, {'location': [103.4, 44.0], 'player': {'id': 39953, 'name': 'Bruno Giordano'}, 'position': {'id': 23, 'name': 'Center Forward'}, 'teammate': True}, {'location': [91.2, 34.7], 'player': {'id': 39952, 'name': 'Salvatore Bagni'}, 'position': {'id': 9, 'name': 'Right Defensive Midfield'}, 'teammate': True}]",e9cea397-f597-4dc7-8fd2-e3979bc36533,,Off T,,0.0072628637,Normal,Open Play,,,,Napoli,227,00:20:25.789,Shot,,Serie A,Ball Receipt*,,,,,,,,,,,,,,,,,,,,1.645842,,,,,,,,,,,,,,e9cea397-f597-4dc7-8fd2-e3979bc36533,2263.0,,,"[65.6, 40.1]",3889182.0,65.0,,,,-1.022247,a2acd585-e47a-49c5-bb66-c69f636b14d9,Right Foot,,"[75.5, 23.9]",,Ground Pass,,18.985521,,,Alessandro Renica,True,,,,,,2.0,From Free Kick,Salvatore Bagni,39952.0,Right Defensive Midfield,164.0,Napoli,227.0,['9bca3efd-c2e2-4db9-bead-b65af647785d'],22.0,,,,,,,,,,,,,,,,Napoli,227.0,00:20:22.683,Pass,,Serie A,a2acd585-e47a-49c5-bb66-c69f636b14d9,Set,Serie A,1986/1987
,,,,,,,,,,,,,,,,,,,1.767905,,,,,,,,,,,,,,718c8845-57b0-4353-ba58-fee1ad4dfcb0,739,,,"[108.1, 42.7]",3889182,21,,,,,,,,,,,,,,,,,,,,,,1,From Free Kick,Aldo Serena,398842.0,Right Center Forward,54,Juventus,224,"['5e08d9b6-7904-450f-b5bb-6117dfd34af1', 'a8be1b97-01cb-4eb3-af19-ef57d7e4572d']",22,True,Head,"[120.0, 43.0, 5.7]",,"[{'location': [101.7, 38.2], 'player': {'id': 39952, 'name': 'Salvatore Bagni'}, 'position': {'id': 13, 'name': 'Right Center Midfield'}, 'teammate': False}, {'location': [107.4, 51.3], 'player': {'id': 39944, 'name': 'Moreno Ferrario'}, 'position': {'id': 10, 'name': 'Center Defensive Midfield'}, 'teammate': False}, {'location': [104.2, 49.7], 'player': {'id': 398849, 'name': 'Luciano Sola'}, 'position': {'id': 7, 'name': 'Right Wing Back'}, 'teammate': False}, {'location': [112.3, 31.2], 'player': {'id': 398844, 'name': 'Antonio Cabrini'}, 'position': {'id': 8, 'name': 'Left Wing Back'}, 'teammate': True}, {'location': [104.8, 53.1], 'player': {'id': 398843, 'name': 'Nicola Caricola'}, 'position': {'id': 4, 'name': 'Center Back'}, 'teammate': True}, {'location': [109.7, 36.9], 'player': {'id': 15008, 'name': 'Michael Laudrup'}, 'position': {'id': 24, 'name': 'Left Center Forward'}, 'teammate': True}, {'location': [108.8, 41.7], 'player': {'id': 19624, 'name': 'Ciro Ferrara'}, 'position': {'id': 3, 'name': 'Right Center Back'}, 'teammate': False}, {'location': [108.6, 36.7], 'player': {'id': 39947, 'name': 'Giuseppe Bruscolotti'}, 'position': {'id': 5, 'name': 'Left Center Back'}, 'teammate': False}, {'location': [110.5, 30.8], 'player': {'id': 39817, 'name': 'Alessandro Renica'}, 'position': {'id': 4, 'name': 'Center Back'}, 'teammate': False}, {'location': [118.7, 40.9], 'player': {'id': 39943, 'name': 'Claudio Garella'}, 'position': {'id': 1, 'name': 'Goalkeeper'}, 'teammate': False}]",a241310b-c656-4ff0-8547-4ad1206d1c83,,Off T,,0.06507277,Normal,Open Play,,,,Juventus,224,00:21:22.989,Shot,True,Serie A,Duel,,,,,,,,,,,,,,,,,,,,1.446912,,,,,,,,,,,,,,a241310b-c656-4ff0-8547-4ad1206d1c83,736.0,,,"[89.2, 68.5]",3889182.0,21.0,,,,-0.9385518,718c8845-57b0-4353-ba58-fee1ad4dfcb0,Right Foot,True,"[108.1, 42.7]",,High Pass,,31.982027,,,Aldo Serena,True,,,,,Free Kick,1.0,From Free Kick,Massimo Mauro,39832.0,Right Wing Back,54.0,Juventus,224.0,['ae83a66a-1d8d-467d-8773-815ba9350f4c'],21.0,,,,,,,,,,,,,,,,Juventus,224.0,00:21:21.502,Pass,,Serie A,718c8845-57b0-4353-ba58-fee1ad4dfcb0,Set,Serie A,1986/1987
,,,,,,,,,,,,,,,,,,,1.905474,,,,,,,,,,,,,,e239fcf6-12c6-425c-99e3-7a8d7ca7fa6a,2322,,,"[94.3, 40.2]",3889182,67,,,,,,,,,,,,,,,,,,,,,,2,From Free Kick,Francesco Romano,39954.0,Left Wing Back,170,Napoli,227,['8fbaa296-7652-45e8-85e3-8ebf7d2a0e18'],26,,Left Foot,"[120.0, 48.6, 0.2]",,"[{'location': [106.4, 30.0], 'player': {'id': 398845, 'name': 'Lionello Manfredonia'}, 'position': {'id': 15, 'name': 'Left Center Midfield'}, 'teammate': False}, {'location': [103.3, 29.5], 'player': {'id': 39822, 'name': 'Andrea Carnevale'}, 'position': {'id': 20, 'name': 'Left Attacking Midfield'}, 'teammate': True}, {'location': [98.0, 43.2], 'player': {'id': 398841, 'name': 'Massimo Bonini'}, 'position': {'id': 10, 'name': 'Center Defensive Midfield'}, 'teammate': False}, {'location': [118.0, 40.0], 'player': {'id': 39825, 'name': 'Stefano Tacconi'}, 'position': {'id': 1, 'name': 'Goalkeeper'}, 'teammate': False}, {'location': [100.2, 49.9], 'player': {'id': 398844, 'name': 'Antonio Cabrini'}, 'position': {'id': 8, 'name': 'Left Wing Back'}, 'teammate': False}, {'location': [106.6, 33.3], 'player': {'id': 38641, 'name': 'Diego Armando Maradona'}, 'position': {'id': 18, 'name': 'Right Attacking Midfield'}, 'teammate': True}, {'location': [102.8, 43.9], 'player': {'id': 39953, 'name': 'Bruno Giordano'}, 'position': {'id': 23, 'name': 'Center Forward'}, 'teammate': True}, {'location': [88.6, 31.1], 'player': {'id': 398846, 'name': 'Stefano Pioli'}, 'position': {'id': 7, 'name': 'Right Wing Back'}, 'teammate': False}, {'location': [101.6, 46.0], 'player': {'id': 39823, 'name': 'Sergio Brio'}, 'position': {'id': 5, 'name': 'Left Center Back'}, 'teammate': False}, {'location': [102.1, 39.4], 'player': {'id': 40028, 'name': 'Luciano Favero'}, 'position': {'id': 3, 'name': 'Right Center Back'}, 'teammate': False}, {'location': [106.2, 45.0], 'player': {'id': 398843, 'name': 'Nicola Caricola'}, 'position': {'id': 4, 'name': 'Center Back'}, 'teammate': False}, {'location': [85.7, 31.5], 'player': {'id': 39947, 'name': 'Giuseppe Bruscolotti'}, 'position': {'id': 5, 'name': 'Left Center Back'}, 'teammate': True}]",9ec415c3-0b94-4172-8c97-7be596b978a9,,Off T,,0.038753092,Half Volley,Open Play,,,,Napoli,227,00:22:26.165,Shot,,Serie A,Ball Receipt*,,,,,,,,,,,,,,,,,,,,1.017888,,,,,,,,,,,,,,9ec415c3-0b94-4172-8c97-7be596b978a9,2319.0,,,"[102.4, 52.2]",3889182.0,67.0,,,,-2.2961166,e239fcf6-12c6-425c-99e3-7a8d7ca7fa6a,Right Foot,,"[89.9, 38.1]",,Low Pass,,18.843037,,,Francesco Romano,True,,,,,,2.0,From Free Kick,Bruno Giordano,39953.0,Center Forward,170.0,Napoli,227.0,['a9d21b6a-529e-4723-bc2c-765890bfc9b5'],24.0,,,,,,,,,,,,,,,,Napoli,227.0,00:22:24.352,Pass,,Serie A,e239fcf6-12c6-425c-99e3-7a8d7ca7fa6a,Set,Serie A,1986/1987
,,,,,,,,,,,,,,,,,,,1.288243,,,,,,,,,,,,,,d3ffc20e-5435-4ebb-8580-e895287a220a,798,,,"[95.4, 26.1]",3889182,23,,,,,,,,,,,,,,,,,,,,,,1,Regular Play,Giuseppe Bruscolotti,39947.0,Left Center Back,57,Napoli,227,['53d39d7d-209a-46f8-b2ef-9294e7e0a5cd'],10,,Right Foot,"[120.0, 35.5, 0.2]",,"[{'location': [101.9, 38.0], 'player': {'id': 398845, 'name': 'Lionello Manfredonia'}, 'position': {'id': 15, 'name': 'Left Center Midfield'}, 'teammate': False}, {'location': [107.1, 39.7], 'player': {'id': 398841, 'name': 'Massimo Bonini'}, 'position': {'id': 10, 'name': 'Center Defensive Midfield'}, 'teammate': False}, {'location': [110.4, 40.7], 'player': {'id': 39823, 'name': 'Sergio Brio'}, 'position': {'id': 5, 'name': 'Left Center Back'}, 'teammate': False}, {'location': [113.5, 44.1], 'player': {'id': 398844, 'name': 'Antonio Cabrini'}, 'position': {'id': 8, 'name': 'Left Wing Back'}, 'teammate': False}, {'location': [103.6, 42.2], 'player': {'id': 38641, 'name': 'Diego Armando Maradona'}, 'position': {'id': 19, 'name': 'Center Attacking Midfield'}, 'teammate': True}, {'location': [106.2, 41.0], 'player': {'id': 39953, 'name': 'Bruno Giordano'}, 'position': {'id': 23, 'name': 'Center Forward'}, 'teammate': True}, {'location': [118.5, 37.6], 'player': {'id': 39825, 'name': 'Stefano Tacconi'}, 'position': {'id': 1, 'name': 'Goalkeeper'}, 'teammate': False}, {'location': [100.2, 26.4], 'player': {'id': 39832, 'name': 'Massimo Mauro'}, 'position': {'id': 7, 'name': 'Right Wing Back'}, 'teammate': False}, {'location': [101.8, 30.5], 'player': {'id': 398843, 'name': 'Nicola Caricola'}, 'position': {'id': 4, 'name': 'Center Back'}, 'teammate': False}, {'location': [109.1, 28.9], 'player': {'id': 40028, 'name': 'Luciano Favero'}, 'position': {'id': 3, 'name': 'Right Center Back'}, 'teammate': False}, {'location': [94.4, 36.9], 'player': {'id': 398840, 'name': 'Michel Platini'}, 'position': {'id': 13, 'name': 'Right Center Midfield'}, 'teammate': False}, {'location': [110.5, 21.4], 'player': {'id': 39846, 'name': 'Fernando De Napoli'}, 'position': {'id': 8, 'name': 'Left Wing Back'}, 'teammate': True}, {'location': [89.3, 32.5], 'player': {'id': 39954, 'name': 'Francesco Romano'}, 'position': {'id': 15, 'name': 'Left Center Midfield'}, 'teammate': True}, {'location': [94.3, 43.8], 'player': {'id': 39952, 'name': 'Salvatore Bagni'}, 'position': {'id': 13, 'name': 'Right Center Midfield'}, 'teammate': True}]",0a763266-9ac5-4241-af49-8f454bf76f9b,,Off T,,0.020566111,Normal,Open Play,,,,Napoli,227,00:23:10.389,Shot,,Serie A,Ball Receipt*,,,,,,,,,,,,,,,,,,,,1.611827,,,,,,,,,,,,,,0a763266-9ac5-4241-af49-8f454bf76f9b,795.0,,,"[108.0, 17.9]",3889182.0,23.0,,,,2.8815613,d3ffc20e-5435-4ebb-8580-e895287a220a,Right Foot,,"[97.1, 20.8]",,Ground Pass,,11.279184,,,Giuseppe Bruscolotti,True,,,,,,1.0,Regular Play,Fernando De Napoli,39846.0,Left Wing Back,57.0,Napoli,227.0,['8a8849d9-36f8-4452-87d5-20ff075fb9c4'],7.0,,,,,,,,,,,,,,,,Napoli,227.0,00:23:07.996,Pass,,Serie A,d3ffc20e-5435-4ebb-8580-e895287a220a,Set,Serie A,1986/1987
,,,,,,,,,,,,,,,,,,,0.82817,,,,,,,,,,,,,,dc8fcded-7085-4922-9edc-a09b9412489e,2363,,,"[101.0, 27.5]",3889182,68,,,,,,,,,,,,,,,,,,,,,,2,From Throw In,Giuseppe Bruscolotti,39947.0,Left Center Back,173,Napoli,227,['d82ce05c-0cf8-4f51-bbf3-6d66bf0144f5'],38,,Left Foot,"[117.9, 40.6, 1.2]",,"[{'location': [118.0, 39.8], 'player': {'id': 39825, 'name': 'Stefano Tacconi'}, 'position': {'id': 1, 'name': 'Goalkeeper'}, 'teammate': False}, {'location': [101.9, 29.9], 'player': {'id': 398845, 'name': 'Lionello Manfredonia'}, 'position': {'id': 15, 'name': 'Left Center Midfield'}, 'teammate': False}, {'location': [102.4, 48.2], 'player': {'id': 398844, 'name': 'Antonio Cabrini'}, 'position': {'id': 8, 'name': 'Left Wing Back'}, 'teammate': False}, {'location': [96.5, 26.3], 'player': {'id': 398842, 'name': 'Aldo Serena'}, 'position': {'id': 22, 'name': 'Right Center Forward'}, 'teammate': False}, {'location': [104.8, 38.3], 'player': {'id': 39823, 'name': 'Sergio Brio'}, 'position': {'id': 5, 'name': 'Left Center Back'}, 'teammate': False}, {'location': [108.1, 35.2], 'player': {'id': 398843, 'name': 'Nicola Caricola'}, 'position': {'id': 4, 'name': 'Center Back'}, 'teammate': False}, {'location': [102.1, 23.8], 'player': {'id': 398841, 'name': 'Massimo Bonini'}, 'position': {'id': 10, 'name': 'Center Defensive Midfield'}, 'teammate': False}, {'location': [104.7, 30.7], 'player': {'id': 40028, 'name': 'Luciano Favero'}, 'position': {'id': 3, 'name': 'Right Center Back'}, 'teammate': False}, {'location': [94.5, 17.8], 'player': {'id': 398846, 'name': 'Stefano Pioli'}, 'position': {'id': 7, 'name': 'Right Wing Back'}, 'teammate': False}, {'location': [102.0, 28.7], 'player': {'id': 39954, 'name': 'Francesco Romano'}, 'position': {'id': 8, 'name': 'Left Wing Back'}, 'teammate': True}, {'location': [106.2, 44.9], 'player': {'id': 39953, 'name': 'Bruno Giordano'}, 'position': {'id': 23, 'name': 'Center Forward'}, 'teammate': True}, {'location': [102.4, 51.8], 'player': {'id': 39952, 'name': 'Salvatore Bagni'}, 'position': {'id': 9, 'name': 'Right Defensive Midfield'}, 'teammate': True}, {'location': [106.7, 37.9], 'player': {'id': 38641, 'name': 'Diego Armando Maradona'}, 'position': {'id': 18, 'name': 'Right Attacking Midfield'}, 'teammate': True}]",,,Saved,,0.035599332,Half Volley,Open Play,,,,Napoli,227,00:23:38.734,Shot,,Serie A,Pass,,,,,,,,,,,,,,,,,,,,,,,,,,,,,,,,,,,,,,,,,,,,,,,,,,,,,,,,,,,,,,,,,,,,,,,,,,,,,,,,,,,,,,,,,,,,,dc8fcded-7085-4922-9edc-a09b9412489e,Set,Serie A,1986/1987
,,,,,,,,,,,,,,,,,,,0.142516,,,,,,,,,,,,,,37b3f4df-20a7-4c80-be5f-fbed86c873d2,905,,,"[101.4, 41.3]",3889182,25,,,,,,,,,,,,,,,,,,,,,,1,From Free Kick,Lionello Manfredonia,398845.0,Left Center Midfield,63,Juventus,224,"['e3109914-5a89-4ff5-89e5-fcbfd97d6874', 'f462b6cd-c290-4836-abf4-312764d57040']",53,,Right Foot,"[103.3, 41.0]",True,"[{'location': [104.0, 37.6], 'player': {'id': 19624, 'name': 'Ciro Ferrara'}, 'position': {'id': 3, 'name': 'Right Center Back'}, 'teammate': False}, {'location': [104.8, 42.8], 'player': {'id': 39947, 'name': 'Giuseppe Bruscolotti'}, 'position': {'id': 5, 'name': 'Left Center Back'}, 'teammate': False}, {'location': [103.6, 53.3], 'player': {'id': 39954, 'name': 'Francesco Romano'}, 'position': {'id': 15, 'name': 'Left Center Midfield'}, 'teammate': False}, {'location': [107.9, 57.1], 'player': {'id': 39846, 'name': 'Fernando De Napoli'}, 'position': {'id': 8, 'name': 'Left Wing Back'}, 'teammate': False}, {'location': [97.3, 45.3], 'player': {'id': 39952, 'name': 'Salvatore Bagni'}, 'position': {'id': 13, 'name': 'Right Center Midfield'}, 'teammate': False}, {'location': [107.4, 37.1], 'player': {'id': 39817, 'name': 'Alessandro Renica'}, 'position': {'id': 4, 'name': 'Center Back'}, 'teammate': False}, {'location': [103.9, 41.3], 'player': {'id': 39944, 'name': 'Moreno Ferrario'}, 'position': {'id': 10, 'name': 'Center Defensive Midfield'}, 'teammate': False}, {'location': [106.1, 32.6], 'player': {'id': 398849, 'name': 'Luciano Sola'}, 'position': {'id': 7, 'name': 'Right Wing Back'}, 'teammate': False}, {'location': [118.2, 40.9], 'player': {'id': 39943, 'name': 'Claudio Garella'}, 'position': {'id': 1, 'name': 'Goalkeeper'}, 'teammate': False}, {'location': [102.8, 31.5], 'player': {'id': 398844, 'name': 'Antonio Cabrini'}, 'position': {'id': 8, 'name': 'Left Wing Back'}, 'teammate': True}, {'location': [100.7, 49.1], 'player': {'id': 398840, 'name': 'Michel Platini'}, 'position': {'id': 13, 'name': 'Right Center Midfield'}, 'teammate': True}, {'location': [107.6, 62.7], 'player': {'id': 39832, 'name': 'Massimo Mauro'}, 'position': {'id': 7, 'name': 'Right Wing Back'}, 'teammate': True}, {'location': [102.6, 41.9], 'player': {'id': 398842, 'name': 'Aldo Serena'}, 'position': {'id': 22, 'name': 'Right Center Forward'}, 'teammate': True}, {'location': [103.0, 36.9], 'player': {'id': 15008, 'name': 'Michael Laudrup'}, 'position': {'id': 24, 'name': 'Left Center Forward'}, 'teammate': True}]",,,Blocked,,0.044400316,Half Volley,Open Play,,,,Juventus,224,00:25:53.747,Shot,,Serie A,Ball Recovery,,,,,,,,,,,,,,,,,,,,,,,,,,,,,,,,,,,,,,,,,,,,,,,,,,,,,,,,,,,,,,,,,,,,,,,,,,,,,,,,,,,,,,,,,,,,,37b3f4df-20a7-4c80-be5f-fbed86c873d2,Set,Serie A,1986/1987
,,,,,,,,,,,,,,,,,,,0.11086,,,,,,,,,,,,,,49520707-a96a-4b82-ba52-fcbd896f8a77,2430,,,"[98.3, 34.1]",3889182,71,,,,,,,,,,,,,,,,,,,,,,2,From Free Kick,Bruno Giordano,39953.0,Center Forward,180,Napoli,227,"['51c333b1-e03f-4ef2-ab7f-de50ec36886e', '81afc87c-87fc-4644-b5aa-6d97ceca4bf4']",8,,Right Foot,"[104.9, 35.8]",True,"[{'location': [110.2, 38.0], 'player': {'id': 15008, 'name': 'Michael Laudrup'}, 'position': {'id': 24, 'name': 'Left Center Forward'}, 'teammate': False}, {'location': [108.5, 33.1], 'player': {'id': 398846, 'name': 'Stefano Pioli'}, 'position': {'id': 7, 'name': 'Right Wing Back'}, 'teammate': False}, {'location': [109.5, 33.5], 'player': {'id': 398840, 'name': 'Michel Platini'}, 'position': {'id': 13, 'name': 'Right Center Midfield'}, 'teammate': False}, {'location': [110.3, 46.4], 'player': {'id': 398842, 'name': 'Aldo Serena'}, 'position': {'id': 22, 'name': 'Right Center Forward'}, 'teammate': False}, {'location': [110.0, 44.8], 'player': {'id': 39823, 'name': 'Sergio Brio'}, 'position': {'id': 5, 'name': 'Left Center Back'}, 'teammate': False}, {'location': [104.9, 40.1], 'player': {'id': 398845, 'name': 'Lionello Manfredonia'}, 'position': {'id': 15, 'name': 'Left Center Midfield'}, 'teammate': False}, {'location': [105.0, 37.7], 'player': {'id': 398843, 'name': 'Nicola Caricola'}, 'position': {'id': 4, 'name': 'Center Back'}, 'teammate': False}, {'location': [113.2, 40.8], 'player': {'id': 398844, 'name': 'Antonio Cabrini'}, 'position': {'id': 8, 'name': 'Left Wing Back'}, 'teammate': False}, {'location': [107.7, 36.4], 'player': {'id': 40028, 'name': 'Luciano Favero'}, 'position': {'id': 3, 'name': 'Right Center Back'}, 'teammate': False}, {'location': [106.7, 29.5], 'player': {'id': 39822, 'name': 'Andrea Carnevale'}, 'position': {'id': 20, 'name': 'Left Attacking Midfield'}, 'teammate': True}, {'location': [111.2, 51.7], 'player': {'id': 39846, 'name': 'Fernando De Napoli'}, 'position': {'id': 7, 'name': 'Right Wing Back'}, 'teammate': True}, {'location': [108.3, 45.6], 'player': {'id': 19624, 'name': 'Ciro Ferrara'}, 'position': {'id': 3, 'name': 'Right Center Back'}, 'teammate': True}, {'location': [100.9, 37.8], 'player': {'id': 39952, 'name': 'Salvatore Bagni'}, 'position': {'id': 9, 'name': 'Right Defensive Midfield'}, 'teammate': True}, {'location': [106.7, 37.0], 'player': {'id': 39944, 'name': 'Moreno Ferrario'}, 'position': {'id': 11, 'name': 'Left Defensive Midfield'}, 'teammate': True}, {'location': [112.9, 39.7], 'player': {'id': 39954, 'name': 'Francesco Romano'}, 'position': {'id': 8, 'name': 'Left Wing Back'}, 'teammate': True}, {'location': [111.8, 36.3], 'player': {'id': 38641, 'name': 'Diego Armando Maradona'}, 'position': {'id': 18, 'name': 'Right Attacking Midfield'}, 'teammate': True}, {'location': [105.5, 36.1], 'player': {'id': 398841, 'name': 'Massimo Bonini'}, 'position': {'id': 10, 'name': 'Center Defensive Midfield'}, 'teammate': False}, {'location': [118.7, 41.3], 'player': {'id': 39825, 'name': 'Stefano Tacconi'}, 'position': {'id': 1, 'name': 'Goalkeeper'}, 'teammate': False}]",07fec348-7269-480f-97f4-dd91a30904ad,,Blocked,,0.048714124,Normal,Open Play,,,,Napoli,227,00:26:08.506,Shot,,Serie A,Ball Receipt*,,,,,,,,,,,,,,,,,,,,1.108398,,,,,,,,,,,,,,07fec348-7269-480f-97f4-dd91a30904ad,2428.0,,,"[100.8, 31.5]",3889182.0,71.0,,,,2.336589,49520707-a96a-4b82-ba52-fcbd896f8a77,Left Foot,,"[98.3, 34.1]",,Ground Pass,,3.6069376,,,Bruno Giordano,True,,,,,Free Kick,2.0,From Free Kick,Diego Armando Maradona,38641.0,Right Attacking Midfield,180.0,Napoli,227.0,['f6b90080-8a7f-423e-a429-63ab9005c680'],7.0,,,,,,,,,,,,,,,,Napoli,227.0,00:26:07.353,Pass,,Serie A,49520707-a96a-4b82-ba52-fcbd896f8a77,Set,Serie A,1986/1987
,,,,,,,,,,,,,,,,,,,0.937476,,,,,,,,,,,,,,e8902015-baa5-46b4-b07a-c6f705e6e168,2480,,,"[109.3, 41.6]",3889182,72,,,,,,,,,,,,,,,,,,,,,,2,From Corner,Moreno Ferrario,39944.0,Left Defensive Midfield,181,Napoli,227,['4007e12f-c0c5-4076-b7d5-d71841db4086'],33,,Left Foot,"[120.0, 40.1, 1.6]",True,"[{'location': [113.0, 35.7], 'player': {'id': 398846, 'name': 'Stefano Pioli'}, 'position': {'id': 7, 'name': 'Right Wing Back'}, 'teammate': False}, {'location': [110.2, 49.7], 'player': {'id': 398844, 'name': 'Antonio Cabrini'}, 'position': {'id': 8, 'name': 'Left Wing Back'}, 'teammate': False}, {'location': [109.0, 47.3], 'player': {'id': 398841, 'name': 'Massimo Bonini'}, 'position': {'id': 10, 'name': 'Center Defensive Midfield'}, 'teammate': False}, {'location': [110.5, 42.0], 'player': {'id': 398843, 'name': 'Nicola Caricola'}, 'position': {'id': 4, 'name': 'Center Back'}, 'teammate': False}, {'location': [113.2, 44.7], 'player': {'id': 39823, 'name': 'Sergio Brio'}, 'position': {'id': 5, 'name': 'Left Center Back'}, 'teammate': False}, {'location': [109.8, 38.3], 'player': {'id': 40028, 'name': 'Luciano Favero'}, 'position': {'id': 3, 'name': 'Right Center Back'}, 'teammate': False}, {'location': [103.4, 41.7], 'player': {'id': 398842, 'name': 'Aldo Serena'}, 'position': {'id': 22, 'name': 'Right Center Forward'}, 'teammate': False}, {'location': [118.2, 41.1], 'player': {'id': 39825, 'name': 'Stefano Tacconi'}, 'position': {'id': 1, 'name': 'Goalkeeper'}, 'teammate': False}, {'location': [114.8, 38.0], 'player': {'id': 39822, 'name': 'Andrea Carnevale'}, 'position': {'id': 20, 'name': 'Left Attacking Midfield'}, 'teammate': True}, {'location': [113.4, 36.8], 'player': {'id': 39954, 'name': 'Francesco Romano'}, 'position': {'id': 8, 'name': 'Left Wing Back'}, 'teammate': True}, {'location': [105.0, 54.8], 'player': {'id': 39846, 'name': 'Fernando De Napoli'}, 'position': {'id': 7, 'name': 'Right Wing Back'}, 'teammate': True}, {'location': [108.8, 49.3], 'player': {'id': 39953, 'name': 'Bruno Giordano'}, 'position': {'id': 23, 'name': 'Center Forward'}, 'teammate': True}, {'location': [108.0, 47.9], 'player': {'id': 39952, 'name': 'Salvatore Bagni'}, 'position': {'id': 9, 'name': 'Right Defensive Midfield'}, 'teammate': True}, {'location': [114.9, 43.3], 'player': {'id': 38641, 'name': 'Diego Armando Maradona'}, 'position': {'id': 18, 'name': 'Right Attacking Midfield'}, 'teammate': True}]",,,Goal,,0.11497708,Volley,Open Play,,,,Napoli,227,00:27:33.059,Shot,,Serie A,Ball Recovery,,,,,,,,,,,,,,,,,,,,,,,,,,,,,,,,,,,,,,,,,,,,,,,,,,,,,,,,,,,,,,,,,,,,,,,,,,,,,,,,,,,,,,,,,,,,,e8902015-baa5-46b4-b07a-c6f705e6e168,Set,Serie A,1986/1987
,,,,,,,,,,,,,,,,,,,0.373602,,,,,,,,,,,,,,868906a6-670b-4022-88cb-2b93331ddcbd,1007,,,"[110.0, 40.0]",3889182,28,,,,,,,,,,,,,,,,,,,,,,1,From Corner,Alessandro Renica,39817.0,Center Back,68,Napoli,227,['f23cdca3-a4fd-4a50-a77a-41d78e5b08bb'],52,,Head,"[120.0, 42.7, 4.7]",,"[{'location': [112.1, 36.4], 'player': {'id': 398841, 'name': 'Massimo Bonini'}, 'position': {'id': 10, 'name': 'Center Defensive Midfield'}, 'teammate': False}, {'location': [112.2, 34.8], 'player': {'id': 39832, 'name': 'Massimo Mauro'}, 'position': {'id': 7, 'name': 'Right Wing Back'}, 'teammate': False}, {'location': [110.8, 37.0], 'player': {'id': 39954, 'name': 'Francesco Romano'}, 'position': {'id': 15, 'name': 'Left Center Midfield'}, 'teammate': True}, {'location': [111.5, 40.0], 'player': {'id': 40028, 'name': 'Luciano Favero'}, 'position': {'id': 3, 'name': 'Right Center Back'}, 'teammate': False}, {'location': [111.4, 44.3], 'player': {'id': 398843, 'name': 'Nicola Caricola'}, 'position': {'id': 4, 'name': 'Center Back'}, 'teammate': False}, {'location': [108.9, 45.1], 'player': {'id': 39823, 'name': 'Sergio Brio'}, 'position': {'id': 5, 'name': 'Left Center Back'}, 'teammate': False}, {'location': [110.8, 47.5], 'player': {'id': 398844, 'name': 'Antonio Cabrini'}, 'position': {'id': 8, 'name': 'Left Wing Back'}, 'teammate': False}, {'location': [104.0, 39.6], 'player': {'id': 398842, 'name': 'Aldo Serena'}, 'position': {'id': 22, 'name': 'Right Center Forward'}, 'teammate': False}, {'location': [116.8, 39.8], 'player': {'id': 39825, 'name': 'Stefano Tacconi'}, 'position': {'id': 1, 'name': 'Goalkeeper'}, 'teammate': False}, {'location': [107.1, 39.1], 'player': {'id': 39953, 'name': 'Bruno Giordano'}, 'position': {'id': 23, 'name': 'Center Forward'}, 'teammate': True}, {'location': [109.6, 48.8], 'player': {'id': 19624, 'name': 'Ciro Ferrara'}, 'position': {'id': 3, 'name': 'Right Center Back'}, 'teammate': True}, {'location': [110.5, 45.3], 'player': {'id': 38641, 'name': 'Diego Armando Maradona'}, 'position': {'id': 19, 'name': 'Center Attacking Midfield'}, 'teammate': True}]",9e3e5888-e3f0-4de2-b192-e62053ac0d0f,,Off T,,0.055818703,Normal,Open Play,,,,Napoli,227,00:28:52.420,Shot,,Serie A,Pass,,,,,,,,,,,,,,,,,,,,2.055686,,,,,,,,,,,,,,9e3e5888-e3f0-4de2-b192-e62053ac0d0f,1005.0,,,"[120.0, 0.1]",3889182.0,28.0,,,,1.8163646,868906a6-670b-4022-88cb-2b93331ddcbd,Right Foot,,"[110.0, 40.0]",,High Pass,True,41.13405,,,Alessandro Renica,True,,,Inswinging,,Corner,1.0,From Corner,Francesco Romano,39954.0,Left Center Midfield,68.0,Napoli,227.0,['e69fde4c-97ff-4b59-a12d-6eb7fb1a032e'],50.0,,,,,,,,,,,,,,,,Napoli,227.0,00:28:50.366,Pass,,Serie A,868906a6-670b-4022-88cb-2b93331ddcbd,Set,Serie A,1986/1987
,,,,,,,,,,,,,,,,,,,0.507219,,,,,,,,,,,,,,e562d078-8f4b-4a9f-be18-cf9526549071,2526,,,"[114.5, 34.5]",3889182,74,,,,,,,,,,,,,,,,,,,,,,2,From Corner,Bruno Giordano,39953.0,Center Forward,185,Napoli,227,['118295f2-d37f-4815-a562-7a9c458917c3'],25,,Right Foot,"[120.0, 37.3, 1.6]",True,"[{'location': [115.4, 51.4], 'player': {'id': 398841, 'name': 'Massimo Bonini'}, 'position': {'id': 10, 'name': 'Center Defensive Midfield'}, 'teammate': False}, {'location': [115.0, 36.6], 'player': {'id': 39954, 'name': 'Francesco Romano'}, 'position': {'id': 8, 'name': 'Left Wing Back'}, 'teammate': True}, {'location': [114.0, 53.0], 'player': {'id': 39952, 'name': 'Salvatore Bagni'}, 'position': {'id': 9, 'name': 'Right Defensive Midfield'}, 'teammate': True}, {'location': [114.8, 46.2], 'player': {'id': 38641, 'name': 'Diego Armando Maradona'}, 'position': {'id': 18, 'name': 'Right Attacking Midfield'}, 'teammate': True}, {'location': [112.8, 44.2], 'player': {'id': 398846, 'name': 'Stefano Pioli'}, 'position': {'id': 7, 'name': 'Right Wing Back'}, 'teammate': False}, {'location': [116.8, 50.6], 'player': {'id': 398844, 'name': 'Antonio Cabrini'}, 'position': {'id': 8, 'name': 'Left Wing Back'}, 'teammate': False}, {'location': [118.3, 48.7], 'player': {'id': 39823, 'name': 'Sergio Brio'}, 'position': {'id': 5, 'name': 'Left Center Back'}, 'teammate': False}, {'location': [115.8, 44.4], 'player': {'id': 398843, 'name': 'Nicola Caricola'}, 'position': {'id': 4, 'name': 'Center Back'}, 'teammate': False}, {'location': [116.0, 41.0], 'player': {'id': 40028, 'name': 'Luciano Favero'}, 'position': {'id': 3, 'name': 'Right Center Back'}, 'teammate': False}, {'location': [118.2, 38.1], 'player': {'id': 39825, 'name': 'Stefano Tacconi'}, 'position': {'id': 1, 'name': 'Goalkeeper'}, 'teammate': False}]",3fb3eb78-6aaf-469e-a328-0d5a70b00372,,Goal,,0.32091036,Half Volley,Open Play,,,,Napoli,227,00:29:25.451,Shot,,Serie A,Ball Receipt*,,,,,,,,,,,,,,,,,,,,1.29854,,,,,,,,,,,,,,3fb3eb78-6aaf-469e-a328-0d5a70b00372,2524.0,,,"[116.2, 49.6]",3889182.0,74.0,,,,-1.682907,e562d078-8f4b-4a9f-be18-cf9526549071,Head,,"[114.5, 34.5]",True,High Pass,,15.195394,,,Bruno Giordano,,,,,,,2.0,From Corner,Alessandro Renica,39817.0,Center Back,185.0,Napoli,227.0,['7c378a32-c723-419f-ad1a-6e84dcba4358'],24.0,,,,,,,,,,,,,,,,Napoli,227.0,00:29:24.213,Pass,,Serie A,e562d078-8f4b-4a9f-be18-cf9526549071,Moving,Serie A,1986/1987
,,,,,,,,,,,,,,,,,,,0.723207,,,,,,,,,,,,,,5e5194a7-96f6-4100-82ae-3a9ab173dad5,1203,,,"[98.9, 42.1]",3889182,35,,,,,,,,,,,,,,,,,,,,,,1,From Corner,Francesco Romano,39954.0,Left Center Midfield,82,Napoli,227,['015cf066-ccec-4585-8b26-2ab6f673fafd'],3,,Right Foot,"[110.4, 45.7]",,"[{'location': [97.0, 46.3], 'player': {'id': 15008, 'name': 'Michael Laudrup'}, 'position': {'id': 24, 'name': 'Left Center Forward'}, 'teammate': False}, {'location': [111.2, 40.5], 'player': {'id': 398843, 'name': 'Nicola Caricola'}, 'position': {'id': 4, 'name': 'Center Back'}, 'teammate': False}, {'location': [110.5, 47.0], 'player': {'id': 39846, 'name': 'Fernando De Napoli'}, 'position': {'id': 8, 'name': 'Left Wing Back'}, 'teammate': True}, {'location': [103.6, 58.3], 'player': {'id': 39944, 'name': 'Moreno Ferrario'}, 'position': {'id': 10, 'name': 'Center Defensive Midfield'}, 'teammate': True}, {'location': [109.2, 50.1], 'player': {'id': 39823, 'name': 'Sergio Brio'}, 'position': {'id': 5, 'name': 'Left Center Back'}, 'teammate': False}, {'location': [112.3, 46.1], 'player': {'id': 398844, 'name': 'Antonio Cabrini'}, 'position': {'id': 8, 'name': 'Left Wing Back'}, 'teammate': False}, {'location': [112.1, 41.5], 'player': {'id': 40028, 'name': 'Luciano Favero'}, 'position': {'id': 3, 'name': 'Right Center Back'}, 'teammate': False}, {'location': [119.3, 41.4], 'player': {'id': 39825, 'name': 'Stefano Tacconi'}, 'position': {'id': 1, 'name': 'Goalkeeper'}, 'teammate': False}, {'location': [105.0, 44.7], 'player': {'id': 38641, 'name': 'Diego Armando Maradona'}, 'position': {'id': 19, 'name': 'Center Attacking Midfield'}, 'teammate': True}, {'location': [111.8, 34.0], 'player': {'id': 39952, 'name': 'Salvatore Bagni'}, 'position': {'id': 13, 'name': 'Right Center Midfield'}, 'teammate': True}, {'location': [106.1, 35.1], 'player': {'id': 39953, 'name': 'Bruno Giordano'}, 'position': {'id': 23, 'name': 'Center Forward'}, 'teammate': True}, {'location': [106.3, 39.9], 'player': {'id': 39832, 'name': 'Massimo Mauro'}, 'position': {'id': 7, 'name': 'Right Wing Back'}, 'teammate': False}, {'location': [103.1, 46.5], 'player': {'id': 398845, 'name': 'Lionello Manfredonia'}, 'position': {'id': 15, 'name': 'Left Center Midfield'}, 'teammate': False}, {'location': [100.5, 41.7], 'player': {'id': 398840, 'name': 'Michel Platini'}, 'position': {'id': 13, 'name': 'Right Center Midfield'}, 'teammate': False}, {'location': [105.6, 60.2], 'player': {'id': 398841, 'name': 'Massimo Bonini'}, 'position': {'id': 10, 'name': 'Center Defensive Midfield'}, 'teammate': False}]",,,Wayward,,0.040250346,Half Volley,Open Play,,,,Napoli,227,00:35:03.580,Shot,,Serie A,Ball Recovery,,,,,,,,,,,,,,,,,,,,,,,,,,,,,,,,,,,,,,,,,,,,,,,,,,,,,,,,,,,,,,,,,,,,,,,,,,,,,,,,,,,,,,,,,,,,,5e5194a7-96f6-4100-82ae-3a9ab173dad5,Set,Serie A,1986/1987
,,,,,,,,,,,,,,,,,,,1.192999,,,,,,,,,,,,,,cd23d45a-06e1-4777-8783-9f2d4b8d2e22,1208,,,"[97.7, 24.8]",3889182,35,,True,,,,,,,,,,,,,,,,,,,,1,From Corner,Luciano Sola,398849.0,Right Wing Back,82,Napoli,227,['dd040c06-7955-41a6-a83f-61b2c904c9f3'],11,,Left Foot,"[120.0, 41.3]",,"[{'location': [105.9, 47.5], 'player': {'id': 39954, 'name': 'Francesco Romano'}, 'position': {'id': 15, 'name': 'Left Center Midfield'}, 'teammate': True}, {'location': [107.3, 48.6], 'player': {'id': 398845, 'name': 'Lionello Manfredonia'}, 'position': {'id': 15, 'name': 'Left Center Midfield'}, 'teammate': False}, {'location': [107.6, 46.1], 'player': {'id': 39832, 'name': 'Massimo Mauro'}, 'position': {'id': 7, 'name': 'Right Wing Back'}, 'teammate': False}, {'location': [105.4, 23.3], 'player': {'id': 398842, 'name': 'Aldo Serena'}, 'position': {'id': 22, 'name': 'Right Center Forward'}, 'teammate': False}, {'location': [117.4, 38.8], 'player': {'id': 39825, 'name': 'Stefano Tacconi'}, 'position': {'id': 1, 'name': 'Goalkeeper'}, 'teammate': False}, {'location': [104.1, 43.1], 'player': {'id': 398844, 'name': 'Antonio Cabrini'}, 'position': {'id': 8, 'name': 'Left Wing Back'}, 'teammate': False}, {'location': [107.6, 34.9], 'player': {'id': 39823, 'name': 'Sergio Brio'}, 'position': {'id': 5, 'name': 'Left Center Back'}, 'teammate': False}, {'location': [103.3, 28.8], 'player': {'id': 398843, 'name': 'Nicola Caricola'}, 'position': {'id': 4, 'name': 'Center Back'}, 'teammate': False}, {'location': [98.2, 29.1], 'player': {'id': 398841, 'name': 'Massimo Bonini'}, 'position': {'id': 10, 'name': 'Center Defensive Midfield'}, 'teammate': False}, {'location': [109.9, 42.4], 'player': {'id': 40028, 'name': 'Luciano Favero'}, 'position': {'id': 3, 'name': 'Right Center Back'}, 'teammate': False}, {'location': [93.4, 48.4], 'player': {'id': 39952, 'name': 'Salvatore Bagni'}, 'position': {'id': 13, 'name': 'Right Center Midfield'}, 'teammate': True}, {'location': [97.3, 38.2], 'player': {'id': 39953, 'name': 'Bruno Giordano'}, 'position': {'id': 23, 'name': 'Center Forward'}, 'teammate': True}, {'location': [102.3, 43.5], 'player': {'id': 38641, 'name': 'Diego Armando Maradona'}, 'position': {'id': 19, 'name': 'Center Attacking Midfield'}, 'teammate': True}, {'location': [103.0, 18.4], 'player': {'id': 39846, 'name': 'Fernando De Napoli'}, 'position': {'id': 8, 'name': 'Left Wing Back'}, 'teammate': True}]",,,Wayward,,0.025816325,Normal,Open Play,,,,Napoli,227,00:35:11.260,Shot,,Serie A,Ball Recovery,,,,,,,,,,,,,,,,,,,,,,,,,,,,,,,,,,,,,,,,,,,,,,,,,,,,,,,,,,,,,,,,,,,,,,,,,,,,,,,,,,,,,,,,,,,,,cd23d45a-06e1-4777-8783-9f2d4b8d2e22,Set,Serie A,1986/1987
,,,,,,,,,,,,,,,,,,,0.731612,,,,,,,,,,,,,,f987542a-ad5a-40ec-be2a-da14c531bbbb,2872,,,"[103.6, 20.9]",3889182,86,,,,,,,,,,,,,,,,,,,,,,2,From Throw In,Ivano Bonetti,38681.0,Center Defensive Midfield,215,Juventus,224,['ed11be96-86b9-48d6-81ae-53ce4d5c4711'],45,,Left Foot,"[120.0, 35.2, 1.8]",,"[{'location': [97.4, 46.0], 'player': {'id': 39822, 'name': 'Andrea Carnevale'}, 'position': {'id': 20, 'name': 'Left Attacking Midfield'}, 'teammate': False}, {'location': [113.1, 41.8], 'player': {'id': 39944, 'name': 'Moreno Ferrario'}, 'position': {'id': 11, 'name': 'Left Defensive Midfield'}, 'teammate': False}, {'location': [110.2, 28.6], 'player': {'id': 39952, 'name': 'Salvatore Bagni'}, 'position': {'id': 9, 'name': 'Right Defensive Midfield'}, 'teammate': False}, {'location': [105.6, 23.0], 'player': {'id': 39846, 'name': 'Fernando De Napoli'}, 'position': {'id': 7, 'name': 'Right Wing Back'}, 'teammate': False}, {'location': [101.4, 50.4], 'player': {'id': 39946, 'name': 'Giuseppe Volpecina'}, 'position': {'id': 8, 'name': 'Left Wing Back'}, 'teammate': False}, {'location': [111.6, 43.6], 'player': {'id': 39947, 'name': 'Giuseppe Bruscolotti'}, 'position': {'id': 5, 'name': 'Left Center Back'}, 'teammate': False}, {'location': [99.7, 33.7], 'player': {'id': 19624, 'name': 'Ciro Ferrara'}, 'position': {'id': 3, 'name': 'Right Center Back'}, 'teammate': False}, {'location': [111.1, 38.1], 'player': {'id': 39817, 'name': 'Alessandro Renica'}, 'position': {'id': 4, 'name': 'Center Back'}, 'teammate': False}, {'location': [118.3, 36.0], 'player': {'id': 39943, 'name': 'Claudio Garella'}, 'position': {'id': 1, 'name': 'Goalkeeper'}, 'teammate': False}, {'location': [108.6, 44.4], 'player': {'id': 398840, 'name': 'Michel Platini'}, 'position': {'id': 13, 'name': 'Right Center Midfield'}, 'teammate': True}, {'location': [99.8, 49.0], 'player': {'id': 398846, 'name': 'Stefano Pioli'}, 'position': {'id': 7, 'name': 'Right Wing Back'}, 'teammate': True}, {'location': [107.4, 45.9], 'player': {'id': 398843, 'name': 'Nicola Caricola'}, 'position': {'id': 4, 'name': 'Center Back'}, 'teammate': True}, {'location': [107.4, 39.3], 'player': {'id': 398842, 'name': 'Aldo Serena'}, 'position': {'id': 22, 'name': 'Right Center Forward'}, 'teammate': True}, {'location': [93.2, 29.8], 'player': {'id': 15008, 'name': 'Michael Laudrup'}, 'position': {'id': 24, 'name': 'Left Center Forward'}, 'teammate': True}]",9242e8e1-563c-411d-a4e8-35350a46e821,,Off T,,0.00877901,Normal,Open Play,,,,Juventus,224,00:41:45.233,Shot,,Serie A,Dribble,,,,,,,,,,,,,,,,,,,,2.220712,,,,,,,,,,,,,,9242e8e1-563c-411d-a4e8-35350a46e821,2866.0,,,"[63.6, 36.6]",3889182.0,86.0,,,,-0.9064649,f987542a-ad5a-40ec-be2a-da14c531bbbb,Left Foot,,"[78.4, 17.7]",,Ground Pass,,24.005207,,,Ivano Bonetti,True,,,,,,2.0,From Throw In,Nicola Caricola,398843.0,Center Back,215.0,Juventus,224.0,['cd33271c-99b2-4ab6-9985-67dca75c849e'],37.0,,,,,,,,,,,,,,,,Juventus,224.0,00:41:37.459,Pass,,Serie A,f987542a-ad5a-40ec-be2a-da14c531bbbb,Set,Serie A,1986/1987
,,,,,,,,,,,,,,,,,,,0.989203,,,,,,,,,,,,,,795cf176-af0b-4678-8874-229b308caffe,2922,,,"[100.9, 51.1]",3889182,88,,,,,,,,,,,,,,,,,,,,,,2,From Counter,Alessandro Renica,39817.0,Center Back,220,Napoli,227,['9d47ff5b-d258-4cf7-a710-7d8e8a08ad8d'],20,,Right Foot,"[120.0, 33.8, 0.4]",True,"[{'location': [114.6, 43.0], 'player': {'id': 39825, 'name': 'Stefano Tacconi'}, 'position': {'id': 1, 'name': 'Goalkeeper'}, 'teammate': False}, {'location': [94.5, 34.5], 'player': {'id': 39822, 'name': 'Andrea Carnevale'}, 'position': {'id': 20, 'name': 'Left Attacking Midfield'}, 'teammate': True}, {'location': [95.1, 49.4], 'player': {'id': 39952, 'name': 'Salvatore Bagni'}, 'position': {'id': 9, 'name': 'Right Defensive Midfield'}, 'teammate': True}, {'location': [88.6, 40.9], 'player': {'id': 39823, 'name': 'Sergio Brio'}, 'position': {'id': 5, 'name': 'Left Center Back'}, 'teammate': False}, {'location': [96.7, 39.5], 'player': {'id': 398843, 'name': 'Nicola Caricola'}, 'position': {'id': 4, 'name': 'Center Back'}, 'teammate': False}, {'location': [101.5, 49.2], 'player': {'id': 40028, 'name': 'Luciano Favero'}, 'position': {'id': 3, 'name': 'Right Center Back'}, 'teammate': False}]",b216597b-566a-4ba7-95f9-5e21b75c583a,,Off T,,0.077333406,Normal,Open Play,,,,Napoli,227,00:43:20.997,Shot,,Serie A,Ball Receipt*,,,,,,,,,,,,,,,,,,,,2.958117,,,,,,,,,,,,,,b216597b-566a-4ba7-95f9-5e21b75c583a,2920.0,,,"[74.4, 37.4]",3889182.0,88.0,,,,0.47714004,795cf176-af0b-4678-8874-229b308caffe,Left Foot,,"[100.9, 51.1]",,Ground Pass,,29.831861,,,Alessandro Renica,True,,,,,,2.0,From Counter,Diego Armando Maradona,38641.0,Right Attacking Midfield,220.0,Napoli,227.0,['4cef862d-1f6f-446b-b994-6b9a421a66b4'],18.0,,,,,,,,,,,,,,,,Napoli,227.0,00:43:18.013,Pass,,Serie A,795cf176-af0b-4678-8874-229b308caffe,Set,Serie A,1986/1987
,,,,,,,,,,,,,,,,,,,1.224348,,,,,,,,,,,,,,7fbb57d9-cb8b-4f21-a17c-7d4b497146e7,2990,,,"[103.6, 50.9]",3889182,90,,,,,,,,,,,,,,,,,,,,,,2,From Counter,Giuseppe Volpecina,39946.0,Left Wing Back,225,Napoli,227,['f7741ebf-53e1-4b57-9a01-9e4f17677823'],19,,Left Foot,"[120.0, 36.6, 1.8]",True,"[{'location': [101.9, 47.0], 'player': {'id': 39822, 'name': 'Andrea Carnevale'}, 'position': {'id': 20, 'name': 'Left Attacking Midfield'}, 'teammate': True}, {'location': [118.3, 40.9], 'player': {'id': 39825, 'name': 'Stefano Tacconi'}, 'position': {'id': 1, 'name': 'Goalkeeper'}, 'teammate': False}, {'location': [88.2, 39.3], 'player': {'id': 38681, 'name': 'Ivano Bonetti'}, 'position': {'id': 10, 'name': 'Center Defensive Midfield'}, 'teammate': False}, {'location': [97.1, 44.2], 'player': {'id': 40028, 'name': 'Luciano Favero'}, 'position': {'id': 3, 'name': 'Right Center Back'}, 'teammate': False}, {'location': [101.3, 40.3], 'player': {'id': 39823, 'name': 'Sergio Brio'}, 'position': {'id': 5, 'name': 'Left Center Back'}, 'teammate': False}, {'location': [102.9, 46.9], 'player': {'id': 398843, 'name': 'Nicola Caricola'}, 'position': {'id': 4, 'name': 'Center Back'}, 'teammate': False}]",abbd5fc2-4e58-4ff1-afe6-b52b2ecfcea5,,Goal,,0.09943679,Normal,Open Play,,,,Napoli,227,00:45:19.580,Shot,,Serie A,Ball Receipt*,,,,,,,,,,,,,,,,,,,,0.92793,,,,,,,,,,,,,,abbd5fc2-4e58-4ff1-afe6-b52b2ecfcea5,2988.0,,,"[100.1, 43.7]",3889182.0,90.0,,,,1.1183214,7fbb57d9-cb8b-4f21-a17c-7d4b497146e7,Right Foot,,"[103.6, 50.9]",True,Ground Pass,,8.005623,,,Giuseppe Volpecina,,,,,,,2.0,From Counter,Andrea Carnevale,39822.0,Left Attacking Midfield,225.0,Napoli,227.0,['8af14116-22fa-460f-82ab-45e38b62a500'],18.0,,,,,,,,,,,,,,,,Napoli,227.0,00:45:18.652,Pass,,Serie A,7fbb57d9-cb8b-4f21-a17c-7d4b497146e7,Set,Serie A,1986/1987
,,,,,,,,,,,,,,,,,,,1.597575,,,,,,,,,,,,,,30955cc4-ceb2-4ece-b3fe-c96ba4dbffd6,2997,,,"[93.9, 26.3]",3889182,91,,,,,,,,,,,,,,,,,,,,,,2,From Kick Off,Lionello Manfredonia,398845.0,Left Center Midfield,226,Juventus,224,"['33ce2e6e-e173-444e-b610-21ed7de62422', 'a51895a2-7464-48ef-8160-865cb19d52b4']",4,,Right Foot,"[120.0, 43.8, 5.3]",,"[{'location': [107.3, 42.7], 'player': {'id': 39947, 'name': 'Giuseppe Bruscolotti'}, 'position': {'id': 5, 'name': 'Left Center Back'}, 'teammate': False}, {'location': [104.8, 33.7], 'player': {'id': 19624, 'name': 'Ciro Ferrara'}, 'position': {'id': 3, 'name': 'Right Center Back'}, 'teammate': False}, {'location': [103.1, 39.6], 'player': {'id': 39817, 'name': 'Alessandro Renica'}, 'position': {'id': 4, 'name': 'Center Back'}, 'teammate': False}, {'location': [100.9, 29.4], 'player': {'id': 39846, 'name': 'Fernando De Napoli'}, 'position': {'id': 7, 'name': 'Right Wing Back'}, 'teammate': False}, {'location': [101.1, 20.6], 'player': {'id': 39822, 'name': 'Andrea Carnevale'}, 'position': {'id': 20, 'name': 'Left Attacking Midfield'}, 'teammate': False}, {'location': [95.4, 26.0], 'player': {'id': 39946, 'name': 'Giuseppe Volpecina'}, 'position': {'id': 8, 'name': 'Left Wing Back'}, 'teammate': False}, {'location': [91.0, 39.2], 'player': {'id': 39944, 'name': 'Moreno Ferrario'}, 'position': {'id': 11, 'name': 'Left Defensive Midfield'}, 'teammate': False}, {'location': [94.7, 27.8], 'player': {'id': 39952, 'name': 'Salvatore Bagni'}, 'position': {'id': 9, 'name': 'Right Defensive Midfield'}, 'teammate': False}, {'location': [119.0, 38.2], 'player': {'id': 39943, 'name': 'Claudio Garella'}, 'position': {'id': 1, 'name': 'Goalkeeper'}, 'teammate': False}, {'location': [105.0, 45.4], 'player': {'id': 398842, 'name': 'Aldo Serena'}, 'position': {'id': 22, 'name': 'Right Center Forward'}, 'teammate': True}, {'location': [100.4, 39.6], 'player': {'id': 15008, 'name': 'Michael Laudrup'}, 'position': {'id': 24, 'name': 'Left Center Forward'}, 'teammate': True}, {'location': [100.9, 14.6], 'player': {'id': 398844, 'name': 'Antonio Cabrini'}, 'position': {'id': 8, 'name': 'Left Wing Back'}, 'teammate': True}, {'location': [82.4, 44.6], 'player': {'id': 38681, 'name': 'Ivano Bonetti'}, 'position': {'id': 10, 'name': 'Center Defensive Midfield'}, 'teammate': True}]",bc9d24f2-3bfb-4177-9c53-7640df25f5a0,,Off T,,0.023282722,Normal,Open Play,,,,Juventus,224,00:46:04.578,Shot,True,Serie A,Pressure,,,,,,,,,,,,,,,,,,,,2.449939,,,,,,,,,,,,,,bc9d24f2-3bfb-4177-9c53-7640df25f5a0,2992.0,,,"[60.0, 40.0]",3889182.0,90.0,,,,-1.0165938,30955cc4-ceb2-4ece-b3fe-c96ba4dbffd6,Right Foot,,"[80.3, 7.2]",,Ground Pass,,38.573696,,,Lionello Manfredonia,True,,,,,Kick Off,2.0,From Kick Off,Ivano Bonetti,38681.0,Center Defensive Midfield,226.0,Juventus,224.0,['22063acc-1145-4408-9dde-739522b2fb50'],59.0,,,,,,,,,,,,,,,,Juventus,224.0,00:45:59.791,Pass,,Serie A,30955cc4-ceb2-4ece-b3fe-c96ba4dbffd6,Set,Serie A,1986/1987
